Lambda,Initialization,Seed,Actual k,Raw Score,Connectivity Penalty,Adjusted Score,Within Fraction,Between Fraction,Higher Fraction,Within Sum,Between Sum,Higher Sum,Prediction,Decomposition Error,N Cross Bonds
0.01,1,42,4,0.9985932081167331,0.0,0.9985932081167331,0.997381410569402,0.0024235950945868134,0.00019499433595461253,-1763.5485389410387,-1.8437275895674554,-0.34478482617619055,-1765.7370513567823,4.092726157978177e-12,3
0.01,2,43,4,0.9981733333700721,0.0,0.9981733333700721,0.99654166107608,0.0032633445879086845,0.00019499433595461359,-1762.0637117963515,-3.328554734259077,-0.34478482617619327,-1765.7370513567869,4.547473508864641e-13,3
0.01,3,44,4,0.9981733333700723,0.0,0.9981733333700723,0.9965416610760802,0.003263344587908641,0.00019499433595461334,-1762.0637117963604,-3.3285547342590256,-0.34478482617619455,-1765.7370513567957,9.322320693172514e-12,3
0.01,4,45,4,0.9981733333700723,0.0,0.9981733333700723,0.9965416610760802,0.003263344587908615,0.0001949943359546125,-1762.0637117963527,-3.3285547342589226,-0.34478482617619155,-1765.7370513567878,1.3642420526593924e-12,3
0.01,5,46,4,0.9985932081167331,0.0,0.9985932081167331,0.997381410569402,0.002423595094586777,0.00019499433595460803,-1763.5485389410471,-1.8437275895673644,-0.3447848261761842,-1765.7370513567907,4.320099833421409e-12,3
0.01,6,47,4,0.9985932081167331,0.0,0.9985932081167331,0.997381410569402,0.002423595094586755,0.00019499433595460906,-1763.5485389410435,-1.8437275895673526,-0.34478482617618533,-1765.737051356787,6.821210263296962e-13,3
0.01,7,48,4,0.9982601937581977,0.0,0.9982601937581977,0.997239989567366,0.0020404083815879982,0.0007196020509893247,-1763.2984813413373,-3.0213853626476017,0.5828153472002946,-1765.7370513567846,1.8189894035458565e-12,3
0.01,8,49,4,0.9981733333700721,0.0,0.9981733333700721,0.9965416610760801,0.003263344587908655,0.00019499433595461293,-1762.0637117963488,-3.3285547342590167,-0.34478482617619155,-1765.7370513567841,2.2737367544323206e-12,3
0.01,9,50,4,0.9982131233475634,0.0,0.9982131233475634,0.997010091017286,0.0024060646604791695,0.0005838443221782505,-1764.1874385869091,-1.8931428108579136,0.3435300409779072,-1765.7370513567892,2.7284841053187847e-12,3
0.01,10,51,4,0.9981733333700723,0.0,0.9981733333700723,0.9965416610760802,0.003263344587908648,0.00019499433595461207,-1762.06371179636,-3.328554734258982,-0.3447848261761922,-1765.737051356795,8.640199666842818e-12,3
0.01,11,52,4,0.9981733333700723,0.0,0.9981733333700723,0.9965416610760802,0.003263344587908609,0.00019499433595460984,-1762.0637117963497,-3.3285547342589714,-0.3447848261761863,-1765.7370513567848,1.5916157281026244e-12,3
0.01,12,53,4,0.9984389673854199,0.0,0.9984389673854199,0.9972905514299681,0.002296831910828079,0.00041261665914710396,-1761.0307362684484,-4.055780519740011,-0.6505345685899806,-1765.7370513567785,7.958078640513122e-12,3
0.01,13,54,4,0.9985932081167331,0.0,0.9985932081167331,0.997381410569402,0.002423595094586759,0.00019499433595461115,-1763.5485389410462,-1.8437275895673642,-0.34478482617618955,-1765.7370513567898,3.410605131648481e-12,3
0.01,14,55,4,0.99843896738542,0.0,0.99843896738542,0.9972905514299683,0.0022968319108280285,0.0004126166591470696,-1761.030736268458,-4.055780519739944,-0.6505345685899213,-1765.7370513567878,1.3642420526593924e-12,3
0.01,15,56,4,0.9974593859287807,0.0,0.9974593859287807,0.9959032627216431,0.0031122464142001446,0.0009844908641003468,-1765.0756561679975,1.0053836897635384,-1.6667788785506101,-1765.7370513567846,1.8189894035458565e-12,3
0.01,16,57,4,0.9981733333700723,0.0,0.9981733333700723,0.9965416610760802,0.0032633445879086433,0.00019499433595461364,-1762.063711796351,-3.328554734258988,-0.34478482617619327,-1765.7370513567862,2.2737367544323206e-13,3
0.01,17,58,4,0.9978398308484676,0.0,0.9978398308484676,0.9966048867365314,0.0024698882237971357,0.0009252250396150695,-1766.6949308440255,0.7428380531419587,0.21504143409657872,-1765.737051356787,6.821210263296962e-13,3
0.01,18,59,4,0.9976017091306376,0.0,0.9976017091306376,0.9952034182612562,0.004796581738687428,0.0,-1769.705934326091,3.968882969299025,0.0,-1765.7370513567919,5.4569682106375694e-12,3
0.01,19,60,4,0.9985932081167331,0.0,0.9985932081167331,0.997381410569402,0.0024235950945867397,0.0001949943359546084,-1763.548538941046,-1.843727589567332,-0.34478482617618467,-1765.7370513567896,3.183231456205249e-12,3
0.01,20,61,4,0.9984106638521631,0.0,0.9984106638521631,0.9970161788541391,0.0027889699959726738,0.0001948511498316964,-1764.1982108803963,-1.1940556502224646,-0.34478482617618333,-1765.737051356795,8.640199666842818e-12,3
0.01,21,62,4,0.998701029423529,0.10526315789473684,0.9976483978445816,0.9980866596044585,0.0012287396380656144,0.0006846007574193492,-1766.0924030354925,1.1303520228571464,-0.7750003441536453,-1765.737051356789,2.5011104298755527e-12,4
0.01,22,63,4,0.9976295276149432,0.0,0.9976295276149432,0.9966726516963572,0.0019137518370965479,0.0014135964664896362,-1764.8514045931938,-3.3887632132717744,2.5031164496848897,-1765.7370513567807,5.6843418860808015e-12,3
0.01,23,64,4,0.9976295276149432,0.0,0.9976295276149432,0.9966726516963572,0.0019137518370965488,0.0014135964664896232,-1764.8514045932088,-3.3887632132718046,2.503116449684888,-1765.7370513567957,9.322320693172514e-12,3
0.01,24,65,4,0.998062656952115,0.0,0.998062656952115,0.9967044608763349,0.0027163921514846063,0.0005791469721237337,-1759.9179958220411,-4.796434267891435,-1.0226212668600343,-1765.7370513567928,6.366462912410498e-12,3
0.01,25,66,4,0.9988478505780566,0.10526315789473684,0.9977952189991092,0.9978906448668551,0.001914411422327676,0.00019494371076070788,-1764.9071682830354,-0.4850982475779795,-0.34478482617619327,-1765.7370513567896,3.183231456205249e-12,4
0.01,26,67,4,0.9984389673854199,0.0,0.9984389673854199,0.9972905514299681,0.002296831910828032,0.0004126166591470878,-1761.0307362684634,-4.0557805197399635,-0.6505345685899476,-1765.7370513567935,7.048583938740194e-12,3
0.01,27,68,4,0.9985932081167331,0.0,0.9985932081167331,0.997381410569402,0.0024235950945867605,0.00019499433595461264,-1763.548538941042,-1.8437275895673484,-0.34478482617619133,-1765.7370513567855,9.094947017729282e-13,3
0.01,28,69,4,0.9971842089625977,0.0,0.9971842089625977,0.9943684179251768,0.005631582074766958,0.0,-1768.2211071813906,2.4840558246074096,0.0,-1765.7370513567832,3.183231456205249e-12,3
0.01,29,70,4,0.9984389673854199,0.0,0.9984389673854199,0.9972905514299681,0.0022968319108280194,0.0004126166591470974,-1761.030736268461,-4.055780519739935,-0.6505345685899728,-1765.737051356791,4.547473508864641e-12,3
0.01,30,71,4,0.9984389673854199,0.0,0.9984389673854199,0.9972905514299681,0.0022968319108280164,0.00041261665914709615,-1761.0307362684584,-4.055780519739924,-0.650534568589915,-1765.7370513567882,1.8189894035458565e-12,3
0.01,31,72,4,0.9968614694786521,0.0,0.9968614694786521,0.9950098398445693,0.0037032592680900033,0.0012869008872840653,-1756.9257406782317,-6.538982100447282,-2.272328578101519,-1765.7370513567805,5.9117155615240335e-12,3
0.01,32,73,4,0.9976295276149433,0.0,0.9976295276149433,0.9966726516963573,0.0019137518370965256,0.0014135964664896295,-1764.8514045932027,-3.3887632132717513,2.5031164496848897,-1765.7370513567894,2.9558577807620168e-12,3
0.01,33,74,4,0.9985932081167332,0.0,0.9985932081167332,0.9973814105694021,0.002423595094586728,0.00019499433595460898,-1763.5485389410433,-1.8437275895673408,-0.3447848261761851,-1765.7370513567869,4.547473508864641e-13,3
0.01,34,75,4,0.9979750360857551,0.0,0.9979750360857551,0.996129365852331,0.003691340466773118,0.00017929368083947057,-1765.0652972939238,-0.354059328708465,-0.31769473416041794,-1765.7370513567926,6.139089236967266e-12,3
0.01,35,76,4,0.9980142793272911,0.0,0.9980142793272911,0.9965886834442208,0.0028511917660655863,0.0005601247896571116,-1767.2256849274868,2.481888793728534,-0.9932552230331004,-1765.7370513567914,5.002220859751105e-12,3
0.01,36,77,4,0.9982601937581977,0.0,0.9982601937581977,0.997239989567366,0.0020404083815880364,0.0007196020509893328,-1763.2984813413318,-3.021385362647657,0.5828153472003087,-1765.7370513567791,7.275957614183426e-12,3
0.01,37,78,4,0.9972705781165582,0.0,0.9972705781165582,0.9950627970579478,0.0044155621171458785,0.0005216408248501384,-1769.455876726382,2.79122519621873,0.9276001733765173,-1765.7370513567869,4.547473508864641e-13,3
0.01,38,79,4,0.9982601937581977,0.0,0.9982601937581977,0.997239989567366,0.002040408381588057,0.0007196020509893396,-1763.2984813413418,-3.021385362647719,0.5828153472003232,-1765.7370513567892,2.7284841053187847e-12,3
0.01,39,80,4,0.9979750360857551,0.0,0.9979750360857551,0.996129365852331,0.0036913404667730837,0.00017929368083946577,-1765.0652972939204,-0.3540593287083884,-0.31769473416040883,-1765.7370513567892,2.7284841053187847e-12,3
0.01,40,81,4,0.9972639195010494,0.0,0.9972639195010494,0.9949726895901331,0.004582459821757738,0.00044485058805290417,-1766.186933656852,1.2395414578208204,-0.7896591577526229,-1765.7370513567837,2.7284841053187847e-12,3
0.01,41,82,4,0.9979910974233658,0.0,0.9979910974233658,0.9961770459965444,0.0036281028535672818,0.0001948511498317102,-1762.7133837356992,-2.678882794914104,-0.34478482617620665,-1765.7370513567896,3.183231456205249e-12,3
0.01,42,83,4,0.9985932081167331,0.0,0.9985932081167331,0.997381410569402,0.0024235950945867514,0.0001949943359546132,-1763.5485389410526,-1.8437275895673442,-0.34478482617619444,-1765.7370513567962,9.777068044058979e-12,3
0.01,43,84,4,0.9985932081167331,0.0,0.9985932081167331,0.997381410569402,0.0024235950945867605,0.0001949943359546132,-1763.5485389410394,-1.8437275895673502,-0.3447848261761919,-1765.737051356783,3.410605131648481e-12,3
0.01,44,85,4,0.9981733333700723,0.0,0.9981733333700723,0.9965416610760802,0.0032633445879086454,0.00019499433595461253,-1762.0637117963615,-3.3285547342590514,-0.3447848261761933,-1765.7370513567969,1.0459189070388675e-11,3
0.01,45,86,4,0.9984389673854199,0.0,0.9984389673854199,0.9972905514299681,0.0022968319108280324,0.00041261665914709854,-1761.030736268459,-4.055780519739954,-0.6505345685899734,-1765.737051356789,2.5011104298755527e-12,3
0.01,46,87,4,0.9982601937581977,0.0,0.9982601937581977,0.997239989567366,0.002040408381588031,0.0007196020509893362,-1763.2984813413568,-3.0213853626476976,0.5828153472003176,-1765.7370513568042,1.77351466845721e-11,3
0.01,47,88,4,0.9982601937581977,0.0,0.9982601937581977,0.997239989567366,0.0020404083815879904,0.0007196020509893003,-1763.298481341354,-3.021385362647604,0.5828153472003805,-1765.7370513568012,1.4779288903810084e-11,3
0.01,48,89,4,0.9982601937581977,0.0,0.9982601937581977,0.997239989567366,0.002040408381588023,0.0007196020509893211,-1763.2984813413361,-3.021385362647646,0.5828153472003568,-1765.7370513567835,2.9558577807620168e-12,3
0.01,49,90,4,0.9979910974233658,0.0,0.9979910974233658,0.9961770459965444,0.0036281028535672813,0.00019485114983170624,-1762.7133837356976,-2.678882794914082,-0.3447848261761993,-1765.7370513567878,1.3642420526593924e-12,3
0.01,50,91,4,0.9982131233475634,0.0,0.9982131233475634,0.997010091017286,0.002406064660479172,0.0005838443221782557,-1764.1874385869055,-1.8931428108579196,0.3435300409779082,-1765.7370513567855,9.094947017729282e-13,3
0.01,51,92,4,0.9984389673854199,0.0,0.9984389673854199,0.9972905514299681,0.002296831910828008,0.0004126166591470936,-1761.030736268455,-4.055780519739902,-0.6505345685899298,-1765.7370513567848,1.5916157281026244e-12,3
0.01,52,93,4,0.9985932081167331,0.0,0.9985932081167331,0.997381410569402,0.0024235950945867605,0.00019499433595461174,-1763.5485389410499,-1.8437275895673315,-0.34478482617619133,-1765.7370513567935,7.048583938740194e-12,3
0.01,53,94,4,0.9981733333700723,0.0,0.9981733333700723,0.9965416610760802,0.0032633445879086324,0.0001949943359546134,-1762.0637117963538,-3.3285547342590567,-0.3447848261761933,-1765.7370513567892,2.7284841053187847e-12,3
0.01,54,95,4,0.9981733333700723,0.0,0.9981733333700723,0.9965416610760802,0.0032633445879085778,0.0001949943359546119,-1762.063711796365,-3.3285547342589465,-0.3447848261761929,-1765.7370513568,1.3642420526593924e-11,3
0.01,55,96,4,0.9985932081167331,0.0,0.9985932081167331,0.997381410569402,0.002423595094586801,0.0001949943359546132,-1763.5485389410467,-1.8437275895674452,-0.34478482617619327,-1765.7370513567903,3.865352482534945e-12,3
0.01,56,97,4,0.9984106638521631,0.0,0.9984106638521631,0.9970161788541391,0.00278896999597272,0.00019485114983170768,-1764.1982108803852,-1.1940556502225235,-0.3447848261762011,-1765.737051356784,2.5011104298755527e-12,3
0.01,57,98,4,0.9985932081167331,0.0,0.9985932081167331,0.997381410569402,0.002423595094586798,0.00019499433595461394,-1763.5485389410464,-1.8437275895674472,-0.34478482617619455,-1765.73705135679,3.637978807091713e-12,3
0.01,58,99,4,0.998062656952115,0.0,0.998062656952115,0.996704460876335,0.002716392151484567,0.0005791469721237367,-1759.9179958220386,-4.796434267891358,-1.0226212668600378,-1765.73705135679,3.637978807091713e-12,3
0.01,59,100,4,0.9972639195010494,0.0,0.9972639195010494,0.9949726895901331,0.004582459821757733,0.00044485058805290455,-1766.1869336568545,1.2395414578208208,-0.7896591577526246,-1765.7370513567862,2.2737367544323206e-13,3
0.01,60,101,4,0.9982601937581977,0.0,0.9982601937581977,0.997239989567366,0.002040408381588029,0.0007196020509893479,-1763.2984813413377,-3.0213853626476332,0.5828153472002764,-1765.737051356785,1.3642420526593924e-12,3
0.01,61,102,4,0.9982601937581977,0.0,0.9982601937581977,0.997239989567366,0.0020404083815880264,0.0007196020509893388,-1763.29848134134,-3.021385362647656,0.5828153472003225,-1765.7370513567873,9.094947017729282e-13,3
0.01,62,103,4,0.9981733333700721,0.0,0.9981733333700721,0.99654166107608,0.003263344587908677,0.0001949943359546212,-1762.0637117963513,-3.328554734259013,-0.3447848261762067,-1765.7370513567867,2.2737367544323206e-13,3
0.01,63,104,4,0.9976017091306376,0.0,0.9976017091306376,0.9952034182612564,0.0047965817386873945,0.0,-1769.7059343260867,3.968882969299072,0.0,-1765.7370513567876,1.1368683772161603e-12,3
0.01,64,105,4,0.9984106638521631,0.0,0.9984106638521631,0.9970161788541391,0.002788969995972722,0.00019485114983170367,-1764.1982108803966,-1.1940556502224562,-0.3447848261761962,-1765.7370513567953,8.86757334228605e-12,3
0.01,65,106,4,0.9979910974233658,0.0,0.9979910974233658,0.9961770459965444,0.003628102853567314,0.00019485114983170277,-1762.713383735698,-2.6788827949140774,-0.34478482617619327,-1765.7370513567882,1.8189894035458565e-12,3
0.01,66,107,4,0.9982601937581977,0.0,0.9982601937581977,0.997239989567366,0.0020404083815880147,0.000719602050989339,-1763.2984813413452,-3.021385362647631,0.5828153472003252,-1765.7370513567926,6.139089236967266e-12,3
0.01,67,108,4,0.9984389673854199,0.0,0.9984389673854199,0.9972905514299681,0.0022968319108280593,0.0004126166591470785,-1761.0307362684584,-4.05578051974,-0.6505345685899993,-1765.7370513567885,2.0463630789890885e-12,3
0.01,68,109,4,0.9981733333700723,0.0,0.9981733333700723,0.9965416610760802,0.0032633445879086693,0.00019499433595461597,-1762.0637117963531,-3.3285547342590167,-0.34478482617619777,-1765.7370513567885,2.0463630789890885e-12,3
0.01,69,110,4,0.9985932081167332,0.0,0.9985932081167332,0.9973814105694021,0.002423595094586725,0.0001949943359546118,-1763.5485389410533,-1.843727589567328,-0.34478482617619205,-1765.7370513567969,1.0459189070388675e-11,3
0.01,70,111,4,0.998062656952115,0.0,0.998062656952115,0.996704460876335,0.002716392151484619,0.0005791469721237303,-1759.9179958220345,-4.7964342678914385,-1.022621266860024,-1765.737051356786,4.547473508864641e-13,3
0.01,71,112,4,0.9981733333700723,0.0,0.9981733333700723,0.9965416610760802,0.0032633445879086693,0.00019499433595461058,-1762.06371179635,-3.3285547342590407,-0.3447848261761876,-1765.7370513567853,1.1368683772161603e-12,3
0.01,72,113,4,0.9984106638521631,0.0,0.9984106638521631,0.9970161788541391,0.002788969995972663,0.00019485114983170098,-1764.1982108803936,-1.19405565022246,-0.3447848261761909,-1765.7370513567923,5.9117155615240335e-12,3
0.01,73,114,4,0.9984106638521631,0.0,0.9984106638521631,0.9970161788541391,0.0027889699959726725,0.00019485114983170171,-1764.198210880399,-1.1940556502224438,-0.34478482617619327,-1765.7370513567978,1.1368683772161603e-11,3
0.01,74,115,4,0.9979910974233658,0.0,0.9979910974233658,0.9961770459965444,0.003628102853567277,0.00019485114983170315,-1762.7133837356946,-2.6788827949141174,-0.34478482617619327,-1765.737051356785,1.3642420526593924e-12,3
0.01,75,116,4,0.9982131233475634,0.0,0.9982131233475634,0.997010091017286,0.0024060646604791417,0.0005838443221782552,-1764.1874385869155,-1.8931428108579065,0.3435300409778957,-1765.7370513567955,9.094947017729282e-12,3
0.01,76,117,4,0.9984389673854199,0.0,0.9984389673854199,0.9972905514299681,0.0022968319108280307,0.0004126166591470905,-1761.030736268456,-4.055780519739944,-0.6505345685899571,-1765.737051356786,4.547473508864641e-13,3
0.01,77,118,4,0.9982601937581977,0.0,0.9982601937581977,0.997239989567366,0.0020404083815879774,0.0007196020509893399,-1763.2984813413466,-3.02138536264761,0.5828153472003272,-1765.737051356794,7.503331289626658e-12,3
0.01,78,119,4,0.998062656952115,0.0,0.998062656952115,0.996704460876335,0.002716392151484578,0.000579146972123733,-1759.9179958220518,-4.796434267891414,-1.022621266860039,-1765.7370513568032,1.6825651982799172e-11,3
0.01,79,120,4,0.99843896738542,0.0,0.99843896738542,0.9972905514299683,0.002296831910828081,0.00041261665914706395,-1761.0307362684616,-4.055780519740045,-0.6505345685899897,-1765.7370513567917,5.229594535194337e-12,3
0.01,80,121,4,0.9982601937581977,0.0,0.9982601937581977,0.997239989567366,0.002040408381588051,0.0007196020509893209,-1763.2984813413436,-3.021385362647706,0.5828153472002819,-1765.737051356791,4.547473508864641e-12,3
0.01,81,122,4,0.9973461885081916,0.0,0.9973461885081916,0.9963686707068622,0.0019550356025835654,0.0016762936904977717,-1768.3520446063744,0.583841223494767,2.0311520260926663,-1765.7370513567869,4.547473508864641e-13,3
0.01,82,123,4,0.9981733333700721,0.0,0.9981733333700721,0.9965416610760801,0.0032633445879086745,0.0001949943359546269,-1762.0637117963486,-3.328554734259047,-0.3447848261762162,-1765.737051356784,2.5011104298755527e-12,3
0.01,83,124,4,0.9973461885081916,0.0,0.9973461885081916,0.9963686707068622,0.0019550356025835967,0.0016762936904977735,-1768.3520446063776,0.5838412234946979,2.031152026092681,-1765.73705135679,3.637978807091713e-12,3
0.01,84,125,4,0.9985932081167331,0.0,0.9985932081167331,0.997381410569402,0.0024235950945867904,0.00019499433595461012,-1763.5485389410426,-1.8437275895674317,-0.344784826176187,-1765.7370513567862,2.2737367544323206e-13,3
0.01,85,126,4,0.9981733333700723,0.0,0.9981733333700723,0.9965416610760802,0.0032633445879086606,0.00019499433595461386,-1762.0637117963493,-3.328554734258995,-0.34478482617619327,-1765.7370513567844,2.0463630789890885e-12,3
0.01,86,127,4,0.9980142793272911,0.0,0.9980142793272911,0.9965886834442208,0.0028511917660656123,0.0005601247896571237,-1767.225684927486,2.4818887937285687,-0.9932552230331216,-1765.7370513567907,4.320099833421409e-12,3
0.01,87,128,4,0.9982601937581977,0.0,0.9982601937581977,0.997239989567366,0.0020404083815880217,0.0007196020509893385,-1763.2984813413402,-3.0213853626476124,0.5828153472003218,-1765.7370513567876,1.1368683772161603e-12,3
0.01,88,129,4,0.9982131233475634,0.0,0.9982131233475634,0.997010091017286,0.0024060646604791387,0.0005838443221782454,-1764.1874385869094,-1.8931428108578594,0.34353004097789835,-1765.7370513567894,2.9558577807620168e-12,3
0.01,89,130,4,0.9972705781165582,0.0,0.9972705781165582,0.9950627970579476,0.0044155621171458985,0.0005216408248501354,-1769.4558767263852,2.7912251962187486,0.927600173376514,-1765.73705135679,3.637978807091713e-12,3
0.01,90,131,4,0.9981733333700723,0.0,0.9981733333700723,0.9965416610760802,0.003263344587908651,0.00019499433595461486,-1762.0637117963506,-3.3285547342590247,-0.3447848261761953,-1765.737051356786,4.547473508864641e-13,3
0.01,91,132,4,0.9982601937581977,0.0,0.9982601937581977,0.997239989567366,0.0020404083815880165,0.0007196020509893398,-1763.29848134134,-3.021385362647637,0.5828153472003191,-1765.7370513567873,9.094947017729282e-13,3
0.01,92,133,4,0.998062656952115,0.0,0.998062656952115,0.996704460876335,0.0027163921514845937,0.0005791469721237399,-1759.9179958220316,-4.796434267891386,-1.0226212668600394,-1765.737051356783,3.410605131648481e-12,3
0.01,93,134,4,0.9985932081167331,0.0,0.9985932081167331,0.997381410569402,0.0024235950945867674,0.00019499433595461272,-1763.5485389410494,-1.8437275895673977,-0.34478482617619294,-1765.737051356793,6.59383658785373e-12,3
0.01,94,135,4,0.9984106638521631,0.0,0.9984106638521631,0.9970161788541391,0.0027889699959726855,0.00019485114983170234,-1764.1982108803934,-1.1940556502224813,-0.34478482617619327,-1765.737051356792,5.6843418860808015e-12,3
0.01,95,136,4,0.9976122706827555,0.0,0.9976122706827555,0.9959375076551481,0.003349526055139505,0.0007129662896558257,-1760.995460602285,-5.33613931337105,0.5945485588688637,-1765.737051356787,6.821210263296962e-13,3
0.01,96,137,4,0.9984106638521631,0.0,0.9984106638521631,0.9970161788541392,0.0027889699959726343,0.0001948511498317034,-1764.1982108803888,-1.1940556502224708,-0.3447848261761942,-1765.7370513567876,1.1368683772161603e-12,3
0.01,97,138,4,0.9981733333700723,0.0,0.9981733333700723,0.9965416610760802,0.0032633445879085912,0.00019499433595461708,-1762.0637117963522,-3.3285547342590673,-0.34478482617619954,-1765.7370513567876,1.1368683772161603e-12,3
0.01,98,139,4,0.9985932081167331,0.0,0.9985932081167331,0.997381410569402,0.002423595094586776,0.00019499433595461955,-1763.5485389410521,-1.843727589567409,-0.34478482617620554,-1765.7370513567957,9.322320693172514e-12,3
0.01,99,140,4,0.9982131233475634,0.0,0.9982131233475634,0.997010091017286,0.0024060646604791565,0.0005838443221782201,-1764.1874385869135,-1.8931428108578925,0.343530040977857,-1765.7370513567935,7.048583938740194e-12,3
0.01,100,141,4,0.9984106638521631,0.0,0.9984106638521631,0.9970161788541391,0.0027889699959726777,0.00019485114983170234,-1764.1982108803934,-1.1940556502224737,-0.34478482617619327,-1765.737051356792,5.6843418860808015e-12,3
0.1,1,100042,4,0.9984106638521631,0.0,0.9984106638521631,0.9970161788541391,0.0027889699959726855,0.000194851149831707,-1764.198210880387,-1.194055650222477,-0.34478482617620027,-1765.7370513567857,6.821210263296962e-13,3
0.1,2,100043,4,0.9981733333700723,0.0,0.9981733333700723,0.9965416610760802,0.003263344587908648,0.00019499433595461326,-1762.0637117963504,-3.328554734259005,-0.34478482617619244,-1765.7370513567857,6.821210263296962e-13,3
0.1,3,100044,4,0.9984106638521631,0.0,0.9984106638521631,0.9970161788541391,0.00278896999597268,0.0001948511498317148,-1764.19821088039,-1.1940556502224664,-0.34478482617621464,-1765.7370513567887,2.2737367544323206e-12,3
0.1,4,100045,4,0.9981733333700721,0.0,0.9981733333700721,0.99654166107608,0.0032633445879087022,0.00019499433595461353,-1762.0637117963518,-3.328554734258935,-0.3447848261761932,-1765.7370513567869,4.547473508864641e-13,3
0.1,5,100046,4,0.9970727993364457,0.0,0.9970727993364457,0.9943331495142113,0.005479299644393662,0.0001875508413386734,-1765.7306063809115,0.3266066386226263,-0.3330516145076513,-1765.7370513567964,1.000444171950221e-11,3
0.1,6,100047,4,0.9979910974233658,0.0,0.9979910974233658,0.9961770459965444,0.0036281028535672536,0.000194851149831702,-1762.7133837356962,-2.6788827949140614,-0.34478482617619155,-1765.7370513567864,0.0,3
0.1,7,100048,4,0.9985932081167331,0.0,0.9985932081167331,0.997381410569402,0.002423595094586761,0.00019499433595462535,-1763.5485389410496,-1.8437275895673293,-0.3447848261762153,-1765.7370513567932,6.821210263296962e-12,3
0.1,8,100049,4,0.9976295276149433,0.0,0.9976295276149433,0.9966726516963573,0.0019137518370965362,0.001413596466489632,-1764.851404593197,-3.3887632132717593,2.503116449684886,-1765.7370513567837,2.7284841053187847e-12,3
0.1,9,100050,4,0.9976295276149433,0.0,0.9976295276149433,0.9966726516963573,0.0019137518370965392,0.0014135964664896315,-1764.8514045932009,-3.388763213271772,2.5031164496848906,-1765.7370513567876,1.1368683772161603e-12,3
0.1,10,100051,4,0.9982131233475634,0.0,0.9982131233475634,0.997010091017286,0.002406064660479165,0.0005838443221782643,-1764.187438586906,-1.8931428108579071,0.3435300409779216,-1765.737051356786,4.547473508864641e-13,3
0.1,11,100052,4,0.9976295276149432,0.0,0.9976295276149432,0.9966726516963572,0.0019137518370965394,0.0014135964664896215,-1764.851404593203,-3.388763213271777,2.5031164496848763,-1765.7370513567898,3.410605131648481e-12,3
0.1,12,100053,4,0.9984106638521629,0.0,0.9984106638521629,0.9970161788541388,0.002788969995972801,0.0001948511498316984,-1764.198210880387,-1.194055650222645,-0.3447848261761851,-1765.737051356786,4.547473508864641e-13,3
0.1,13,100054,4,0.9979880813888901,0.0,0.9979880813888901,0.9965228227924421,0.002930517192820265,0.0005466600146809975,-1762.1082010487148,-4.595485565219663,0.9666352571389419,-1765.7370513567955,9.094947017729282e-12,3
0.1,14,100055,4,0.998062656952115,0.0,0.998062656952115,0.9967044608763349,0.002716392151484593,0.0005791469721237403,-1759.9179958220486,-4.796434267891431,-1.0226212668600503,-1765.7370513568003,1.3869794202037156e-11,3
0.1,15,100056,4,0.9985932081167331,0.0,0.9985932081167331,0.997381410569402,0.0024235950945867457,0.0001949943359546013,-1763.5485389410399,-1.8437275895673602,-0.3447848261761709,-1765.7370513567835,2.9558577807620168e-12,3
0.1,16,100057,4,0.998062656952115,0.0,0.998062656952115,0.9967044608763349,0.002716392151484607,0.0005791469721237394,-1759.9179958220402,-4.796434267891434,-1.0226212668600436,-1765.7370513567919,5.4569682106375694e-12,3
0.1,17,100058,4,0.9982131233475634,0.0,0.9982131233475634,0.997010091017286,0.0024060646604791716,0.0005838443221782431,-1764.1874385869035,-1.8931428108579038,0.3435300409779304,-1765.7370513567835,2.9558577807620168e-12,3
0.1,18,100059,4,0.9976295276149432,0.0,0.9976295276149432,0.9966726516963572,0.0019137518370965767,0.001413596466489634,-1764.8514045931965,-3.388763213271831,2.5031164496848897,-1765.7370513567835,2.9558577807620168e-12,3
0.1,19,100060,4,0.9982601937581977,0.0,0.9982601937581977,0.997239989567366,0.0020404083815879805,0.0007196020509893323,-1763.298481341348,-3.0213853626476497,0.582815347200328,-1765.7370513567953,8.86757334228605e-12,3
0.1,20,100061,4,0.9981733333700723,0.0,0.9981733333700723,0.9965416610760802,0.003263344587908657,0.0001949943359546159,-1762.063711796355,-3.328554734259039,-0.344784826176198,-1765.7370513567903,3.865352482534945e-12,3
0.1,21,100062,4,0.9971842089625977,0.0,0.9971842089625977,0.9943684179251768,0.005631582074766953,0.0,-1768.2211071813954,2.4840558246074003,0.0,-1765.737051356788,1.5916157281026244e-12,3
0.1,22,100063,4,0.9979750360857551,0.0,0.9979750360857551,0.996129365852331,0.003691340466773131,0.00017929368083946924,-1765.0652972939222,-0.35405932870841417,-0.31769473416041527,-1765.737051356791,4.547473508864641e-12,3
0.1,23,100064,4,0.9985932081167331,0.0,0.9985932081167331,0.997381410569402,0.002423595094586798,0.0001949943359546117,-1763.548538941046,-1.8437275895672929,-0.34478482617619044,-1765.7370513567896,3.183231456205249e-12,3
0.1,24,100065,4,0.99728192481869,0.0,0.99728192481869,0.9960149703072144,0.002533909022875748,0.0014511206698532666,-1758.7005367775762,-4.47421704645923,-2.562297532749735,-1765.737051356785,1.3642420526593924e-12,3
0.1,25,100066,4,0.9984389673854199,0.0,0.9984389673854199,0.9972905514299681,0.0022968319108280125,0.00041261665914709165,-1761.0307362684564,-4.055780519739913,-0.6505345685899548,-1765.7370513567864,0.0,3
0.1,26,100067,4,0.99728192481869,0.0,0.99728192481869,0.9960149703072144,0.0025339090228757625,0.0014511206698532625,-1758.70053677758,-4.474217046459264,-2.5622975327497333,-1765.737051356789,2.5011104298755527e-12,3
0.1,27,100068,4,0.9984389673854199,0.0,0.9984389673854199,0.9972905514299681,0.002296831910828021,0.0004126166591470803,-1761.0307362684619,-4.05578051973994,-0.6505345685899706,-1765.7370513567919,5.4569682106375694e-12,3
0.1,28,100069,4,0.9984106638521631,0.0,0.9984106638521631,0.9970161788541391,0.002788969995972705,0.00019485114983170987,-1764.1982108803902,-1.1940556502224535,-0.344784826176206,-1765.737051356789,2.5011104298755527e-12,3
0.1,29,100070,4,0.9982601937581977,0.0,0.9982601937581977,0.997239989567366,0.0020404083815880516,0.0007196020509893273,-1763.2984813413361,-3.0213853626476883,0.5828153472002876,-1765.7370513567835,2.9558577807620168e-12,3
0.1,30,100071,4,0.9979910974233658,0.0,0.9979910974233658,0.9961770459965444,0.0036281028535673087,0.0001948511498317225,-1762.7133837356926,-2.6788827949141014,-0.34478482617622713,-1765.7370513567828,3.637978807091713e-12,3
0.1,31,100072,4,0.9979910974233658,0.0,0.9979910974233658,0.9961770459965444,0.003628102853567275,0.00019485114983170727,-1762.7133837356982,-2.67888279491408,-0.34478482617620126,-1765.7370513567885,2.0463630789890885e-12,3
0.1,32,100073,4,0.9979750360857551,0.0,0.9979750360857551,0.996129365852331,0.0036913404667731236,0.00017929368083947686,-1765.065297293919,-0.35405932870845214,-0.3176947341604282,-1765.7370513567878,1.3642420526593924e-12,3
0.1,33,100074,4,0.9981733333700723,0.0,0.9981733333700723,0.9965416610760802,0.003263344587908649,0.00019499433595461703,-1762.0637117963538,-3.328554734259,-0.34478482617619977,-1765.737051356789,2.5011104298755527e-12,3
0.1,34,100075,4,0.9979910974233658,0.0,0.9979910974233658,0.9961770459965444,0.0036281028535672995,0.00019485114983170266,-1762.713383735699,-2.6788827949141227,-0.34478482617619327,-1765.7370513567894,2.9558577807620168e-12,3
0.1,35,100076,4,0.9979750360857551,0.0,0.9979750360857551,0.996129365852331,0.0036913404667731206,0.00017929368083946742,-1765.065297293923,-0.3540593287084406,-0.3176947341604122,-1765.7370513567919,5.4569682106375694e-12,3
0.1,36,100077,4,0.9982131233475634,0.0,0.9982131233475634,0.997010091017286,0.0024060646604791547,0.000583844322178254,-1764.1874385869114,-1.8931428108578932,0.3435300409779069,-1765.7370513567914,5.002220859751105e-12,3
0.1,37,100078,4,0.9982601937581977,0.0,0.9982601937581977,0.997239989567366,0.002040408381588058,0.0007196020509893371,-1763.2984813413414,-3.0213853626477136,0.5828153472003212,-1765.7370513567887,2.2737367544323206e-12,3
0.1,38,100079,4,0.9985932081167331,0.0,0.9985932081167331,0.997381410569402,0.0024235950945867535,0.00019499433595459662,-1763.5485389410414,-1.8437275895673317,-0.3447848261761629,-1765.737051356785,1.3642420526593924e-12,3
0.1,39,100080,4,0.9982131233475634,0.0,0.9982131233475634,0.997010091017286,0.002406064660479184,0.0005838443221782474,-1764.1874385869,-1.893142810857914,0.3435300409779052,-1765.73705135678,6.366462912410498e-12,3
0.1,40,100081,4,0.9984106638521631,0.0,0.9984106638521631,0.9970161788541391,0.0027889699959726777,0.0001948511498316964,-1764.1982108803918,-1.1940556502225126,-0.34478482617618245,-1765.7370513567905,4.092726157978177e-12,3
0.1,41,100082,4,0.9985932081167331,0.0,0.9985932081167331,0.997381410569402,0.002423595094586813,0.00019499433595461199,-1763.5485389410387,-1.8437275895674365,-0.34478482617618955,-1765.7370513567823,4.092726157978177e-12,3
0.1,42,100083,4,0.9972639195010494,0.0,0.9972639195010494,0.9949726895901331,0.004582459821757751,0.0004448505880529023,-1766.186933656855,1.2395414578208714,-0.7896591577526209,-1765.7370513567867,2.2737367544323206e-13,3
0.1,43,100084,4,0.9984106638521631,0.0,0.9984106638521631,0.9970161788541391,0.002788969995972659,0.00019485114983170185,-1764.198210880398,-1.1940556502224822,-0.34478482617619327,-1765.7370513567967,1.0231815394945443e-11,3
0.1,44,100085,4,0.9984106638521631,0.0,0.9984106638521631,0.9970161788541391,0.0027889699959726916,0.00019485114983170353,-1764.1982108803875,-1.194055650222493,-0.3447848261761942,-1765.7370513567862,2.2737367544323206e-13,3
0.1,45,100086,4,0.9985932081167331,0.0,0.9985932081167331,0.997381410569402,0.0024235950945867683,0.0001949943359546136,-1763.548538941043,-1.8437275895673715,-0.34478482617619327,-1765.7370513567867,2.2737367544323206e-13,3
0.1,46,100087,4,0.9985932081167331,0.0,0.9985932081167331,0.997381410569402,0.0024235950945867813,0.00019499433595461405,-1763.548538941039,-1.843727589567391,-0.34478482617619327,-1765.7370513567826,3.865352482534945e-12,3
0.1,47,100088,4,0.9985932081167331,0.0,0.9985932081167331,0.997381410569402,0.0024235950945867783,0.00019499433595460657,-1763.5485389410467,-1.843727589567405,-0.34478482617618156,-1765.7370513567903,3.865352482534945e-12,3
0.1,48,100089,4,0.9985932081167331,0.0,0.9985932081167331,0.997381410569402,0.002423595094586786,0.00019499433595461253,-1763.5485389410435,-1.8437275895674132,-0.34478482617619144,-1765.737051356787,6.821210263296962e-13,3
0.1,49,100090,4,0.9976295276149433,0.0,0.9976295276149433,0.9966726516963573,0.0019137518370965277,0.0014135964664896267,-1764.851404593203,-3.388763213271756,2.5031164496848852,-1765.7370513567896,3.183231456205249e-12,3
0.1,50,100091,4,0.9982601937581977,0.0,0.9982601937581977,0.997239989567366,0.0020404083815880308,0.0007196020509893353,-1763.2984813413407,-3.0213853626476426,0.5828153472003177,-1765.737051356788,1.5916157281026244e-12,3
0.1,51,100092,4,0.9974018095742015,0.0,0.9974018095742015,0.996217215614874,0.002369187918579904,0.001413596466489626,-1764.0449442105123,-4.195223595966441,2.5031164496848897,-1765.7370513567937,7.275957614183426e-12,3
0.1,52,100093,4,0.9984106638521631,0.0,0.9984106638521631,0.9970161788541391,0.002788969995972664,0.00019485114983169163,-1764.1982108803948,-1.1940556502222506,-0.34478482617617456,-1765.7370513567932,6.821210263296962e-12,3
0.1,53,100094,4,0.9984106638521631,0.0,0.9984106638521631,0.9970161788541391,0.002788969995972662,0.00019485114983170226,-1764.1982108803882,-1.1940556502224393,-0.3447848261761921,-1765.7370513567869,4.547473508864641e-13,3
0.1,54,100095,4,0.9984106638521631,0.0,0.9984106638521631,0.9970161788541391,0.002788969995972648,0.00019485114983171735,-1764.1982108803982,-1.1940556502224495,-0.34478482617622075,-1765.7370513567969,1.0459189070388675e-11,3
0.1,55,100096,4,0.9982601937581977,0.0,0.9982601937581977,0.997239989567366,0.0020404083815880247,0.0007196020509893397,-1763.2984813413398,-3.021385362647653,0.5828153472003216,-1765.737051356787,6.821210263296962e-13,3
0.1,56,100097,4,0.9985932081167332,0.0,0.9985932081167332,0.9973814105694021,0.0024235950945867453,0.00019499433595461407,-1763.5485389410387,-1.8437275895673075,-0.3447848261761932,-1765.7370513567823,4.092726157978177e-12,3
0.1,57,100098,4,0.9982601937581977,0.0,0.9982601937581977,0.997239989567366,0.002040408381588039,0.0007196020509893321,-1763.2984813413425,-3.0213853626476816,0.5828153472003108,-1765.7370513567898,3.410605131648481e-12,3
0.1,58,100099,4,0.9981733333700723,0.0,0.9981733333700723,0.9965416610760802,0.0032633445879086476,0.00019499433595461304,-1762.0637117963565,-3.3285547342590034,-0.34478482617619327,-1765.7370513567919,5.4569682106375694e-12,3
0.1,59,100100,4,0.9984106638521631,0.0,0.9984106638521631,0.9970161788541391,0.0027889699959726985,0.0001948511498317044,-1764.1982108803875,-1.1940556502224877,-0.34478482617619577,-1765.7370513567862,2.2737367544323206e-13,3
0.1,60,100101,4,0.9982131233475634,0.0,0.9982131233475634,0.997010091017286,0.0024060646604791703,0.0005838443221782549,-1764.1874385869082,-1.8931428108579063,0.3435300409779154,-1765.7370513567882,1.8189894035458565e-12,3
0.1,61,100102,4,0.9979910974233658,0.0,0.9979910974233658,0.9961770459965444,0.0036281028535673013,0.0001948511498316995,-1762.7133837356978,-2.6788827949141156,-0.34478482617618744,-1765.7370513567882,1.8189894035458565e-12,3
0.1,62,100103,4,0.9985932081167331,0.0,0.9985932081167331,0.997381410569402,0.0024235950945867618,0.00019499433595460686,-1763.5485389410442,-1.843727589567327,-0.34478482617618156,-1765.7370513567878,1.3642420526593924e-12,3
0.1,63,100104,4,0.9981733333700723,0.0,0.9981733333700723,0.9965416610760802,0.0032633445879086146,0.00019499433595461364,-1762.063711796351,-3.328554734259048,-0.34478482617619327,-1765.7370513567864,0.0,3
0.1,64,100105,4,0.9982601937581977,0.0,0.9982601937581977,0.997239989567366,0.002040408381588029,0.0007196020509893388,-1763.2984813413423,-3.021385362647661,0.5828153472003225,-1765.7370513567896,3.183231456205249e-12,3
0.1,65,100106,4,0.9982601937581977,0.0,0.9982601937581977,0.997239989567366,0.0020404083815880186,0.0007196020509893604,-1763.298481341341,-3.0213853626476466,0.5828153472002817,-1765.7370513567882,1.8189894035458565e-12,3
0.1,66,100107,4,0.9976295276149432,0.0,0.9976295276149432,0.9966726516963572,0.0019137518370965713,0.0014135964664896247,-1764.8514045932027,-3.388763213271833,2.5031164496848817,-1765.7370513567896,3.183231456205249e-12,3
0.1,67,100108,4,0.9984106638521631,0.0,0.9984106638521631,0.9970161788541391,0.0027889699959726955,0.0001948511498317027,-1764.1982108803902,-1.1940556502224358,-0.34478482617619327,-1765.737051356789,2.5011104298755527e-12,3
0.1,68,100109,4,0.9985932081167331,0.0,0.9985932081167331,0.997381410569402,0.0024235950945867973,0.00019499433595461256,-1763.5485389410526,-1.8437275895674217,-0.34478482617619327,-1765.7370513567962,9.777068044058979e-12,3
0.1,69,100110,4,0.9982131233475634,0.0,0.9982131233475634,0.997010091017286,0.002406064660479152,0.0005838443221782538,-1764.1874385869146,-1.89314281085791,0.3435300409779087,-1765.7370513567946,8.185452315956354e-12,3
0.1,70,100111,4,0.9985932081167331,0.0,0.9985932081167331,0.997381410569402,0.0024235950945867744,0.0001949943359546294,-1763.548538941042,-1.8437275895673653,-0.34478482617622097,-1765.7370513567855,9.094947017729282e-13,3
0.1,71,100112,4,0.9979412128607157,0.0,0.9979412128607157,0.9962934609840255,0.003295503753305199,0.0004110352626128393,-1762.997158294275,-3.4672430134298136,0.727349950916516,-1765.7370513567885,2.0463630789890885e-12,3
0.1,72,100113,4,0.9979910974233658,0.0,0.9979910974233658,0.9961770459965444,0.003628102853567282,0.0001948511498317099,-1762.7133837356985,-2.6788827949140996,-0.344784826176206,-1765.7370513567887,2.2737367544323206e-12,3
0.1,73,100114,4,0.9979910974233658,0.0,0.9979910974233658,0.9961770459965444,0.0036281028535672874,0.00019485114983170253,-1762.713383735696,-2.6788827949141094,-0.34478482617619244,-1765.7370513567864,0.0,3
0.1,74,100115,4,0.9984106638521631,0.0,0.9984106638521631,0.9970161788541391,0.0027889699959726837,0.0001948511498316987,-1764.1982108803982,-1.1940556502224609,-0.3447848261761878,-1765.7370513567969,1.0459189070388675e-11,3
0.1,75,100116,4,0.9981733333700723,0.0,0.9981733333700723,0.9965416610760802,0.003263344587908653,0.000194994335954612,-1762.0637117963515,-3.32855473425889,-0.34478482617619044,-1765.7370513567867,2.2737367544323206e-13,3
0.1,76,100117,4,0.9966448987251931,0.0,0.9966448987251931,0.9946954109127731,0.0038989756247648773,0.0014056134624057797,-1771.353584804423,3.11341699794699,2.5031164496848914,-1765.737051356791,4.547473508864641e-12,3
0.1,77,100118,4,0.9982131233475634,0.0,0.9982131233475634,0.997010091017286,0.0024060646604791747,0.0005838443221782552,-1764.1874385869064,-1.8931428108579273,0.3435300409779136,-1765.7370513567864,0.0,3
0.1,78,100119,4,0.9984106638521631,0.0,0.9984106638521631,0.9970161788541391,0.0027889699959727046,0.00019485114983170285,-1764.1982108803916,-1.1940556502224748,-0.3447848261761938,-1765.7370513567903,3.865352482534945e-12,3
0.1,79,100120,4,0.9981733333700723,0.0,0.9981733333700723,0.9965416610760802,0.0032633445879086675,0.00019499433595460765,-1762.063711796351,-3.3285547342590496,-0.34478482617618267,-1765.7370513567864,0.0,3
0.1,80,100121,4,0.9982601937581977,0.0,0.9982601937581977,0.997239989567366,0.00204040838158799,0.0007196020509893482,-1763.2984813413398,-3.0213853626475933,0.5828153472003059,-1765.737051356787,6.821210263296962e-13,3
0.1,81,100122,4,0.9969825429425296,0.0,0.9969825429425296,0.99537868235153,0.0032077211819237905,0.001413596466489631,-1762.5601170658174,-5.680050740658106,2.503116449684894,-1765.7370513567905,4.092726157978177e-12,3
0.1,82,100123,4,0.9981733333700721,0.0,0.9981733333700721,0.9965416610760801,0.003263344587908673,0.00019499433595461407,-1762.0637117963472,-3.3285547342590105,-0.34478482617619327,-1765.7370513567826,3.865352482534945e-12,3
0.1,83,100124,4,0.9980142793272911,0.0,0.9980142793272911,0.9965886834442208,0.0028511917660655945,0.0005601247896571322,-1767.2256849274872,2.4818887937285536,-0.9932552230331372,-1765.7370513567919,5.4569682106375694e-12,3
0.1,84,100125,4,0.9984389673854199,0.0,0.9984389673854199,0.9972905514299683,0.0022968319108280263,0.00041261665914707506,-1761.0307362684573,-4.055780519739939,-0.6505345685899312,-1765.737051356787,6.821210263296962e-13,3
0.1,85,100126,4,0.9976122706827555,0.0,0.9976122706827555,0.9959375076551481,0.0033495260551394766,0.0007129662896558218,-1760.9954606022904,-5.336139313371034,0.5945485588688608,-1765.7370513567926,6.139089236967266e-12,3
0.1,86,100127,4,0.9985932081167331,0.0,0.9985932081167331,0.997381410569402,0.002423595094586793,0.0001949943359546126,-1763.5485389410521,-1.843727589567423,-0.34478482617619327,-1765.7370513567957,9.322320693172514e-12,3
0.1,87,100128,4,0.9982601937581977,0.0,0.9982601937581977,0.997239989567366,0.002040408381588024,0.000719602050989339,-1763.298481341339,-3.0213853626476452,0.5828153472003195,-1765.7370513567864,0.0,3
0.1,88,100129,4,0.9982601937581977,0.0,0.9982601937581977,0.997239989567366,0.0020404083815880308,0.000719602050989342,-1763.2984813413307,-3.0213853626476297,0.5828153472003196,-1765.737051356778,8.412825991399586e-12,3
0.1,89,100130,4,0.9981733333700721,0.0,0.9981733333700721,0.99654166107608,0.0032633445879086814,0.00019499433595461348,-1762.0637117963524,-3.3285547342590536,-0.34478482617619327,-1765.7370513567878,1.3642420526593924e-12,3
0.1,90,100131,4,0.9981733333700723,0.0,0.9981733333700723,0.9965416610760802,0.003263344587908653,0.00019499433595461066,-1762.0637117963558,-3.328554734258982,-0.3447848261761889,-1765.737051356791,4.547473508864641e-12,3
0.1,91,100132,4,0.9981733333700723,0.0,0.9981733333700723,0.9965416610760802,0.0032633445879086346,0.00019499433595461527,-1762.063711796353,-3.3285547342589696,-0.3447848261761965,-1765.737051356788,1.5916157281026244e-12,3
0.1,92,100133,4,0.9976017091306376,0.0,0.9976017091306376,0.9952034182612562,0.004796581738687386,0.0,-1769.7059343260928,3.968882969299013,0.0,-1765.7370513567937,7.275957614183426e-12,3
0.1,93,100134,4,0.998062656952115,0.0,0.998062656952115,0.996704460876335,0.0027163921514845946,0.0005791469721237442,-1759.9179958220382,-4.796434267891406,-1.022621266860051,-1765.7370513567896,3.183231456205249e-12,3
0.1,94,100135,4,0.99728192481869,0.0,0.99728192481869,0.9960149703072144,0.0025339090228757135,0.0014511206698532616,-1758.7005367775805,-4.474217046459179,-2.5622975327497324,-1765.7370513567894,2.9558577807620168e-12,3
0.1,95,100136,4,0.9981733333700723,0.0,0.9981733333700723,0.9965416610760802,0.0032633445879086485,0.00019499433595461142,-1762.0637117963493,-3.328554734258974,-0.34478482617618894,-1765.7370513567844,2.0463630789890885e-12,3
0.1,96,100137,4,0.9982131233475634,0.0,0.9982131233475634,0.997010091017286,0.0024060646604791938,0.0005838443221782475,-1764.187438586898,-1.893142810857918,0.3435300409778868,-1765.737051356778,8.412825991399586e-12,3
0.1,97,100138,4,0.9985932081167331,0.0,0.9985932081167331,0.997381410569402,0.002423595094586792,0.00019499433595461266,-1763.5485389410421,-1.8437275895674112,-0.34478482617619144,-1765.7370513567857,6.821210263296962e-13,3
0.1,98,100139,4,0.9981733333700721,0.0,0.9981733333700721,0.9965416610760801,0.003263344587908633,0.00019499433595461134,-1762.063711796345,-3.328554734258968,-0.344784826176188,-1765.73705135678,6.366462912410498e-12,3
0.1,99,100140,4,0.9981733333700723,0.0,0.9981733333700723,0.9965416610760802,0.0032633445879086654,0.0001949943359546191,-1762.063711796355,-3.328554734259053,-0.34478482617620365,-1765.7370513567903,3.865352482534945e-12,3
0.1,100,100141,4,0.9981733333700721,0.0,0.9981733333700721,0.9965416610760801,0.0032633445879086493,0.00019499433595461253,-1762.0637117963474,-3.3285547342590034,-0.34478482617619055,-1765.7370513567828,3.637978807091713e-12,3
0.5,1,200042,4,0.9985932081167332,0.0,0.9985932081167332,0.9973814105694021,0.0024235950945867306,0.0001949943359546102,-1763.5485389410464,-1.8437275895673342,-0.3447848261761879,-1765.73705135679,3.637978807091713e-12,3
0.5,2,200043,4,0.9984106638521631,0.0,0.9984106638521631,0.9970161788541391,0.002788969995972706,0.00019485114983170112,-1764.1982108803907,-1.1940556502225075,-0.34478482617619055,-1765.7370513567894,2.9558577807620168e-12,3
0.5,3,200044,4,0.9979910974233658,0.0,0.9979910974233658,0.9961770459965444,0.0036281028535673,0.00019485114983170098,-1762.7133837356962,-2.678882794914065,-0.3447848261761898,-1765.7370513567864,0.0,3
0.5,4,200045,4,0.9982601937581977,0.0,0.9982601937581977,0.997239989567366,0.0020404083815879987,0.0007196020509893349,-1763.2984813413427,-3.021385362647609,0.5828153472003273,-1765.73705135679,3.637978807091713e-12,3
0.5,5,200046,4,0.9982131233475634,0.0,0.9982131233475634,0.997010091017286,0.002406064660479167,0.000583844322178255,-1764.1874385869116,-1.8931428108579125,0.3435300409779045,-1765.7370513567917,5.229594535194337e-12,3
0.5,6,200047,4,0.9972244962927701,0.0,0.9972244962927701,0.9948357874345971,0.004777417716270899,0.00038679484907571586,-1770.3448339719516,3.9194677480084743,0.688314867154065,-1765.7370513567892,2.7284841053187847e-12,3
0.5,7,200048,4,0.998062656952115,0.0,0.998062656952115,0.996704460876335,0.002716392151484601,0.0005791469721237384,-1759.9179958220345,-4.796434267891407,-1.0226212668600385,-1765.737051356786,4.547473508864641e-13,3
0.5,8,200049,4,0.9968614694786521,0.0,0.9968614694786521,0.9950098398445693,0.003703259268090006,0.001286900887284059,-1756.9257406782394,-6.538982100447315,-2.2723285781015177,-1765.7370513567882,1.8189894035458565e-12,3
0.5,9,200050,4,0.9968614694786521,0.0,0.9968614694786521,0.9950098398445693,0.003703259268089981,0.0012869008872840597,-1756.9257406782433,-6.538982100447286,-2.272328578101524,-1765.737051356792,5.6843418860808015e-12,3
0.5,10,200051,4,0.9981733333700723,0.0,0.9981733333700723,0.9965416610760802,0.0032633445879086615,0.00019499433595461378,-1762.0637117963502,-3.328554734259041,-0.3447848261761933,-1765.7370513567855,9.094947017729282e-13,3
0.5,11,200052,4,0.9981733333700723,0.0,0.9981733333700723,0.9965416610760802,0.003263344587908662,0.00019499433595461012,-1762.0637117963533,-3.3285547342590327,-0.34478482617618744,-1765.7370513567887,2.2737367544323206e-12,3
0.5,12,200053,4,0.9981733333700721,0.0,0.9981733333700721,0.99654166107608,0.0032633445879086775,0.0001949943359546003,-1762.0637117963527,-3.328554734259031,-0.34478482617617,-1765.737051356788,1.5916157281026244e-12,3
0.5,13,200054,4,0.9981733333700723,0.0,0.9981733333700723,0.9965416610760802,0.0032633445879086485,0.0001949943359546136,-1762.0637117963518,-3.3285547342590096,-0.3447848261761933,-1765.737051356787,6.821210263296962e-13,3
0.5,14,200055,4,0.9974018095742015,0.0,0.9974018095742015,0.9962172156148739,0.002369187918579976,0.001413596466489634,-1764.044944210504,-4.1952235959665485,2.5031164496848923,-1765.7370513567855,9.094947017729282e-13,3
0.5,15,200056,4,0.9985932081167331,0.0,0.9985932081167331,0.997381410569402,0.002423595094586789,0.00019499433595461074,-1763.5485389410437,-1.8437275895674075,-0.34478482617618833,-1765.7370513567873,9.094947017729282e-13,3
0.5,16,200057,4,0.9981733333700721,0.0,0.9981733333700721,0.9965416610760801,0.0032633445879086485,0.0001949943359546126,-1762.0637117963427,-3.3285547342589954,-0.3447848261761898,-1765.7370513567778,8.640199666842818e-12,3
0.5,17,200058,4,0.9954182946533693,0.0,0.9954182946533693,0.9940125734004873,0.002811442505688694,0.003175984093767587,-1766.3848507467353,-4.996002649951507,5.643802039899745,-1765.737051356787,6.821210263296962e-13,3
0.5,18,200059,4,0.9984106638521631,0.0,0.9984106638521631,0.9970161788541391,0.002788969995972686,0.0001948511498317046,-1764.1982108803904,-1.1940556502224777,-0.34478482617619666,-1765.7370513567892,2.7284841053187847e-12,3
0.5,19,200060,4,0.9985932081167331,0.0,0.9985932081167331,0.997381410569402,0.0024235950945867397,0.0001949943359546126,-1763.548538941049,-1.8437275895674095,-0.34478482617619266,-1765.7370513567926,6.139089236967266e-12,3
0.5,20,200061,4,0.998062656952115,0.0,0.998062656952115,0.9967044608763349,0.0027163921514846063,0.0005791469721237344,-1759.917995822036,-4.796434267891421,-1.0226212668600323,-1765.7370513567876,1.1368683772161603e-12,3
0.5,21,200062,4,0.998062656952115,0.0,0.998062656952115,0.9967044608763349,0.002716392151484606,0.0005791469721237391,-1759.9179958220348,-4.796434267891417,-1.02262126686004,-1765.7370513567864,0.0,3
0.5,22,200063,4,0.9976295276149432,0.0,0.9976295276149432,0.9966726516963572,0.001913751837096541,0.0014135964664896295,-1764.8514045931997,-3.3887632132717735,2.503116449684886,-1765.7370513567867,2.2737367544323206e-13,3
0.5,23,200064,4,0.9919719197140072,0.0,0.9919719197140072,0.988866369799798,0.006211099828343569,0.0049225303718023325,-1763.4391535809386,-11.076215107121477,8.778317331273996,-1765.7370513567862,2.2737367544323206e-13,3
0.5,24,200065,4,0.9973461885081916,0.0,0.9973461885081916,0.9963686707068622,0.001955035602583568,0.001676293690497779,-1768.3520446063756,0.5838412234947417,2.0311520260926814,-1765.737051356788,1.5916157281026244e-12,3
0.5,25,200066,4,0.9979750360857551,0.0,0.9979750360857551,0.996129365852331,0.003691340466773134,0.00017929368083946238,-1765.0652972939204,-0.3540593287084022,-0.31769473416040284,-1765.7370513567892,2.7284841053187847e-12,3
0.5,26,200067,4,0.9981733333700723,0.0,0.9981733333700723,0.9965416610760802,0.003263344587908597,0.0001949943359545911,-1762.0637117963556,-3.328554734258934,-0.34478482617615425,-1765.7370513567907,4.320099833421409e-12,3
0.5,27,200068,4,0.998062656952115,0.0,0.998062656952115,0.9967044608763349,0.002716392151484651,0.0005791469721237399,-1759.9179958220325,-4.79643426789149,-1.02262126686004,-1765.7370513567841,2.2737367544323206e-12,3
0.5,28,200069,4,0.995471641874254,0.0,0.995471641874254,0.9914903192384007,0.007962645271631935,0.0005470354899113748,-1774.2330023388022,8.206622100699906,0.28932888131848866,-1765.737051356784,2.5011104298755527e-12,3
0.5,29,200070,4,0.9965396601071553,0.0,0.9965396601071553,0.9941363166312921,0.004806686951650903,0.0010569964170003513,-1757.7281005154452,-8.498682307399548,0.48973146605763385,-1765.737051356787,6.821210263296962e-13,3
0.5,30,200071,4,0.9968614694786521,0.0,0.9968614694786521,0.9950098398445693,0.003703259268089983,0.0012869008872840582,-1756.9257406782367,-6.538982100447265,-2.272328578101513,-1765.7370513567855,9.094947017729282e-13,3
0.5,31,200072,4,0.9982601937581977,0.0,0.9982601937581977,0.997239989567366,0.002040408381588026,0.0007196020509893469,-1763.298481341339,-3.0213853626476244,0.5828153472003068,-1765.7370513567864,0.0,3
0.5,32,200073,4,0.9979750360857551,0.0,0.9979750360857551,0.996129365852331,0.003691340466773128,0.0001792936808394669,-1765.0652972939142,-0.35405932870843926,-0.3176947341604097,-1765.737051356783,3.410605131648481e-12,3
0.5,33,200074,4,0.9982601937581977,0.0,0.9982601937581977,0.997239989567366,0.0020404083815880147,0.0007196020509893764,-1763.2984813413414,-3.021385362647636,0.5828153472002547,-1765.7370513567887,2.2737367544323206e-12,3
0.5,34,200075,4,0.9980626569521153,0.0,0.9980626569521153,0.9967044608763351,0.0027163921514845963,0.0005791469721237064,-1759.9179958220375,-4.7964342678914065,-1.0226212668599837,-1765.7370513567887,2.2737367544323206e-12,3
0.5,35,200076,4,0.998062656952115,0.0,0.998062656952115,0.996704460876335,0.002716392151484593,0.000579146972123743,-1759.9179958220395,-4.7964342678914065,-1.0226212668600496,-1765.737051356791,4.547473508864641e-12,3
0.5,36,200077,4,0.9976295276149432,0.0,0.9976295276149432,0.9966726516963572,0.0019137518370965544,0.0014135964664896256,-1764.8514045932066,-3.3887632132718104,2.5031164496848888,-1765.7370513567935,7.048583938740194e-12,3
0.5,37,200078,4,0.9979910974233658,0.0,0.9979910974233658,0.9961770459965444,0.003628102853567309,0.0001948511498316978,-1762.713383735691,-2.6788827949141174,-0.3447848261761831,-1765.7370513567814,5.002220859751105e-12,3
0.5,38,200079,4,0.9968614694786521,0.0,0.9968614694786521,0.9950098398445693,0.003703259268090001,0.0012869008872840744,-1756.9257406782378,-6.538982100447301,-2.272328578101543,-1765.7370513567867,2.2737367544323206e-13,3
0.5,39,200080,4,0.9976295276149433,0.0,0.9976295276149433,0.9966726516963573,0.0019137518370965357,0.0014135964664896347,-1764.851404593201,-3.3887632132717664,2.5031164496848968,-1765.7370513567878,1.3642420526593924e-12,3
0.5,40,200081,4,0.9984106638521631,0.0,0.9984106638521631,0.9970161788541391,0.0027889699959726937,0.00019485114983170258,-1764.1982108803913,-1.1940556502224935,-0.34478482617619327,-1765.73705135679,3.637978807091713e-12,3
0.5,41,200082,4,0.9969825429425296,0.0,0.9969825429425296,0.99537868235153,0.0032077211819237952,0.0014135964664896306,-1762.5601170658147,-5.680050740658106,2.5031164496848897,-1765.7370513567878,1.3642420526593924e-12,3
0.5,42,200083,4,0.998062656952115,0.0,0.998062656952115,0.996704460876335,0.0027163921514845903,0.0005791469721237388,-1759.917995822038,-4.796434267891398,-1.0226212668600412,-1765.7370513567894,2.9558577807620168e-12,3
0.5,43,200084,4,0.9973036331879835,0.0,0.9973036331879835,0.9954320628386067,0.00374314069867859,0.0008247964626584487,-1768.3473212904182,4.075489580257964,-1.4652196466253034,-1765.7370513567855,9.094947017729282e-13,3
0.5,44,200085,4,0.9976122706827556,0.0,0.9976122706827556,0.9959375076551481,0.0033495260551395277,0.0007129662896558086,-1760.9954606022882,-5.336139313371106,0.5945485588688455,-1765.7370513567905,4.092726157978177e-12,3
0.5,45,200086,4,0.9985932081167331,0.0,0.9985932081167331,0.997381410569402,0.002423595094586766,0.00019499433595460914,-1763.5485389410376,-1.8437275895673615,-0.34478482617618433,-1765.7370513567812,5.229594535194337e-12,3
0.5,46,200087,4,0.9974018095742015,0.0,0.9974018095742015,0.9962172156148739,0.0023691879185799743,0.0014135964664896302,-1764.0449442105069,-4.195223595966553,2.5031164496848897,-1765.7370513567885,2.0463630789890885e-12,3
0.5,47,200088,4,0.9962964886617405,0.0,0.9962964886617405,0.9932824264948429,0.0060281243337203284,0.000689449171380568,-1763.8647389952769,-0.6479928222874713,-1.224319539226248,-1765.7370513567905,4.092726157978177e-12,3
0.5,48,200089,4,0.9968614694786521,0.0,0.9968614694786521,0.9950098398445693,0.003703259268089978,0.0012869008872840788,-1756.925740678239,-6.538982100447265,-2.272328578101552,-1765.7370513567878,1.3642420526593924e-12,3
0.5,49,200090,4,0.9985932081167331,0.0,0.9985932081167331,0.997381410569402,0.0024235950945867553,0.00019499433595461012,-1763.5485389410426,-1.8437275895673462,-0.344784826176187,-1765.7370513567862,2.2737367544323206e-13,3
0.5,50,200091,4,0.9979910974233658,0.0,0.9979910974233658,0.9961770459965444,0.0036281028535673017,0.00019485114983168678,-1762.7133837357023,-2.678882794914121,-0.3447848261761658,-1765.7370513567928,6.366462912410498e-12,3
0.5,51,200092,4,0.9984389673854199,0.0,0.9984389673854199,0.9972905514299681,0.002296831910828019,0.000412616659147085,-1761.030736268458,-4.055780519739928,-0.6505345685899819,-1765.737051356788,1.5916157281026244e-12,3
0.5,52,200093,4,0.9984106638521631,0.0,0.9984106638521631,0.997016178854139,0.0027889699959726738,0.00019485114983170334,-1764.1982108803843,-1.1940556502224307,-0.34478482617619327,-1765.737051356783,3.410605131648481e-12,3
0.5,53,200094,4,0.9984106638521631,0.0,0.9984106638521631,0.9970161788541392,0.0027889699959726595,0.00019485114983170667,-1764.1982108803813,-1.1940556502224,-0.34478482617619854,-1765.73705135678,6.366462912410498e-12,3
0.5,54,200095,4,0.9985932081167331,0.0,0.9985932081167331,0.997381410569402,0.0024235950945867557,0.00019499433595459507,-1763.54853894104,-1.843727589567329,-0.3447848261761599,-1765.7370513567837,2.7284841053187847e-12,3
0.5,55,200096,4,0.9982601937581977,0.0,0.9982601937581977,0.997239989567366,0.0020404083815880113,0.0007196020509893217,-1763.2984813413432,-3.0213853626476106,0.5828153472003548,-1765.7370513567905,4.092726157978177e-12,3
0.5,56,200097,4,0.99728192481869,0.0,0.99728192481869,0.9960149703072144,0.0025339090228757534,0.0014511206698532729,-1758.7005367775764,-4.4742170464592395,-2.562297532749746,-1765.7370513567853,1.1368683772161603e-12,3
0.5,57,200098,4,0.9968614694786521,0.0,0.9968614694786521,0.9950098398445693,0.0037032592680900003,0.001286900887284066,-1756.9257406782372,-6.5389821004472966,-2.272328578101527,-1765.737051356786,4.547473508864641e-13,3
0.5,58,200099,4,0.9957647774834508,0.0,0.9957647774834508,0.9935932452280242,0.004343064510778198,0.002063690261141304,-1766.8426676612848,-2.5641107429961414,3.6697270474949018,-1765.737051356786,4.547473508864641e-13,3
0.5,59,200100,4,0.9976295276149433,0.0,0.9976295276149433,0.9966726516963573,0.0019137518370965364,0.0014135964664896293,-1764.8514045932022,-3.38876321327177,2.5031164496848888,-1765.737051356789,2.5011104298755527e-12,3
0.5,60,200101,4,0.9981733333700723,0.0,0.9981733333700723,0.9965416610760802,0.0032633445879086073,0.00019499433595461258,-1762.06371179636,-3.328554734259024,-0.3447848261761931,-1765.7370513567953,8.86757334228605e-12,3
0.5,61,200102,4,0.9961394867825021,0.0,0.9961394867825021,0.9954505998626179,0.0013777738396935015,0.0031716262976324554,-1771.3707728801012,-0.010080516586992272,5.643802039899734,-1765.7370513567885,2.0463630789890885e-12,3
0.5,62,200103,4,0.9981733333700723,0.0,0.9981733333700723,0.9965416610760802,0.003263344587908646,0.00019499433595461608,-1762.0637117963522,-3.328554734259029,-0.34478482617619777,-1765.7370513567876,1.1368683772161603e-12,3
0.5,63,200104,4,0.998062656952115,0.0,0.998062656952115,0.996704460876335,0.0027163921514845994,0.000579146972123734,-1759.917995822037,-4.796434267891411,-1.0226212668600323,-1765.7370513567885,2.0463630789890885e-12,3
0.5,64,200105,4,0.9981733333700723,0.0,0.9981733333700723,0.9965416610760802,0.003263344587908646,0.0001949943359546119,-1762.0637117963558,-3.328554734259007,-0.3447848261761911,-1765.7370513567912,4.774847184307873e-12,3
0.5,65,200106,4,0.9984106638521631,0.0,0.9984106638521631,0.9970161788541391,0.0027889699959727245,0.00019485114983170082,-1764.1982108803877,-1.1940556502225386,-0.34478482617618944,-1765.7370513567864,0.0,3
0.5,66,200107,4,0.9984106638521631,0.0,0.9984106638521631,0.9970161788541391,0.0027889699959727007,0.00019485114983169925,-1764.1982108803938,-1.1940556502225128,-0.3447848261761879,-1765.7370513567926,6.139089236967266e-12,3
0.5,67,200108,4,0.9976295276149432,0.0,0.9976295276149432,0.9966726516963572,0.001913751837096559,0.0014135964664896302,-1764.8514045931997,-3.3887632132718055,2.503116449684887,-1765.7370513567867,2.2737367544323206e-13,3
0.5,68,200109,4,0.9979880813888901,0.0,0.9979880813888901,0.9965228227924423,0.002930517192820222,0.000546660014680998,-1762.108201048711,-4.595485565219607,0.9666352571389406,-1765.7370513567917,5.229594535194337e-12,3
0.5,69,200110,4,0.9981733333700723,0.0,0.9981733333700723,0.9965416610760802,0.0032633445879086493,0.00019499433595462283,-1762.0637117963527,-3.328554734259023,-0.3447848261762098,-1765.737051356788,1.5916157281026244e-12,3
0.5,70,200111,4,0.9981733333700723,0.0,0.9981733333700723,0.9965416610760802,0.003263344587908654,0.0001949943359546136,-1762.0637117963515,-3.3285547342590203,-0.34478482617619327,-1765.7370513567869,4.547473508864641e-13,3
0.5,71,200112,4,0.9982601937581977,0.0,0.9982601937581977,0.997239989567366,0.002040408381588027,0.0007196020509893283,-1763.2984813413455,-3.0213853626476705,0.5828153472003441,-1765.7370513567928,6.366462912410498e-12,3
0.5,72,200113,4,0.998062656952115,0.0,0.998062656952115,0.9967044608763349,0.0027163921514846054,0.0005791469721237375,-1759.9179958220386,-4.796434267891427,-1.0226212668600394,-1765.7370513567903,3.865352482534945e-12,3
0.5,73,200114,4,0.9966448987251931,0.0,0.9966448987251931,0.9946954109127731,0.0038989756247648786,0.0014056134624057985,-1771.3535848044219,3.1134169979469686,2.5031164496849234,-1765.7370513567898,3.410605131648481e-12,3
0.5,74,200115,4,0.9971842089625977,0.0,0.9971842089625977,0.9943684179251768,0.005631582074766938,0.0,-1768.221107181393,2.4840558246073847,0.0,-1765.7370513567857,6.821210263296962e-13,3
0.5,75,200116,4,0.9969825429425296,0.0,0.9969825429425296,0.99537868235153,0.003207721181923808,0.0014135964664896271,-1762.5601170658172,-5.680050740658136,2.503116449684887,-1765.7370513567903,3.865352482534945e-12,3
0.5,76,200117,4,0.9961914778796711,0.0,0.9961914778796711,0.9935647302565415,0.005253495246184043,0.001181774497218022,-1758.095049455708,-7.229040135091231,-0.412961765988482,-1765.7370513567878,1.3642420526593924e-12,3
0.5,77,200118,4,0.9961394867825021,0.0,0.9961394867825021,0.995450599862618,0.001377773839693387,0.0031716262976324828,-1771.3707728800996,-0.010080516586864374,5.643802039899777,-1765.7370513567867,2.2737367544323206e-13,3
0.5,78,200119,4,0.9985932081167331,0.0,0.9985932081167331,0.997381410569402,0.002423595094586756,0.0001949943359546141,-1763.5485389410467,-1.8437275895673453,-0.3447848261761949,-1765.7370513567903,3.865352482534945e-12,3
0.5,79,200120,4,0.9981733333700723,0.0,0.9981733333700723,0.9965416610760802,0.0032633445879086454,0.00019499433595461199,-1762.0637117963531,-3.328554734259006,-0.3447848261761907,-1765.7370513567885,2.0463630789890885e-12,3
0.5,80,200121,4,0.9981733333700723,0.0,0.9981733333700723,0.9965416610760802,0.0032633445879086485,0.0001949943359546089,-1762.063711796349,-3.328554734258994,-0.34478482617618444,-1765.7370513567841,2.2737367544323206e-12,3
0.5,81,200122,4,0.9958784144532712,0.0,0.9958784144532712,0.9922829883082787,0.007190852289910015,0.0005261594017550261,-1762.0899428959326,-2.7127578762755142,-0.9343505845780273,-1765.737051356786,4.547473508864641e-13,3
0.5,82,200123,4,0.99728192481869,0.0,0.99728192481869,0.9960149703072144,0.002533909022875753,0.001451120669853262,-1758.7005367775823,-4.474217046459254,-2.562297532749736,-1765.7370513567912,4.774847184307873e-12,3
0.5,83,200124,4,0.9981733333700723,0.0,0.9981733333700723,0.9965416610760802,0.0032633445879086597,0.00019499433595461359,-1762.0637117963518,-3.3285547342590167,-0.34478482617619327,-1765.737051356787,6.821210263296962e-13,3
0.5,84,200125,4,0.9976295276149433,0.0,0.9976295276149433,0.9966726516963573,0.0019137518370965392,0.001413596466489631,-1764.8514045931975,-3.3887632132717656,2.5031164496848852,-1765.7370513567841,2.2737367544323206e-12,3
0.5,85,200126,4,0.9982601937581977,0.0,0.9982601937581977,0.997239989567366,0.002040408381588025,0.0007196020509893357,-1763.298481341339,-3.021385362647623,0.582815347200324,-1765.7370513567864,0.0,3
0.5,86,200127,4,0.9984106638521631,0.0,0.9984106638521631,0.9970161788541391,0.002788969995972697,0.00019485114983168968,-1764.198210880389,-1.194055650222486,-0.34478482617617,-1765.7370513567878,1.3642420526593924e-12,3
0.5,87,200128,4,0.9979910974233658,0.0,0.9979910974233658,0.9961770459965444,0.0036281028535672215,0.00019485114983169475,-1762.7133837356982,-2.678882794914018,-0.3447848261761791,-1765.7370513567885,2.0463630789890885e-12,3
0.5,88,200129,4,0.9981733333700723,0.0,0.9981733333700723,0.9965416610760802,0.003263344587908647,0.00019499433595462055,-1762.063711796355,-3.328554734258999,-0.3447848261762062,-1765.73705135679,3.637978807091713e-12,3
0.5,89,200130,4,0.9981733333700723,0.0,0.9981733333700723,0.9965416610760802,0.0032633445879086506,0.00019499433595461312,-1762.0637117963538,-3.328554734259036,-0.3447848261761929,-1765.7370513567892,2.7284841053187847e-12,3
0.5,90,200131,4,0.9968614694786521,0.0,0.9968614694786521,0.9950098398445693,0.003703259268090012,0.0012869008872840647,-1756.9257406782376,-6.53898210044732,-2.272328578101525,-1765.7370513567864,0.0,3
0.5,91,200132,4,0.9985932081167332,0.0,0.9985932081167332,0.9973814105694021,0.0024235950945867223,0.0001949943359546059,-1763.548538941044,-1.843727589567286,-0.3447848261761798,-1765.7370513567876,1.1368683772161603e-12,3
0.5,92,200133,4,0.9979910974233658,0.0,0.9979910974233658,0.9961770459965444,0.0036281028535673004,0.00019485114983170266,-1762.7133837356948,-2.6788827949140934,-0.34478482617619244,-1765.737051356785,1.3642420526593924e-12,3
0.5,93,200134,4,0.9979750360857551,0.0,0.9979750360857551,0.996129365852331,0.003691340466773125,0.00017929368083946919,-1765.0652972939185,-0.354059328708467,-0.31769473416041455,-1765.7370513567873,9.094947017729282e-13,3
0.5,94,200135,4,0.9980626569521153,0.0,0.9980626569521153,0.9967044608763351,0.0027163921514845773,0.0005791469721237174,-1759.9179958220398,-4.796434267891379,-1.0226212668600043,-1765.737051356791,4.547473508864641e-12,3
0.5,95,200136,4,0.9982131233475634,0.0,0.9982131233475634,0.997010091017286,0.002406064660479173,0.0005838443221782483,-1764.1874385869057,-1.8931428108579245,0.34353004097789674,-1765.7370513567857,6.821210263296962e-13,3
0.5,96,200137,4,0.9979750360857551,0.0,0.9979750360857551,0.996129365852331,0.003691340466773115,0.00017929368083946978,-1765.065297293912,-0.35405932870846035,-0.31769473416041444,-1765.7370513567807,5.6843418860808015e-12,3
0.5,97,200138,4,0.9981733333700723,0.0,0.9981733333700723,0.9965416610760803,0.0032633445879086125,0.0001949943359545513,-1762.0637117963522,-3.32855473425896,-0.3447848261760832,-1765.737051356787,6.821210263296962e-13,3
0.5,98,200139,4,0.9976295276149433,0.0,0.9976295276149433,0.9966726516963573,0.0019137518370965416,0.001413596466489631,-1764.8514045931965,-3.388763213271768,2.503116449684884,-1765.7370513567832,3.183231456205249e-12,3
0.5,99,200140,4,0.9981733333700721,0.0,0.9981733333700721,0.99654166107608,0.0032633445879087,0.000194994335954607,-1762.0637117963477,-3.3285547342590496,-0.3447848261761809,-1765.737051356783,3.410605131648481e-12,3
0.5,100,200141,4,0.9969825429425296,0.0,0.9969825429425296,0.99537868235153,0.003207721181923764,0.0014135964664896312,-1762.5601170658147,-5.680050740658051,2.5031164496848906,-1765.7370513567878,1.3642420526593924e-12,3
1.0,1,300042,4,0.9968614694786521,0.0,0.9968614694786521,0.9950098398445693,0.003703259268089988,0.0012869008872840584,-1756.92574067824,-6.538982100447286,-2.2723285781015172,-1765.7370513567887,2.2737367544323206e-12,3
1.0,2,300043,4,0.9974018095742014,0.0,0.9974018095742014,0.9962172156148738,0.00236918791858007,0.0014135964664896328,-1764.044944210506,-4.195223595966721,2.503116449684893,-1765.7370513567878,1.3642420526593924e-12,3
1.0,3,300044,4,0.9901620434121523,0.0,0.9901620434121523,0.9824738686558283,0.015376349512574628,0.0021497818315419754,-1783.61998263317,14.669706202718546,3.213225073665144,-1765.7370513567862,2.2737367544323206e-13,4
1.0,4,300045,4,0.99728192481869,0.0,0.99728192481869,0.9960149703072144,0.0025339090228757547,0.001451120669853263,-1758.7005367775769,-4.474217046459243,-2.5622975327497297,-1765.7370513567857,6.821210263296962e-13,3
1.0,5,300046,4,0.9950425702547828,0.0,0.9950425702547828,0.9923458263812674,0.0053934877469558615,0.0022606858717203844,-1762.2015303541002,-6.860463224008492,3.3249422213187287,-1765.73705135679,3.637978807091713e-12,3
1.0,6,300047,4,0.9965396601071553,0.0,0.9965396601071553,0.9941363166312921,0.0048066869516509075,0.001056996417000326,-1757.728100515446,-8.498682307399559,0.4897314660576361,-1765.7370513567878,1.3642420526593924e-12,3
1.0,7,300048,4,0.9969825429425295,0.0,0.9969825429425295,0.9953786823515299,0.0032077211819238915,0.0014135964664896347,-1762.560117065818,-5.680050740658288,2.503116449684902,-1765.7370513567914,5.002220859751105e-12,3
1.0,8,300049,4,0.9972819248186902,0.0,0.9972819248186902,0.9960149703072145,0.0025339090228756376,0.001451120669853249,-1758.700536777577,-4.474217046459036,-2.562297532749705,-1765.7370513567857,6.821210263296962e-13,3
1.0,9,300050,4,0.99728192481869,0.0,0.99728192481869,0.9960149703072144,0.0025339090228757785,0.001451120669853272,-1758.700536777577,-4.474217046459286,-2.5622975327497457,-1765.737051356786,4.547473508864641e-13,3
1.0,10,300051,4,0.9968614694786521,0.0,0.9968614694786521,0.9950098398445693,0.003703259268089996,0.0012869008872840569,-1756.925740678239,-6.538982100447296,-2.2723285781015132,-1765.7370513567878,1.3642420526593924e-12,3
1.0,11,300052,4,0.996232136059644,0.0,0.996232136059644,0.9941903851163755,0.004083501886461655,0.0017261129971063126,-1760.5454060439322,-3.8131541033578147,-1.3784912095094166,-1765.7370513567994,1.2960299500264227e-11,3
1.0,12,300053,4,0.99728192481869,0.0,0.99728192481869,0.9960149703072144,0.0025339090228757646,0.0014511206698532527,-1758.7005367775835,-4.474217046459277,-2.562297532749721,-1765.7370513567923,5.9117155615240335e-12,3
1.0,13,300054,4,0.9966448987251931,0.0,0.9966448987251931,0.9946954109127731,0.003898975624764863,0.0014056134624057764,-1771.3535848044278,3.113416997946996,2.5031164496848923,-1765.7370513567957,9.322320693172514e-12,3
1.0,14,300055,4,0.9968614694786521,0.0,0.9968614694786521,0.9950098398445693,0.003703259268090002,0.0012869008872840647,-1756.9257406782376,-6.538982100447302,-2.272328578101525,-1765.7370513567864,0.0,3
1.0,15,300056,4,0.9981733333700721,0.0,0.9981733333700721,0.99654166107608,0.0032633445879087495,0.00019499433595464465,-1762.0637117963572,-3.328554734259118,-0.34478482617624934,-1765.7370513567926,6.139089236967266e-12,3
1.0,16,300057,4,0.9957647774834508,0.0,0.9957647774834508,0.9935932452280242,0.0043430645107782285,0.002063690261141312,-1766.8426676612842,-2.5641107429961214,3.6697270474949146,-1765.7370513567853,1.1368683772161603e-12,3
1.0,17,300058,4,0.9919719197140072,0.0,0.9919719197140072,0.988866369799798,0.006211099828343572,0.004922530371802332,-1763.4391535809386,-11.076215107121483,8.778317331273994,-1765.7370513567862,2.2737367544323206e-13,3
1.0,18,300059,4,0.9976295276149433,0.0,0.9976295276149433,0.9966726516963573,0.0019137518370965373,0.001413596466489635,-1764.8514045931997,-3.3887632132717664,2.5031164496848954,-1765.7370513567864,0.0,3
1.0,19,300060,4,0.9961394867825021,0.0,0.9961394867825021,0.9954505998626179,0.0013777738396935088,0.003171626297632473,-1771.3707728800994,-0.01008051658700293,5.643802039899759,-1765.7370513567867,2.2737367544323206e-13,3
1.0,20,300061,4,0.9926758712516524,0.0,0.9926758712516524,0.9902554352928388,0.004840871917552478,0.0049036927895526146,-1764.4238672662889,-8.625400725200631,7.312216634703136,-1765.7370513567864,0.0,4
1.0,21,300062,4,0.9966448987251931,0.0,0.9966448987251931,0.9946954109127731,0.003898975624764857,0.0014056134624057764,-1771.353584804429,3.113416997946982,2.503116449684894,-1765.7370513567969,1.0459189070388675e-11,3
1.0,22,300063,4,0.995836079274463,0.0,0.995836079274463,0.9948481426426747,0.001975873263501355,0.003175984093767587,-1767.869677891428,-3.5111755052600593,5.643802039899748,-1765.7370513567882,1.8189894035458565e-12,3
1.0,23,300064,4,0.9961914778796711,0.0,0.9961914778796711,0.9935647302565415,0.005253495246184036,0.0011817744972180445,-1758.0950494557098,-7.22904013509123,-0.41296176598852596,-1765.7370513567896,3.183231456205249e-12,3
1.0,24,300065,4,0.9945575417739313,0.0,0.9945575417739313,0.9906026990461907,0.00790968545540579,0.0014876154983471603,-1756.7894201332324,-11.585850533111037,2.6382193095565714,-1765.7370513567869,4.547473508864641e-13,3
1.0,25,300066,4,0.9965396601071553,0.0,0.9965396601071553,0.9941363166312921,0.004806686951650905,0.0010569964170003372,-1757.728100515445,-8.49868230739955,0.48973146605765183,-1765.7370513567869,4.547473508864641e-13,3
1.0,26,300067,4,0.9979910974233658,0.0,0.9979910974233658,0.9961770459965444,0.003628102853567278,0.0001948511498317077,-1762.713383735698,-2.6788827949140783,-0.344784826176202,-1765.7370513567882,1.8189894035458565e-12,3
1.0,27,300068,4,0.99728192481869,0.0,0.99728192481869,0.9960149703072144,0.0025339090228757456,0.0014511206698532607,-1758.70053677758,-4.474217046459235,-2.56229753274973,-1765.737051356789,2.5011104298755527e-12,3
1.0,28,300069,4,0.995836079274463,0.0,0.995836079274463,0.9948481426426747,0.001975873263501399,0.003175984093767594,-1767.869677891427,-3.5111755052601357,5.643802039899757,-1765.7370513567873,9.094947017729282e-13,3
1.0,29,300070,4,0.9960987620189644,0.0,0.9960987620189644,0.9940688606878312,0.0040598026621914435,0.0018713366499210585,-1763.6090037054928,1.191949881353189,-3.3199975326470392,-1765.7370513567867,2.2737367544323206e-13,3
1.0,30,300071,4,0.9968614694786521,0.0,0.9968614694786521,0.9950098398445693,0.0037032592680899938,0.0012869008872840543,-1756.925740678239,-6.538982100447292,-2.272328578101509,-1765.7370513567878,1.3642420526593924e-12,3
1.0,31,300072,4,0.9976295276149433,0.0,0.9976295276149433,0.9966726516963573,0.0019137518370965399,0.001413596466489632,-1764.8514045931988,-3.3887632132717695,2.5031164496848888,-1765.7370513567855,9.094947017729282e-13,3
1.0,32,300073,4,0.99728192481869,0.0,0.99728192481869,0.9960149703072144,0.002533909022875746,0.0014511206698532614,-1758.7005367775807,-4.474217046459237,-2.5622975327497324,-1765.7370513567896,3.183231456205249e-12,3
1.0,33,300074,4,0.9928449781509117,0.0,0.9928449781509117,0.9908585987962085,0.0039727587093313,0.005168642494403985,-1765.1627642524854,-4.440706349302916,3.866419245003196,-1765.737051356785,1.3642420526593924e-12,4
1.0,34,300075,4,0.9919706497255061,0.0,0.9919706497255061,0.9865481753094918,0.010844948831953395,0.002606875858498414,-1751.114542545353,-19.249691082583176,4.627182271149506,-1765.7370513567869,4.547473508864641e-13,3
1.0,35,300076,4,0.9959598899665573,0.0,0.9959598899665573,0.9950890920389183,0.0017415958552030103,0.003169312105822503,-1772.020444819444,0.6395914227579381,5.643802039899754,-1765.7370513567862,2.2737367544323206e-13,3
1.0,36,300077,4,0.998062656952115,0.0,0.998062656952115,0.996704460876335,0.002716392151484588,0.0005791469721237388,-1759.9179958220352,-4.796434267891386,-1.0226212668600396,-1765.7370513567867,2.2737367544323206e-13,3
1.0,37,300078,4,0.995042570254783,0.0,0.995042570254783,0.9923458263812676,0.005393487746955735,0.0022606858717203696,-1762.2015303540988,-6.8604632240082575,3.3249422213187603,-1765.7370513567885,2.0463630789890885e-12,3
1.0,38,300079,4,0.998062656952115,0.0,0.998062656952115,0.996704460876335,0.002716392151484603,0.0005791469721237218,-1759.9179958220357,-4.796434267891414,-1.0226212668600099,-1765.737051356787,6.821210263296962e-13,3
1.0,39,300080,4,0.9972819248186902,0.0,0.9972819248186902,0.9960149703072145,0.002533909022875639,0.0014511206698532542,-1758.7005367775791,-4.474217046459043,-2.562297532749717,-1765.7370513567878,1.3642420526593924e-12,3
1.0,40,300081,4,0.9969825429425296,0.0,0.9969825429425296,0.99537868235153,0.003207721181923797,0.0014135964664896425,-1762.5601170658138,-5.680050740658106,2.503116449684909,-1765.7370513567869,4.547473508864641e-13,3
1.0,41,300082,4,0.99728192481869,0.0,0.99728192481869,0.9960149703072144,0.0025339090228757373,0.0014511206698532674,-1758.7005367775778,-4.474217046459215,-2.5622975327497386,-1765.7370513567867,2.2737367544323206e-13,3
1.0,42,300083,4,0.9954182946533693,0.0,0.9954182946533693,0.9940125734004873,0.002811442505688722,0.0031759840937675907,-1766.3848507467346,-4.996002649951555,5.643802039899748,-1765.7370513567864,0.0,3
1.0,43,300084,4,0.9947198476897072,0.0,0.9947198476897072,0.9914978060798384,0.006444083219663025,0.002058110700442641,-1770.3629148171942,7.8394241719300375,-3.213560711521802,-1765.737051356786,4.547473508864641e-13,4
1.0,44,300085,4,0.9972819248186898,0.0,0.9972819248186898,0.9960149703072143,0.002533909022875745,0.0014511206698532917,-1758.7005367775785,-4.474217046459231,-2.562297532749783,-1765.7370513567876,1.1368683772161603e-12,3
1.0,45,300086,4,0.998062656952115,0.0,0.998062656952115,0.9967044608763349,0.0027163921514846063,0.0005791469721237384,-1759.917995822041,-4.796434267891434,-1.0226212668600423,-1765.7370513567926,6.139089236967266e-12,3
1.0,46,300087,4,0.9985932081167331,0.0,0.9985932081167331,0.9973814105694019,0.002423595094586868,0.00019499433595461844,-1763.5485389410437,-1.8437275895675427,-0.344784826176202,-1765.7370513567876,1.1368683772161603e-12,3
1.0,47,300088,4,0.995836079274463,0.0,0.995836079274463,0.9948481426426747,0.001975873263501344,0.0031759840937675954,-1767.8696778914268,-3.5111755052600375,5.643802039899759,-1765.737051356787,6.821210263296962e-13,3
1.0,48,300089,4,0.99728192481869,0.0,0.99728192481869,0.9960149703072144,0.0025339090228757447,0.00145112066985326,-1758.7005367775798,-4.474217046459232,-2.562297532749729,-1765.7370513567887,2.2737367544323206e-12,3
1.0,49,300090,4,0.9985932081167332,0.0,0.9985932081167332,0.997381410569402,0.002423595094586888,0.000194994335954573,-1763.5485389410374,-1.8437275895676484,-0.3447848261761204,-1765.737051356781,5.4569682106375694e-12,3
1.0,50,300091,4,0.9944422101585579,0.0,0.9944422101585579,0.9907502008756723,0.007384018565695797,0.0018657805585753765,-1754.631970947247,-13.077196490080487,1.9721160805413394,-1765.7370513567862,2.2737367544323206e-13,3
1.0,51,300092,4,0.9961998059083043,0.0,0.9961998059083043,0.9926908434375217,0.007017924941490333,0.000291231620932002,-1774.5563555330168,8.878629925874435,-0.05932574965620907,-1765.7370513567985,1.2050804798491299e-11,4
1.0,52,300093,4,0.995042570254783,0.0,0.995042570254783,0.9923458263812676,0.005393487746955754,0.0022606858717203813,-1762.2015303541007,-6.860463224008301,3.324942221318735,-1765.7370513567903,3.865352482534945e-12,3
1.0,53,300094,4,0.9981733333700723,0.0,0.9981733333700723,0.9965416610760802,0.0032633445879086584,0.00019499433595460776,-1762.0637117963502,-3.328554734259022,-0.34478482617618267,-1765.7370513567855,9.094947017729282e-13,3
1.0,54,300095,4,0.9960987620189644,0.0,0.9960987620189644,0.9940688606878312,0.00405980266219146,0.0018713366499210663,-1763.6090037054928,1.1919498813531624,-3.319997532647053,-1765.7370513567867,2.2737367544323206e-13,3
1.0,55,300096,4,0.9961914778796711,0.0,0.9961914778796711,0.9935647302565414,0.005253495246184029,0.0011817744972180612,-1758.095049455714,-7.229040135091241,-0.4129617659885605,-1765.7370513567937,7.275957614183426e-12,3
1.0,56,300097,4,0.9959598899665573,0.0,0.9959598899665573,0.9950890920389183,0.0017415958552030153,0.0031693121058224993,-1772.020444819444,0.639591422757947,5.643802039899747,-1765.7370513567862,2.2737367544323206e-13,3
1.0,57,300098,4,0.9954182946533693,0.0,0.9954182946533693,0.9940125734004874,0.002811442505688677,0.003175984093767588,-1766.3848507467362,-4.996002649951478,5.643802039899748,-1765.7370513567878,1.3642420526593924e-12,3
1.0,58,300099,4,0.9957757090382152,0.0,0.9957757090382152,0.9938733398761738,0.0038047383240075875,0.0023219217997622306,-1763.1065717436463,-6.749511103354932,4.119031490215511,-1765.7370513567857,6.821210263296962e-13,3
1.0,59,300100,4,0.9969825429425296,0.0,0.9969825429425296,0.99537868235153,0.003207721181923786,0.0014135964664896323,-1762.5601170658163,-5.680050740658095,2.503116449684895,-1765.7370513567894,2.9558577807620168e-12,3
1.0,60,300101,4,0.9972819248186902,0.0,0.9972819248186902,0.9960149703072145,0.0025339090228756397,0.0014511206698532403,-1758.7005367775766,-4.474217046459039,-2.562297532749689,-1765.7370513567853,1.1368683772161603e-12,3
1.0,61,300102,4,0.9953581381079658,0.0,0.9953581381079658,0.9924478182939258,0.005820639628004944,0.0017315420780131408,-1767.993875659306,4.214086302569136,-1.9572620000520642,-1765.737051356789,2.5011104298755527e-12,4
1.0,62,300103,4,0.998062656952115,0.0,0.998062656952115,0.996704460876335,0.002716392151484616,0.0005791469721237261,-1759.9179958220352,-4.796434267891435,-1.0226212668600172,-1765.7370513567867,2.2737367544323206e-13,3
1.0,63,300104,4,0.9968614694786521,0.0,0.9968614694786521,0.9950098398445693,0.003703259268089957,0.0012869008872840202,-1756.9257406782438,-6.538982100447245,-2.2723285781014546,-1765.7370513567926,6.139089236967266e-12,3
1.0,64,300105,4,0.9955411296022807,0.0,0.9955411296022807,0.9924932391083372,0.00609578098781201,0.0014109799037946434,-1770.890587397987,5.3546392610778675,-0.201103219878087,-1765.7370513567873,9.094947017729282e-13,4
1.0,65,300106,4,0.99843896738542,0.0,0.99843896738542,0.9972905514299683,0.002296831910828033,0.0004126166591470712,-1761.03073626846,-4.055780519739956,-0.65053456858993,-1765.7370513567898,3.410605131648481e-12,3
1.0,66,300107,4,0.9954530129960597,0.0,0.9954530129960597,0.9927441956650499,0.005417634661944502,0.0018381696729491478,-1761.2588735953404,-1.2170228115716677,-3.2611549498777985,-1765.73705135679,3.637978807091713e-12,3
1.0,67,300108,4,0.9965396601071553,0.0,0.9965396601071553,0.9941363166312922,0.004806686951650916,0.001056996417000319,-1757.7281005154468,-8.498682307399578,0.48973146605768303,-1765.7370513567887,2.2737367544323206e-12,3
1.0,68,300109,4,0.99728192481869,0.0,0.99728192481869,0.9960149703072144,0.002533909022875754,0.0014511206698532627,-1758.7005367775769,-4.474217046459241,-2.562297532749729,-1765.7370513567857,6.821210263296962e-13,3
1.0,69,300110,4,0.9965396601071553,0.0,0.9965396601071553,0.9941363166312921,0.0048066869516509006,0.0010569964170003305,-1757.728100515444,-8.498682307399537,0.4897314660576415,-1765.737051356786,4.547473508864641e-13,3
1.0,70,300111,4,0.9953036183084052,0.0,0.9953036183084052,0.9924951272608468,0.005616982095041502,0.0018878906440552548,-1754.826320722836,-9.931361628556553,-0.9793690053942412,-1765.7370513567869,4.547473508864641e-13,3
1.0,71,300112,4,0.9974018095742015,0.0,0.9974018095742015,0.9962172156148739,0.002369187918579924,0.0014135964664896282,-1764.0449442105094,-4.195223595966469,2.5031164496848897,-1765.737051356791,4.547473508864641e-12,3
1.0,72,300113,4,0.9985932081167332,0.0,0.9985932081167332,0.9973814105694021,0.0024235950945866954,0.00019499433595461069,-1763.5485389410421,-1.843727589567245,-0.3447848261761879,-1765.7370513567855,9.094947017729282e-13,3
1.0,73,300114,4,0.99728192481869,0.0,0.99728192481869,0.9960149703072144,0.0025339090228757703,0.0014511206698532488,-1758.7005367775794,-4.474217046459277,-2.562297532749708,-1765.7370513567882,1.8189894035458565e-12,3
1.0,74,300115,4,0.997991097423366,0.0,0.997991097423366,0.9961770459965447,0.0036281028535673156,0.00019485114983159403,-1762.7133837356969,-2.6788827949141387,-0.3447848261760006,-1765.737051356787,6.821210263296962e-13,3
1.0,75,300116,4,0.9955411296022807,0.0,0.9955411296022807,0.9924932391083372,0.006095780987812004,0.001410979903794656,-1770.890587397985,5.354639261077842,-0.20110321987806418,-1765.7370513567853,1.1368683772161603e-12,4
1.0,76,300117,4,0.9976295276149433,0.0,0.9976295276149433,0.9966726516963573,0.0019137518370965212,0.0014135964664896317,-1764.8514045931993,-3.388763213271737,2.5031164496848888,-1765.737051356786,4.547473508864641e-13,3
1.0,77,300118,4,0.9955411296022807,0.0,0.9955411296022807,0.9924932391083372,0.006095780987812003,0.0014109799037946538,-1770.8905873979854,5.354639261077841,-0.20110321987806729,-1765.7370513567857,6.821210263296962e-13,4
1.0,78,300119,4,0.9962964886617405,0.0,0.9962964886617405,0.9932824264948427,0.006028124333720304,0.000689449171380595,-1763.864738995273,-0.6479928222874052,-1.2243195392262933,-1765.7370513567869,4.547473508864641e-13,3
1.0,79,300120,4,0.9979910974233658,0.0,0.9979910974233658,0.9961770459965444,0.0036281028535673403,0.00019485114983163729,-1762.7133837356962,-2.6788827949141787,-0.34478482617607703,-1765.7370513567864,0.0,3
1.0,80,300121,4,0.9981733333700721,0.0,0.9981733333700721,0.99654166107608,0.0032633445879086975,0.0001949943359546008,-1762.0637117963543,-3.3285547342590522,-0.3447848261761712,-1765.7370513567896,3.183231456205249e-12,3
1.0,81,300122,4,0.9953581381079658,0.0,0.9953581381079658,0.9924478182939258,0.005820639628005003,0.0017315420780131415,-1767.9938756593042,4.214086302569041,-1.957262000052066,-1765.737051356787,6.821210263296962e-13,4
1.0,82,300123,4,0.9968614694786521,0.0,0.9968614694786521,0.9950098398445693,0.003703259268090004,0.0012869008872840233,-1756.9257406782403,-6.538982100447315,-2.2723285781014555,-1765.7370513567892,2.7284841053187847e-12,3
1.0,83,300124,4,0.9958784144532711,0.0,0.9958784144532711,0.9922829883082785,0.007190852289910006,0.0005261594017550431,-1762.089942895933,-2.712757876275505,-0.9343505845780578,-1765.7370513567867,2.2737367544323206e-13,3
1.0,84,300125,4,0.9965396601071553,0.0,0.9965396601071553,0.9941363166312921,0.004806686951650901,0.0010569964170003357,-1757.7281005154457,-8.498682307399548,0.4897314660576469,-1765.7370513567876,1.1368683772161603e-12,3
1.0,85,300126,4,0.9968614694786521,0.0,0.9968614694786521,0.9950098398445693,0.003703259268089997,0.0012869008872840595,-1756.925740678238,-6.538982100447294,-2.272328578101517,-1765.7370513567869,4.547473508864641e-13,3
1.0,86,300127,4,0.995836079274463,0.0,0.995836079274463,0.9948481426426748,0.001975873263501305,0.003175984093767591,-1767.8696778914261,-3.511175505259966,5.643802039899748,-1765.7370513567862,2.2737367544323206e-13,3
1.0,87,300128,4,0.9974018095742014,0.0,0.9974018095742014,0.9962172156148739,0.0023691879185799873,0.0014135964664896321,-1764.0449442105037,-4.195223595966568,2.5031164496848888,-1765.7370513567853,1.1368683772161603e-12,3
1.0,88,300129,4,0.9981733333700721,0.0,0.9981733333700721,0.9965416610760802,0.00326334458790866,0.00019499433595464248,-1762.0637117963568,-3.328554734259037,-0.34478482617624534,-1765.737051356792,5.6843418860808015e-12,3
1.0,89,300130,4,0.9954182946533693,0.0,0.9954182946533693,0.9940125734004873,0.0028114425056887005,0.0031759840937675863,-1766.3848507467364,-4.996002649951522,5.643802039899747,-1765.7370513567882,1.8189894035458565e-12,3
1.0,90,300131,4,0.9957757090382152,0.0,0.9957757090382152,0.9938733398761738,0.003804738324007584,0.0023219217997622276,-1763.1065717436486,-6.7495111033549335,4.119031490215511,-1765.737051356788,1.5916157281026244e-12,3
1.0,91,300132,4,0.9972819248186902,0.0,0.9972819248186902,0.9960149703072145,0.002533909022875641,0.0014511206698532445,-1758.700536777578,-4.474217046459044,-2.562297532749698,-1765.7370513567867,2.2737367544323206e-13,3
1.0,92,300133,4,0.998062656952115,0.0,0.998062656952115,0.996704460876335,0.0027163921514845924,0.0005791469721237452,-1759.9179958220393,-4.796434267891405,-1.0226212668600534,-1765.7370513567907,4.320099833421409e-12,3
1.0,93,300134,4,0.9976295276149433,0.0,0.9976295276149433,0.9966726516963573,0.001913751837096538,0.001413596466489633,-1764.8514045931981,-3.3887632132717647,2.5031164496848897,-1765.7370513567848,1.5916157281026244e-12,3
1.0,94,300135,4,0.9932318628030171,0.0,0.9932318628030171,0.9892940993241567,0.00787552695764633,0.002830373718141153,-1772.2592178699956,10.441749984899968,-3.9195834716901206,-1765.7370513567857,6.821210263296962e-13,4
1.0,95,300136,4,0.9982131233475634,0.0,0.9982131233475634,0.997010091017286,0.002406064660479169,0.0005838443221782393,-1764.187438586908,-1.8931428108579078,0.3435300409779195,-1765.737051356788,1.5916157281026244e-12,3
1.0,96,300137,4,0.9958784144532712,0.0,0.9958784144532712,0.9922829883082788,0.007190852289909966,0.0005261594017550406,-1762.0899428959344,-2.7127578762756084,-0.934350584578054,-1765.737051356788,1.5916157281026244e-12,3
1.0,97,300138,4,0.9957757090382152,0.0,0.9957757090382152,0.9938733398761738,0.0038047383240075857,0.0023219217997622246,-1763.1065717436477,-6.7495111033549335,4.119031490215504,-1765.737051356787,6.821210263296962e-13,3
1.0,98,300139,4,0.9968614694786521,0.0,0.9968614694786521,0.9950098398445694,0.0037032592680899716,0.0012869008872840586,-1756.925740678247,-6.538982100447282,-2.2723285781015266,-1765.7370513567957,9.322320693172514e-12,3
1.0,99,300140,4,0.9953581381079658,0.0,0.9953581381079658,0.9924478182939258,0.005820639628004979,0.0017315420780131363,-1767.993875659311,4.214086302569031,-1.9572620000520635,-1765.737051356794,7.503331289626658e-12,4
1.0,100,300141,4,0.9979910974233658,0.0,0.9979910974233658,0.9961770459965444,0.0036281028535673043,0.00019485114983171462,-1762.7133837356957,-2.678882794914119,-0.3447848261762138,-1765.7370513567862,2.2737367544323206e-13,3
1.5,1,400042,4,0.9949371263916017,0.0,0.9949371263916017,0.9907928349550662,0.008288582872996627,0.0009185821718815523,-1778.9698977512471,14.882161947352255,-1.6493155528949235,-1765.7370513567898,3.410605131648481e-12,4
1.5,2,400043,4,0.9945575417739311,0.0,0.9945575417739311,0.9906026990461906,0.007909685455405817,0.001487615498347191,-1756.789420133232,-11.585850533111,2.6382193095566255,-1765.7370513567862,2.2737367544323206e-13,3
1.5,3,400044,4,0.9953581381079658,0.0,0.9953581381079658,0.9924478182939258,0.0058206396280049985,0.0017315420780131432,-1767.9938756593056,4.214086302569042,-1.9572620000520606,-1765.7370513567885,2.0463630789890885e-12,4
1.5,4,400045,4,0.9960987620189644,0.0,0.9960987620189644,0.9940688606878312,0.004059802662191457,0.0018713366499210713,-1763.6090037054926,1.1919498813531852,-3.3199975326470614,-1765.7370513567864,0.0,3
1.5,5,400046,4,0.9980626569521153,0.0,0.9980626569521153,0.9967044608763351,0.0027163921514845846,0.0005791469721237041,-1759.9179958220393,-4.7964342678913905,-1.0226212668599806,-1765.7370513567905,4.092726157978177e-12,3
1.5,6,400047,4,0.9981733333700721,0.0,0.9981733333700721,0.9965416610760801,0.0032633445879087617,0.0001949943359546106,-1762.0637117963583,-3.328554734259134,-0.34478482617618933,-1765.7370513567937,7.275957614183426e-12,3
1.5,7,400048,4,0.9980626569521153,0.0,0.9980626569521153,0.9967044608763351,0.0027163921514845907,0.0005791469721236962,-1759.9179958220402,-4.796434267891404,-1.0226212668599672,-1765.7370513567914,5.002220859751105e-12,3
1.5,8,400049,4,0.9957757090382152,0.0,0.9957757090382152,0.9938733398761738,0.003804738324007583,0.0023219217997622254,-1763.1065717436475,-6.749511103354928,4.119031490215505,-1765.7370513567869,4.547473508864641e-13,3
1.5,9,400050,4,0.9960987620189644,0.0,0.9960987620189644,0.9940688606878312,0.004059802662191451,0.0018713366499210691,-1763.6090037054933,1.191949881353179,-3.3199975326470588,-1765.737051356787,6.821210263296962e-13,3
1.5,10,400051,4,0.9953036183084052,0.0,0.9953036183084052,0.9924951272608468,0.0056169820950415054,0.0018878906440552427,-1754.8263207228363,-9.93136162855656,-0.9793690053942221,-1765.7370513567869,4.547473508864641e-13,3
1.5,11,400052,4,0.9965396601071553,0.0,0.9965396601071553,0.9941363166312922,0.004806686951650932,0.001056996417000325,-1757.7281005154475,-8.49868230739961,0.4897314660577621,-1765.7370513567894,2.9558577807620168e-12,3
1.5,12,400053,4,0.9932318628030171,0.0,0.9932318628030171,0.9892940993241567,0.007875526957646343,0.002830373718141151,-1772.2592178699954,10.441749984899992,-3.9195834716901277,-1765.7370513567855,9.094947017729282e-13,4
1.5,13,400054,4,0.9975656760479567,0.0,0.9975656760479567,0.9957085655294394,0.003714221036959177,0.000577213433544932,-1761.884417847853,-4.2078967615813365,0.35526325264644815,-1765.737051356788,1.5916157281026244e-12,3
1.5,14,400055,4,0.9968614694786521,0.0,0.9968614694786521,0.9950098398445693,0.003703259268090001,0.0012869008872840614,-1756.925740678245,-6.538982100447327,-2.2723285781015288,-1765.7370513567937,7.275957614183426e-12,3
1.5,15,400056,4,0.9972819248186902,0.0,0.9972819248186902,0.9960149703072145,0.0025339090228756423,0.0014511206698532395,-1758.7005367775773,-4.474217046459045,-2.5622975327496884,-1765.737051356786,4.547473508864641e-13,3
1.5,16,400057,4,0.9954514680261637,0.0,0.9954514680261637,0.9936063911390297,0.0036901537741930186,0.00270345508672094,-1764.4401131350944,3.503840679902806,-4.8007789015943345,-1765.737051356786,4.547473508864641e-13,3
1.5,17,400058,4,0.9972819248186902,0.0,0.9972819248186902,0.9960149703072145,0.0025339090228756575,0.0014511206698532271,-1758.7005367775796,-4.474217046459078,-2.5622975327496698,-1765.7370513567882,1.8189894035458565e-12,3
1.5,18,400059,4,0.994833161315373,0.0,0.994833161315373,0.9928423067244949,0.003981709181681114,0.003175984093767588,-1764.3052580100607,-7.075595386625972,5.643802039899746,-1765.7370513567869,4.547473508864641e-13,3
1.5,19,400060,4,0.9932318628030171,0.0,0.9932318628030171,0.9892940993241567,0.00787552695764634,0.0028303737181411453,-1772.2592178699956,10.441749984899989,-3.9195834716901365,-1765.7370513567857,6.821210263296962e-13,4
1.5,20,400061,4,0.9958714788875757,0.0,0.9958714788875757,0.9937445701997213,0.004253817375633594,0.0020016124245887217,-1763.0336696946938,0.8477422424163517,-3.5511239045260012,-1765.7370513568035,1.7053025658242404e-11,3
1.5,21,400062,4,0.9960987620189644,0.0,0.9960987620189644,0.9940688606878312,0.004059802662191453,0.0018713366499210728,-1763.6090037054921,1.1919498813531773,-3.319997532647063,-1765.737051356786,4.547473508864641e-13,3
1.5,22,400063,4,0.9896643651425884,0.0,0.9896643651425884,0.9819965270128439,0.015335676259415567,0.002667796727685565,-1783.953997449233,21.385259097430268,-3.168313004988727,-1765.7370513567914,5.002220859751105e-12,5
1.5,23,400064,4,0.9972819248186902,0.0,0.9972819248186902,0.9960149703072145,0.0025339090228756393,0.0014511206698532462,-1758.7005367775769,-4.474217046459039,-2.5622975327496995,-1765.7370513567855,9.094947017729282e-13,3
1.5,24,400065,4,0.9953581381079658,0.0,0.9953581381079658,0.9924478182939258,0.005820639628004999,0.001731542078013136,-1767.993875659304,4.214086302569035,-1.957262000052076,-1765.7370513567869,4.547473508864641e-13,4
1.5,25,400066,4,0.9981733333700721,0.0,0.9981733333700721,0.9965416610760801,0.0032633445879086736,0.0001949943359545796,-1762.0637117963627,-3.3285547342589377,-0.3447848261761354,-1765.7370513567978,1.1368683772161603e-11,3
1.5,26,400067,4,0.9965396601071553,0.0,0.9965396601071553,0.9941363166312921,0.004806686951650945,0.0010569964170003298,-1757.7281005154457,-8.498682307399624,0.4897314660576535,-1765.7370513567876,1.1368683772161603e-12,3
1.5,27,400068,4,0.9932318628030171,0.0,0.9932318628030171,0.9892940993241567,0.007875526957646341,0.0028303737181411518,-1772.2592178699956,10.441749984899992,-3.919583471690121,-1765.7370513567857,6.821210263296962e-13,4
1.5,28,400069,4,0.9981733333700723,0.0,0.9981733333700723,0.9965416610760802,0.003263344587908639,0.00019499433595461497,-1762.0637117963577,-3.3285547342590087,-0.3447848261761969,-1765.737051356793,6.59383658785373e-12,3
1.5,29,400070,4,0.9953581381079658,0.0,0.9953581381079658,0.9924478182939258,0.0058206396280050055,0.0017315420780131313,-1767.993875659304,4.214086302569045,-1.957262000052074,-1765.7370513567869,4.547473508864641e-13,4
1.5,30,400071,4,0.9941878736202985,0.0,0.9941878736202985,0.9905443302149243,0.007287086810673601,0.002168582974346105,-1772.4074178775434,10.550669938554485,-3.8803034177985873,-1765.7370513567876,1.1368683772161603e-12,4
1.5,31,400072,4,0.9958784144532712,0.0,0.9958784144532712,0.9922829883082787,0.007190852289910038,0.0005261594017549885,-1762.0899428959349,-2.7127578762755737,-0.9343505845779618,-1765.7370513567885,2.0463630789890885e-12,3
1.5,32,400073,4,0.994457031331662,0.0,0.994457031331662,0.9915398857228377,0.00583429121757337,0.0026258230595326503,-1760.7703459585932,-7.6432392783404834,2.6765338801476153,-1765.737051356786,4.547473508864641e-13,3
1.5,33,400074,4,0.9932318628030171,0.0,0.9932318628030171,0.9892940993241567,0.007875526957646341,0.002830373718141149,-1772.2592178699958,10.441749984899992,-3.919583471690129,-1765.737051356786,4.547473508864641e-13,4
1.5,34,400075,4,0.9952243976414903,0.0,0.9952243976414903,0.9932824042006629,0.0038839868815795857,0.0028336089177011512,-1763.8647791242797,3.1596330409660016,-5.031905273473276,-1765.737051356787,6.821210263296962e-13,3
1.5,35,400076,4,0.9968614694786521,0.0,0.9968614694786521,0.9950098398445693,0.0037032592680900016,0.0012869008872840651,-1756.9257406782372,-6.538982100447299,-2.2723285781015257,-1765.737051356786,4.547473508864641e-13,3
1.5,36,400077,4,0.9949485766999056,0.0,0.9949485766999056,0.9900739856018874,0.009749182195961855,0.00017683220209490695,-1775.371686435748,9.951725406972082,-0.31709032801071857,-1765.7370513567864,0.0,3
1.5,37,400078,4,0.994833161315373,0.0,0.994833161315373,0.9928423067244948,0.003981709181681303,0.003175984093767582,-1764.3052580100643,-7.075595386626323,5.643802039899747,-1765.7370513567907,4.320099833421409e-12,3
1.5,38,400079,4,0.9947198476897072,0.0,0.9947198476897072,0.9914978060798384,0.00644408321966301,0.0020581107004426355,-1770.3629148171942,7.839424171930013,-3.2135607115217937,-1765.737051356786,4.547473508864641e-13,4
1.5,39,400080,4,0.9968614694786521,0.0,0.9968614694786521,0.9950098398445693,0.0037032592680900055,0.0012869008872840612,-1756.9257406782413,-6.538982100447321,-2.272328578101524,-1765.73705135679,3.637978807091713e-12,3
1.5,40,400081,4,0.9955597290998878,0.0,0.9955597290998878,0.9917826753349764,0.0075541075297475705,0.0006632171352197361,-1763.540711074311,-3.3756414008855673,1.1793011184098803,-1765.7370513567867,2.2737367544323206e-13,3
1.5,41,400082,4,0.9926003659724647,0.0,0.9926003659724647,0.9886502581610292,0.00790021562279683,0.00344952621611836,-1783.7528176329556,12.951902145565036,5.063864130603356,-1765.737051356787,6.821210263296962e-13,4
1.5,42,400083,4,0.9939147616869332,0.0,0.9939147616869332,0.9926831621142537,0.0024631991452841186,0.0048536387404060815,-1766.5730336898782,4.38349450533548,-3.547512172244873,-1765.7370513567878,1.3642420526593924e-12,3
1.5,43,400084,4,0.9931755672790411,0.0,0.9931755672790411,0.98879809459012,0.00875494537776771,0.0024469600320564913,-1773.865104462409,10.645372752431298,-2.5173196468086294,-1765.7370513567862,2.2737367544323206e-13,4
1.5,44,400085,4,0.9939147616869332,0.0,0.9939147616869332,0.9926831621142537,0.0024631991452841117,0.004853638740406066,-1766.5730336898837,4.383494505335481,-3.5475121722448733,-1765.7370513567932,6.821210263296962e-12,3
1.5,45,400086,4,0.9948063234519161,0.0,0.9948063234519161,0.992282966059269,0.005046714785219092,0.002670319155455577,-1762.0899830249475,1.0948679869779758,-4.741936318825068,-1765.7370513567946,8.185452315956354e-12,3
1.5,46,400087,4,0.9968614694786521,0.0,0.9968614694786521,0.9950098398445693,0.003703259268089999,0.001286900887284066,-1756.9257406782372,-6.538982100447295,-2.272328578101527,-1765.737051356786,4.547473508864641e-13,3
1.5,47,400088,4,0.9896643651425882,0.0,0.9896643651425882,0.9819965270128436,0.015335676259415761,0.0026677967276855,-1783.9539974492277,21.385259097430573,-3.1683130049885957,-1765.7370513567857,6.821210263296962e-13,5
1.5,48,400089,4,0.994833161315373,0.0,0.994833161315373,0.9928423067244948,0.003981709181681229,0.003175984093767584,-1764.305258010063,-7.075595386626188,5.643802039899747,-1765.7370513567894,2.9558577807620168e-12,3
1.5,49,400090,4,0.9961998059083043,0.0,0.9961998059083043,0.9926908434375217,0.007017924941490354,0.000291231620932,-1774.5563555330145,8.878629925874456,-0.05932574965621318,-1765.7370513567962,9.777068044058979e-12,4
1.5,50,400091,4,0.9968614694786521,0.0,0.9968614694786521,0.9950098398445693,0.0037032592680900003,0.001286900887284066,-1756.9257406782372,-6.5389821004472966,-2.272328578101527,-1765.737051356786,4.547473508864641e-13,3
1.5,51,400092,4,0.9932446014223602,0.0,0.9932446014223602,0.9890340284511815,0.008421145942281839,0.0025448256064801436,-1751.5926064323494,-14.913963064837793,0.7695181404005551,-1765.7370513567867,2.2737367544323206e-13,3
1.5,52,400093,4,0.9944570313316619,0.0,0.9944570313316619,0.9915398857228377,0.005834291217573415,0.0026258230595326308,-1760.7703459585953,-7.643239278340576,2.676533880147643,-1765.7370513567882,1.8189894035458565e-12,3
1.5,53,400094,4,0.9964592048211114,0.0,0.9964592048211114,0.9937958052260383,0.005326799190070755,0.0008773955838343224,-1757.2036295848152,-9.418706359635717,0.8852845876647032,-1765.7370513567862,2.2737367544323206e-13,3
1.5,54,400095,4,0.9958714788875757,0.0,0.9958714788875757,0.9937445701997212,0.004253817375633672,0.002001612424588733,-1763.0336696946838,0.8477422424162628,-3.5511239045260017,-1765.7370513567937,7.275957614183426e-12,3
1.5,55,400096,4,0.99843896738542,0.0,0.99843896738542,0.9972905514299683,0.002296831910828092,0.00041261665914707344,-1761.0307362684644,-4.055780519740071,-0.6505345685899188,-1765.7370513567942,7.73070496506989e-12,3
1.5,56,400097,4,0.9960987620189643,0.0,0.9960987620189643,0.9940688606878307,0.004059802662191781,0.0018713366499210709,-1763.609003705493,1.1919498813525897,-3.3199975326470628,-1765.7370513567873,9.094947017729282e-13,3
1.5,57,400098,4,0.9972819248186902,0.0,0.9972819248186902,0.9960149703072145,0.002533909022875628,0.0014511206698532733,-1758.7005367775805,-4.474217046459028,-2.562297532749753,-1765.7370513567892,2.7284841053187847e-12,3
1.5,58,400099,4,0.9972819248186902,0.0,0.9972819248186902,0.9960149703072145,0.0025339090228756367,0.0014511206698532514,-1758.700536777581,-4.474217046459044,-2.5622975327497146,-1765.7370513567896,3.183231456205249e-12,3
1.5,59,400100,4,0.9955411296022806,0.0,0.9955411296022806,0.9924932391083372,0.006095780987812003,0.0014109799037946595,-1770.8905873979857,5.354639261077846,-0.2011032198780568,-1765.7370513567857,6.821210263296962e-13,4
1.5,60,400101,4,0.9944570313316619,0.0,0.9944570313316619,0.9915398857228377,0.005834291217573417,0.0026258230595326546,-1760.7703459585941,-7.643239278340572,2.6765338801476037,-1765.737051356787,6.821210263296962e-13,3
1.5,61,400102,4,0.9972819248186903,0.0,0.9972819248186903,0.9960149703072148,0.0025339090228753344,0.0014511206698531723,-1758.7005367775782,-4.474217046458502,-2.5622975327495703,-1765.7370513567864,0.0,3
1.5,62,400103,4,0.9960987620189644,0.0,0.9960987620189644,0.9940688606878312,0.004059802662191456,0.0018713366499210728,-1763.6090037054921,1.1919498813531726,-3.319997532647063,-1765.737051356786,4.547473508864641e-13,3
1.5,63,400104,4,0.9968614694786521,0.0,0.9968614694786521,0.9950098398445693,0.0037032592680900232,0.0012869008872840315,-1756.925740678238,-6.538982100447341,-2.2723285781014675,-1765.7370513567869,4.547473508864641e-13,3
1.5,64,400105,4,0.9958360792744628,0.0,0.9958360792744628,0.9948481426426746,0.0019758732635014697,0.0031759840937675846,-1767.8696778914286,-3.511175505260265,5.643802039899747,-1765.7370513567892,2.7284841053187847e-12,3
1.5,65,400106,4,0.9932318628030171,0.0,0.9932318628030171,0.9892940993241567,0.007875526957646345,0.0028303737181411487,-1772.2592178699956,10.441749984899998,-3.9195834716901174,-1765.7370513567857,6.821210263296962e-13,4
1.5,66,400107,4,0.9955411296022807,0.0,0.9955411296022807,0.9924932391083372,0.0060957809878120104,0.0014109799037946543,-1770.8905873979834,5.354639261077846,-0.20110321987806923,-1765.7370513567837,2.7284841053187847e-12,4
1.5,67,400108,4,0.9932318628030171,0.0,0.9932318628030171,0.9892940993241567,0.007875526957646341,0.0028303737181411526,-1772.2592178699954,10.441749984899992,-3.9195834716901237,-1765.7370513567855,9.094947017729282e-13,4
1.5,68,400109,4,0.9958784144532712,0.0,0.9958784144532712,0.9922829883082787,0.00719085228991002,0.0005261594017550185,-1762.0899428959335,-2.7127578762755316,-0.9343505845780142,-1765.7370513567869,4.547473508864641e-13,3
1.5,69,400110,4,0.9979880813888901,0.0,0.9979880813888901,0.9965228227924422,0.002930517192820231,0.0005466600146810009,-1762.1082010487066,-4.595485565219567,0.9666352571389433,-1765.7370513567873,9.094947017729282e-13,3
1.5,70,400111,4,0.9919166472172627,0.0,0.9919166472172627,0.9885407302571539,0.006751833920143001,0.004707435822647334,-1775.4512320477356,10.249496191662892,-0.5353155007152897,-1765.737051356788,1.5916157281026244e-12,4
1.5,71,400112,4,0.9919450605554948,0.0,0.9919450605554948,0.9863718921087835,0.011146336893348534,0.0024817709978124953,-1778.606228372863,17.344257246380618,-4.475080230304884,-1765.737051356787,6.821210263296962e-13,4
1.5,72,400113,4,0.998062656952115,0.0,0.998062656952115,0.9967044608763351,0.002716392151484604,0.0005791469721237306,-1759.9179958220336,-4.796434267891409,-1.022621266860024,-1765.7370513567848,1.5916157281026244e-12,3
1.5,73,400114,4,0.9958714788875755,0.0,0.9958714788875755,0.9937445701997212,0.00425381737563366,0.002001612424588783,-1763.03366969468,0.8477422424162957,-3.551123904526083,-1765.7370513567898,3.410605131648481e-12,3
1.5,74,400115,4,0.9955411296022807,0.0,0.9955411296022807,0.9924932391083372,0.006095780987812004,0.0014109799037946517,-1770.890587397986,5.3546392610778515,-0.20110321987806745,-1765.7370513567864,0.0,4
1.5,75,400116,4,0.9976295276149433,0.0,0.9976295276149433,0.9966726516963573,0.0019137518370965383,0.0014135964664896393,-1764.8514045932004,-3.38876321327177,2.503116449684904,-1765.737051356787,6.821210263296962e-13,3
1.5,76,400117,4,0.994833161315373,0.0,0.994833161315373,0.9928423067244949,0.003981709181681127,0.0031759840937675894,-1764.3052580100605,-7.075595386625994,5.643802039899747,-1765.7370513567867,2.2737367544323206e-13,3
1.5,77,400118,4,0.9960267188842175,0.0,0.9960267188842175,0.9952294218621837,0.0015945940439924663,0.0031759840937675915,-1768.5472204650987,-2.8336329315871036,5.643802039899748,-1765.737051356786,4.547473508864641e-13,3
1.5,78,400119,4,0.994833161315373,0.0,0.994833161315373,0.9928423067244949,0.003981709181681138,0.00317598409376759,-1764.30525801006,-7.075595386626012,5.643802039899747,-1765.7370513567862,2.2737367544323206e-13,3
1.5,79,400120,4,0.994833161315373,0.0,0.994833161315373,0.9928423067244949,0.003981709181681177,0.003175984093767586,-1764.3052580100623,-7.075595386626091,5.643802039899747,-1765.7370513567885,2.0463630789890885e-12,3
1.5,80,400121,4,0.9958784144532712,0.0,0.9958784144532712,0.9922829883082787,0.007190852289910001,0.0005261594017550102,-1762.0899428959337,-2.712757876275499,-0.9343505845779998,-1765.737051356787,6.821210263296962e-13,3
1.5,81,400122,4,0.9957757090382152,0.0,0.9957757090382152,0.9938733398761738,0.0038047383240075922,0.0023219217997622285,-1763.1065717436454,-6.749511103354936,4.119031490215506,-1765.7370513567848,1.5916157281026244e-12,3
1.5,82,400123,4,0.9984106638521633,0.0,0.9984106638521633,0.9970161788541392,0.002788969995972746,0.00019485114983165848,-1764.19821088039,-1.1940556502226143,-0.34478482617611494,-1765.7370513567887,2.2737367544323206e-12,3
1.5,83,400124,4,0.9960987620189644,0.0,0.9960987620189644,0.9940688606878312,0.004059802662191453,0.0018713366499210728,-1763.6090037054921,1.1919498813531773,-3.319997532647063,-1765.737051356786,4.547473508864641e-13,3
1.5,84,400125,4,0.99728192481869,0.0,0.99728192481869,0.9960149703072144,0.002533909022875728,0.0014511206698532755,-1758.700536777584,-4.474217046459214,-2.5622975327497617,-1765.7370513567928,6.366462912410498e-12,3
1.5,85,400126,4,0.9984106638521631,0.0,0.9984106638521631,0.9970161788541391,0.002788969995972662,0.0001948511498317065,-1764.1982108803873,-1.1940556502224329,-0.34478482617619943,-1765.737051356786,4.547473508864641e-13,3
1.5,86,400127,4,0.9953036183084052,0.0,0.9953036183084052,0.9924951272608468,0.005616982095041496,0.0018878906440552526,-1754.8263207228354,-9.93136162855654,-0.9793690053942353,-1765.7370513567862,2.2737367544323206e-13,3
1.5,87,400128,4,0.9932318628030172,0.0,0.9932318628030172,0.9892940993241568,0.007875526957646277,0.0028303737181410845,-1772.259217870002,10.441749984899925,-3.919583471690144,-1765.7370513567923,5.9117155615240335e-12,4
1.5,88,400129,4,0.9972819248186902,0.0,0.9972819248186902,0.9960149703072145,0.0025339090228756445,0.0014511206698532382,-1758.7005367775769,-4.474217046459048,-2.5622975327496853,-1765.7370513567855,9.094947017729282e-13,3
1.5,89,400130,4,0.995042570254783,0.0,0.995042570254783,0.9923458263812676,0.005393487746955769,0.002260685871720383,-1762.201530354097,-6.860463224008308,3.3249422213187403,-1765.7370513567867,2.2737367544323206e-13,3
1.5,90,400131,4,0.9953036183084052,0.0,0.9953036183084052,0.9924951272608468,0.0056169820950415054,0.0018878906440552522,-1754.8263207228354,-9.931361628556555,-0.9793690053942374,-1765.7370513567862,2.2737367544323206e-13,3
1.5,91,400132,4,0.9953036183084052,0.0,0.9953036183084052,0.9924951272608468,0.0056169820950415115,0.001887890644055249,-1754.8263207228356,-9.931361628556568,-0.9793690053942437,-1765.7370513567864,0.0,3
1.5,92,400133,4,0.9953036183084052,0.0,0.9953036183084052,0.9924951272608468,0.005616982095041493,0.001887890644055244,-1754.826320722837,-9.931361628556543,-0.9793690053942516,-1765.7370513567878,1.3642420526593924e-12,3
1.5,93,400134,4,0.9976295276149433,0.0,0.9976295276149433,0.9966726516963573,0.0019137518370964995,0.0014135964664896354,-1764.8514045931943,-3.388763213271689,2.5031164496848883,-1765.737051356781,5.4569682106375694e-12,3
1.5,94,400135,4,0.9954514680261637,0.0,0.9954514680261637,0.9936063911390297,0.0036901537741930207,0.0027034550867209386,-1764.4401131350944,3.5038406799028032,-4.800778901594333,-1765.737051356786,4.547473508864641e-13,3
1.5,95,400136,4,0.9976295276149433,0.0,0.9976295276149433,0.9966726516963573,0.0019137518370965262,0.0014135964664896325,-1764.8514045931988,-3.388763213271745,2.5031164496848897,-1765.7370513567855,9.094947017729282e-13,3
1.5,96,400137,4,0.9969825429425296,0.0,0.9969825429425296,0.99537868235153,0.0032077211819238364,0.0014135964664896375,-1762.560117065821,-5.680050740658199,2.503116449684911,-1765.7370513567942,7.73070496506989e-12,3
1.5,97,400138,4,0.9964592048211115,0.0,0.9964592048211115,0.9937958052260385,0.005326799190070663,0.000877395583834255,-1757.203629584816,-9.418706359635557,0.8852845876646095,-1765.737051356787,6.821210263296962e-13,3
1.5,98,400139,4,0.9968614694786521,0.0,0.9968614694786521,0.9950098398445693,0.0037032592680899985,0.001286900887284037,-1756.925740678238,-6.538982100447297,-2.272328578101477,-1765.7370513567869,4.547473508864641e-13,3
1.5,99,400140,4,0.994457031331662,0.0,0.994457031331662,0.9915398857228377,0.00583429121757337,0.0026258230595326503,-1760.7703459585932,-7.6432392783404834,2.6765338801476153,-1765.737051356786,4.547473508864641e-13,3
1.5,100,400141,4,0.9960987620189644,0.0,0.9960987620189644,0.9940688606878312,0.004059802662191484,0.001871336649921067,-1763.6090037054983,1.1919498813532714,-3.319997532647064,-1765.7370513567919,5.4569682106375694e-12,3
