mol_idx,smiles,n_atoms,k_requested,n_partitions,score,adjusted_score,connectivity_penalty,within_frac,between_frac,higher_frac,prediction,atom_baseline,validation_passed,validation_error,strategy,method,contribution_setting,is_greedy_random,is_greedy_distance,is_metropolis_hastings,is_greedy,is_optimized
0,CC1=C(N)C=NO1,13,2,2,0.9990012639540917,0.9990012639540917,0.0,0.998002527908157,0.0019974720917639703,0.0,-1261.5773353406917,0.0,True,5.406890304869291e-16,Distance (k=2),Distance,with_single_atom_contributions,False,False,False,False,False
1,CC#CC1CC(C)C1O,21,2,2,0.9997214597417187,0.9997214597417187,0.0,0.9994429194834209,0.0005570805165296132,0.0,-2019.579175708967,0.0,True,2.2516936020931387e-16,Distance (k=2),Distance,with_single_atom_contributions,False,False,False,False,False
2,C1OC11C2C3CN2C13,15,2,2,0.9851868493788455,0.9851868493788455,0.0,0.9703736987576689,0.029626301242265406,0.0,-1432.333978567099,0.0,True,1.587434766231545e-16,Distance (k=2),Distance,with_single_atom_contributions,False,False,False,False,False
3,C1NC2C3COCC12O3,18,2,2,0.9985564464379428,0.9985564464379428,0.0,0.9971128928758662,0.0028871071240755813,0.0,-1709.9491432050593,0.0,True,9.307971143043888e-16,Distance (k=2),Distance,with_single_atom_contributions,False,False,False,False,False
4,O=C1CC2(CC1O2)C#C,15,2,2,0.9963622744699442,0.9963622744699442,0.0,0.9927245489398677,0.007275451060070017,0.0,-1585.2289793332293,0.0,True,5.737308071136939e-16,Distance (k=2),Distance,with_single_atom_contributions,False,False,False,False,False
5,CC1N2CC2(C#C)C1=O,16,2,2,0.9994698297471437,0.9994698297471437,0.0,0.9989396594942669,0.0010603405056720573,0.0,-1638.6151914305615,0.0,True,6.937982652434522e-16,Distance (k=2),Distance,with_single_atom_contributions,False,False,False,False,False
6,O=CC1OCC11CCO1,17,2,2,0.997403344882362,0.997403344882362,0.0,0.994806689764704,0.005193310235236118,0.0,-1653.7687905893724,0.0,True,8.249291318244791e-16,Distance (k=2),Distance,with_single_atom_contributions,False,False,False,False,False
7,CC12COCC1(C)C2O,21,2,2,0.9998549189152355,0.9998549189152355,0.0,0.999709837830454,0.00029016216949550395,0.0,-1980.9096562034208,0.0,True,5.739122799749517e-16,Distance (k=2),Distance,with_single_atom_contributions,False,False,False,False,False
8,CNC(=O)CC1CN1,18,2,2,0.9991132573353053,0.9991132573353053,0.0,0.9982265146705905,0.0017734853293496888,0.0,-1669.6283676037929,0.0,True,1.3618220668443674e-16,Distance (k=2),Distance,with_single_atom_contributions,False,False,False,False,False
9,CC12C3C(CN13)OC2=O,16,2,2,0.999665517951089,0.999665517951089,0.0,0.9993310359021578,0.000668964097780526,0.0,-1618.1339928096172,0.0,True,1.5456757233884204e-15,Distance (k=2),Distance,with_single_atom_contributions,False,False,False,False,False
10,COC12C(C)C1CC2C,23,2,2,0.9978437793655942,0.9978437793655942,0.0,0.9956875587311728,0.004312441268780953,0.0,-2142.2303783647435,0.0,True,1.485942636400758e-15,Distance (k=2),Distance,with_single_atom_contributions,False,False,False,False,False
11,CC1C2CC2(C)C1=NO,20,2,2,0.9960663075715037,0.9960663075715037,0.0,0.9921326151429901,0.007867384856957626,0.0,-1884.4887779695775,0.0,True,0.0,Distance (k=2),Distance,with_single_atom_contributions,False,False,False,False,False
12,NC(C#C)(C#N)C1CO1,15,2,2,0.9979587283860258,0.9979587283860258,0.0,0.9959174567720298,0.004082543227905037,0.0,-1522.078526748084,0.0,True,2.9876733880347196e-16,Distance (k=2),Distance,with_single_atom_contributions,False,False,False,False,False
13,CCCC1=NC=NN=N1,17,2,2,0.9989947988974631,0.9989947988974631,0.0,0.9979895977949059,0.002010402205033095,0.0,-1633.5341333303422,0.0,True,5.567650428697528e-16,Distance (k=2),Distance,with_single_atom_contributions,False,False,False,False,False
14,O=CC1=CC(=O)C(=O)C1,13,2,2,0.9964428106725393,0.9964428106725393,0.0,0.9928856213450556,0.007114378654876121,0.0,-1468.7092323270667,0.0,True,0.0,Distance (k=2),Distance,with_single_atom_contributions,False,False,False,False,False
15,OC12C=CC3OC1C2O3,15,2,2,0.9915257053119061,0.9915257053119061,0.0,0.9830514106237905,0.01694858937614453,0.0,-1539.7034466654081,0.0,True,4.430210426604852e-16,Distance (k=2),Distance,with_single_atom_contributions,False,False,False,False,False
16,CCC(COC=N)=NO,19,2,2,0.9974549540594116,0.9974549540594116,0.0,0.9949099081188039,0.005090091881138614,0.0,-1737.5095308442717,0.0,True,2.617236583821627e-16,Distance (k=2),Distance,with_single_atom_contributions,False,False,False,False,False
17,N#CC12OCC(O1)C=C2,14,2,2,0.9975694624070989,0.9975694624070989,0.0,0.9951389248141758,0.004861075185758146,0.0,-1500.7105462489424,0.0,True,6.060427202608582e-16,Distance (k=2),Distance,with_single_atom_contributions,False,False,False,False,False
18,NC(=O)C(=O)C(O)CO,16,2,2,0.9975047066671321,0.9975047066671321,0.0,0.9950094133342428,0.004990586665693174,0.0,-1543.56841988232,0.0,True,1.4730391767185289e-16,Distance (k=2),Distance,with_single_atom_contributions,False,False,False,False,False
19,CC1=NCC(O1)C(N)=O,17,2,2,0.9992080688979676,0.9992080688979676,0.0,0.9984161377959154,0.0015838622040250045,0.0,-1678.2201106753193,0.0,True,0.0,Distance (k=2),Distance,with_single_atom_contributions,False,False,False,False,False
0,CC1=C(N)C=NO1,13,2,2,0.9987746231880944,0.9680053924188636,0.3076923076923077,0.9975492463761626,0.0024507536237585426,0.0,-1261.5773353406917,0.0,True,3.6045935365795276e-16,Random (k=2),Random,with_single_atom_contributions,False,False,False,False,False
1,CC#CC1CC(C)C1O,21,2,2,0.9986708783079518,0.8986708783079518,1.0,0.997341756615887,0.002658243384063678,0.0,-2019.579175708967,0.0,True,6.755080806279416e-16,Random (k=2),Random,with_single_atom_contributions,False,False,False,False,False
2,C1OC11C2C3CN2C13,15,2,2,0.9775088609444961,0.8441755276111628,1.3333333333333333,0.9550177218889709,0.044982278110965515,0.0,-1432.333978567099,0.0,True,1.587434766231545e-16,Random (k=2),Random,with_single_atom_contributions,False,False,False,False,False
3,C1NC2C3COCC12O3,18,2,2,0.9908985991268086,0.9131208213490307,0.7777777777777778,0.9817971982535981,0.018202801746345428,0.0,-1709.9491432050593,0.0,True,6.64855081645992e-16,Random (k=2),Random,with_single_atom_contributions,False,False,False,False,False
4,O=C1CC2(CC1O2)C#C,15,2,2,0.9981204127154939,0.9181204127154938,0.8,0.9962408254309668,0.0037591745689705336,0.0,-1585.2289793332293,0.0,True,1.4343270177842348e-16,Random (k=2),Random,with_single_atom_contributions,False,False,False,False,False
5,CC1N2CC2(C#C)C1=O,16,2,2,0.9933388037826875,0.9183388037826874,0.75,0.9866776075653545,0.013322392434584402,0.0,-1638.6151914305615,0.0,True,1.3875965304869043e-16,Random (k=2),Random,with_single_atom_contributions,False,False,False,False,False
6,O=CC1OCC11CCO1,17,2,2,0.9925384531316537,0.9454796296022419,0.47058823529411764,0.9850769062632876,0.01492309373665368,0.0,-1653.7687905893724,0.0,True,2.7497637727482635e-16,Random (k=2),Random,with_single_atom_contributions,False,False,False,False,False
7,CC12COCC1(C)C2O,21,2,2,0.998587574211054,0.9223970980205778,0.7619047619047619,0.9971751484220915,0.002824851577858249,0.0,-1980.9096562034208,0.0,True,4.591298239799613e-16,Random (k=2),Random,with_single_atom_contributions,False,False,False,False,False
8,CNC(=O)CC1CN1,18,2,2,0.9973579623958516,0.9140246290625182,0.8333333333333334,0.9947159247916834,0.005284075208256715,0.0,-1669.6283676037929,0.0,True,1.3618220668443674e-16,Random (k=2),Random,with_single_atom_contributions,False,False,False,False,False
9,CC12C3C(CN13)OC2=O,16,2,2,0.9955606068680525,0.9080606068680525,0.875,0.9911212137360843,0.00887878626385384,0.0,-1618.1339928096172,0.0,True,4.2154792456047825e-16,Random (k=2),Random,with_single_atom_contributions,False,False,False,False,False
10,COC12C(C)C1CC2C,23,2,2,0.999205133301959,0.907900785475872,0.9130434782608695,0.9984102666039025,0.0015897333960508463,0.0,-2142.2303783647435,0.0,True,1.0613875974291129e-15,Random (k=2),Random,with_single_atom_contributions,False,False,False,False,False
11,CC1C2CC2(C)C1=NO,20,2,2,0.989627713339929,0.8896277133399291,1.0,0.9792554266798411,0.020744573320107998,0.0,-1884.4887779695775,0.0,True,4.826214474743677e-16,Random (k=2),Random,with_single_atom_contributions,False,False,False,False,False
12,NC(C#C)(C#N)C1CO1,15,2,2,0.9994383396804393,0.9461050063471059,0.5333333333333333,0.9988766793608566,0.0011233206390776948,0.0,-1522.078526748084,0.0,True,1.4938366940173598e-16,Random (k=2),Random,with_single_atom_contributions,False,False,False,False,False
13,CCCC1=NC=NN=N1,17,2,2,0.9955573582851177,0.9132044171086471,0.8235294117647058,0.9911147165702153,0.008885283429724606,0.0,-1633.5341333303422,0.0,True,0.0,Random (k=2),Random,with_single_atom_contributions,False,False,False,False,False
14,O=CC1=CC(=O)C(=O)C1,13,2,2,0.9879170058060361,0.9571477750368054,0.3076923076923077,0.9758340116120495,0.024165988387882285,0.0,-1468.7092323270667,0.0,True,1.5481190588211863e-16,Random (k=2),Random,with_single_atom_contributions,False,False,False,False,False
15,OC12C=CC3OC1C2O3,15,2,2,0.9986917210280027,0.9453583876946694,0.5333333333333333,0.997383442055984,0.002616557943951317,0.0,-1539.7034466654081,0.0,True,1.476736808868284e-16,Random (k=2),Random,with_single_atom_contributions,False,False,False,False,False
16,CCC(COC=N)=NO,19,2,2,0.984607379886401,0.9109231693600852,0.7368421052631579,0.9692147597727842,0.030785240227161854,0.0,-1737.5095308442717,0.0,True,1.3086182919108136e-16,Random (k=2),Random,with_single_atom_contributions,False,False,False,False,False
17,N#CC12OCC(O1)C=C2,14,2,2,0.993606389103494,0.9793206748177797,0.14285714285714285,0.9872127782069657,0.012787221792967632,0.0,-1500.7105462489424,0.0,True,0.0,Random (k=2),Random,with_single_atom_contributions,False,False,False,False,False
18,NC(=O)C(=O)C(O)CO,16,2,2,0.9967769261945639,0.928026926194564,0.6875,0.9935538523891065,0.0064461476108294774,0.0,-1543.56841988232,0.0,True,4.4191175301555866e-16,Random (k=2),Random,with_single_atom_contributions,False,False,False,False,False
19,CC1=NCC(O1)C(N)=O,17,2,2,0.9878837765764814,0.9172955412823638,0.7058823529411765,0.9757675531529431,0.02423244684699722,0.0,-1678.2201106753193,0.0,True,1.3548501415092854e-16,Random (k=2),Random,with_single_atom_contributions,False,False,False,False,False
0,CC1=C(N)C=NO1,13,2,2,0.9991839576729583,0.9991839576729583,0.0,0.9983679153458903,0.0016320846540304095,0.0,-1261.5773353406917,0.0,True,0.0,Greedy-Random (k=2),Greedy-Random,with_single_atom_contributions,True,False,False,True,True
1,CC#CC1CC(C)C1O,21,2,2,0.999699527712373,0.9711280991409444,0.2857142857142857,0.9993990554247294,0.0006009445752210624,0.0,-2019.579175708967,0.0,True,6.755080806279416e-16,Greedy-Random (k=2),Greedy-Random,with_single_atom_contributions,True,False,False,True,True
2,C1OC11C2C3CN2C13,15,2,2,0.9998855969782289,0.9998855969782289,0.0,0.9997711939564345,0.00022880604349561877,0.0,-1432.333978567099,0.0,True,9.524608597389272e-16,Greedy-Random (k=2),Greedy-Random,with_single_atom_contributions,True,False,False,True,True
3,C1NC2C3COCC12O3,18,2,2,0.9976057250990337,0.9976057250990337,0.0,0.9952114501980478,0.004788549801894216,0.0,-1709.9491432050593,0.0,True,0.0,Greedy-Random (k=2),Greedy-Random,with_single_atom_contributions,True,False,False,True,True
4,O=C1CC2(CC1O2)C#C,15,2,2,0.9999914519263396,0.9999914519263396,0.0,0.9999829038526583,1.7096147278566384e-05,0.0,-1585.2289793332293,0.0,True,7.171635088921174e-16,Greedy-Random (k=2),Greedy-Random,with_single_atom_contributions,True,False,False,True,True
5,CC1N2CC2(C#C)C1=O,16,2,2,0.9971140638769708,0.9971140638769708,0.0,0.9942281277539213,0.0057718722460183116,0.0,-1638.6151914305615,0.0,True,6.937982652434522e-16,Greedy-Random (k=2),Greedy-Random,with_single_atom_contributions,True,False,False,True,True
6,O=CC1OCC11CCO1,17,2,2,0.9974467934988636,0.9974467934988636,0.0,0.9948935869977072,0.005106413002232846,0.0,-1653.7687905893724,0.0,True,1.2373936977367187e-15,Greedy-Random (k=2),Greedy-Random,with_single_atom_contributions,True,False,False,True,True
7,CC12COCC1(C)C2O,21,2,2,0.9988880232845346,0.9988880232845346,0.0,0.9977760465690526,0.0022239534308971165,0.0,-1980.9096562034208,0.0,True,1.033042103954913e-15,Greedy-Random (k=2),Greedy-Random,with_single_atom_contributions,True,False,False,True,True
8,CNC(=O)CC1CN1,18,2,2,0.9996377483591582,0.9996377483591582,0.0,0.9992754967182966,0.0007245032816434969,0.0,-1669.6283676037929,0.0,True,2.723644133688735e-16,Greedy-Random (k=2),Greedy-Random,with_single_atom_contributions,True,False,False,True,True
9,CC12C3C(CN13)OC2=O,16,2,2,0.9967279730317715,0.9779779730317715,0.1875,0.9934559460635227,0.006544053936416294,0.0,-1618.1339928096172,0.0,True,1.4051597485349275e-16,Greedy-Random (k=2),Greedy-Random,with_single_atom_contributions,True,False,False,True,True
10,COC12C(C)C1CC2C,23,2,2,0.997771113803506,0.989075461629593,0.08695652173913043,0.9955422276069968,0.004457772392956909,0.0,-2142.2303783647435,0.0,True,1.485942636400758e-15,Greedy-Random (k=2),Greedy-Random,with_single_atom_contributions,True,False,False,True,True
11,CC1C2CC2(C)C1=NO,20,2,2,0.9976683513836299,0.9976683513836299,0.0,0.9953367027672423,0.004663297232705141,0.0,-1884.4887779695775,0.0,True,6.032768093429597e-16,Greedy-Random (k=2),Greedy-Random,with_single_atom_contributions,True,False,False,True,True
12,NC(C#C)(C#N)C1CO1,15,2,2,0.9978582570036579,0.9978582570036579,0.0,0.9957165140072941,0.004283485992640836,0.0,-1522.078526748084,0.0,True,2.9876733880347196e-16,Greedy-Random (k=2),Greedy-Random,with_single_atom_contributions,True,False,False,True,True
13,CCCC1=NC=NN=N1,17,2,2,0.9993684262962814,0.9993684262962814,0.0,0.9987368525925425,0.0012631474073964224,0.0,-1633.5341333303422,0.0,True,8.351475643046293e-16,Greedy-Random (k=2),Greedy-Random,with_single_atom_contributions,True,False,False,True,True
14,O=CC1=CC(=O)C(=O)C1,13,2,2,0.9969498920679903,0.9815652766833749,0.15384615384615385,0.9938997841359584,0.006100215863974368,0.0,-1468.7092323270667,0.0,True,1.5481190588211863e-16,Greedy-Random (k=2),Greedy-Random,with_single_atom_contributions,True,False,False,True,True
15,OC12C=CC3OC1C2O3,15,2,2,0.9994934762019695,0.9994934762019695,0.0,0.9989869524039172,0.0010130475960179084,0.0,-1539.7034466654081,0.0,True,1.476736808868284e-16,Greedy-Random (k=2),Greedy-Random,with_single_atom_contributions,True,False,False,True,True
16,CCC(COC=N)=NO,19,2,2,0.9984787149341715,0.9984787149341715,0.0,0.996957429868324,0.003042570131618735,0.0,-1737.5095308442717,0.0,True,3.92585487573244e-16,Greedy-Random (k=2),Greedy-Random,with_single_atom_contributions,True,False,False,True,True
17,N#CC12OCC(O1)C=C2,14,2,2,0.9943596991162554,0.9943596991162554,0.0,0.9887193982324887,0.011280601767444725,0.0,-1500.7105462489424,0.0,True,1.5151068006521456e-16,Greedy-Random (k=2),Greedy-Random,with_single_atom_contributions,True,False,False,True,True
18,NC(=O)C(=O)C(O)CO,16,2,2,0.9989788548710329,0.9989788548710329,0.0,0.9979577097420442,0.002042290257890908,0.0,-1543.56841988232,0.0,True,1.4730391767185289e-16,Greedy-Random (k=2),Greedy-Random,with_single_atom_contributions,True,False,False,True,True
19,CC1=NCC(O1)C(N)=O,17,2,2,0.997911736709593,0.997911736709593,0.0,0.9958234734191661,0.004176526580774315,0.0,-1678.2201106753193,0.0,True,0.0,Greedy-Random (k=2),Greedy-Random,with_single_atom_contributions,True,False,False,True,True
0,CC1=C(N)C=NO1,13,2,2,0.9990012639540917,0.9990012639540917,0.0,0.998002527908157,0.0019974720917639703,0.0,-1261.5773353406917,0.0,True,5.406890304869291e-16,Greedy-Distance (k=2),Greedy-Distance,with_single_atom_contributions,False,True,False,True,True
1,CC#CC1CC(C)C1O,21,2,2,0.9997214597417187,0.9997214597417187,0.0,0.9994429194834209,0.0005570805165296132,0.0,-2019.579175708967,0.0,True,2.2516936020931387e-16,Greedy-Distance (k=2),Greedy-Distance,with_single_atom_contributions,False,True,False,True,True
2,C1OC11C2C3CN2C13,15,2,2,0.9851868493788455,0.9851868493788455,0.0,0.9703736987576689,0.029626301242265406,0.0,-1432.333978567099,0.0,True,1.587434766231545e-16,Greedy-Distance (k=2),Greedy-Distance,with_single_atom_contributions,False,True,False,True,True
3,C1NC2C3COCC12O3,18,2,2,0.9990551442996298,0.9990551442996298,0.0,0.9981102885992401,0.0018897114007014825,0.0,-1709.9491432050593,0.0,True,1.329710163291984e-15,Greedy-Distance (k=2),Greedy-Distance,with_single_atom_contributions,False,True,False,True,True
4,O=C1CC2(CC1O2)C#C,15,2,2,0.9963622744699442,0.9963622744699442,0.0,0.9927245489398677,0.007275451060070017,0.0,-1585.2289793332293,0.0,True,5.737308071136939e-16,Greedy-Distance (k=2),Greedy-Distance,with_single_atom_contributions,False,True,False,True,True
5,CC1N2CC2(C#C)C1=O,16,2,2,0.9994698297471437,0.9994698297471437,0.0,0.9989396594942669,0.0010603405056720573,0.0,-1638.6151914305615,0.0,True,6.937982652434522e-16,Greedy-Distance (k=2),Greedy-Distance,with_single_atom_contributions,False,True,False,True,True
6,O=CC1OCC11CCO1,17,2,2,0.999761805440993,0.999761805440993,0.0,0.9995236108819658,0.00047638911797375514,0.0,-1653.7687905893724,0.0,True,2.7497637727482635e-16,Greedy-Distance (k=2),Greedy-Distance,with_single_atom_contributions,False,True,False,True,True
7,CC12COCC1(C)C2O,21,2,2,0.9998549189152355,0.9998549189152355,0.0,0.999709837830454,0.00029016216949550395,0.0,-1980.9096562034208,0.0,True,5.739122799749517e-16,Greedy-Distance (k=2),Greedy-Distance,with_single_atom_contributions,False,True,False,True,True
8,CNC(=O)CC1CN1,18,2,2,0.9991132573353053,0.9991132573353053,0.0,0.9982265146705905,0.0017734853293496888,0.0,-1669.6283676037929,0.0,True,1.3618220668443674e-16,Greedy-Distance (k=2),Greedy-Distance,with_single_atom_contributions,False,True,False,True,True
9,CC12C3C(CN13)OC2=O,16,2,2,0.999665517951089,0.999665517951089,0.0,0.9993310359021578,0.000668964097780526,0.0,-1618.1339928096172,0.0,True,1.5456757233884204e-15,Greedy-Distance (k=2),Greedy-Distance,with_single_atom_contributions,False,True,False,True,True
10,COC12C(C)C1CC2C,23,2,2,0.9978437793655942,0.9978437793655942,0.0,0.9956875587311728,0.004312441268780953,0.0,-2142.2303783647435,0.0,True,1.485942636400758e-15,Greedy-Distance (k=2),Greedy-Distance,with_single_atom_contributions,False,True,False,True,True
11,CC1C2CC2(C)C1=NO,20,2,2,0.9960663075715037,0.9960663075715037,0.0,0.9921326151429901,0.007867384856957626,0.0,-1884.4887779695775,0.0,True,0.0,Greedy-Distance (k=2),Greedy-Distance,with_single_atom_contributions,False,True,False,True,True
12,NC(C#C)(C#N)C1CO1,15,2,2,0.9989734973267947,0.9989734973267947,0.0,0.9979469946535677,0.0020530053463667986,0.0,-1522.078526748084,0.0,True,2.9876733880347196e-16,Greedy-Distance (k=2),Greedy-Distance,with_single_atom_contributions,False,True,False,True,True
13,CCCC1=NC=NN=N1,17,2,2,0.9989947988974631,0.9989947988974631,0.0,0.9979895977949059,0.002010402205033095,0.0,-1633.5341333303422,0.0,True,5.567650428697528e-16,Greedy-Distance (k=2),Greedy-Distance,with_single_atom_contributions,False,True,False,True,True
14,O=CC1=CC(=O)C(=O)C1,13,2,2,0.9964428106725393,0.9964428106725393,0.0,0.9928856213450556,0.007114378654876121,0.0,-1468.7092323270667,0.0,True,0.0,Greedy-Distance (k=2),Greedy-Distance,with_single_atom_contributions,False,True,False,True,True
15,OC12C=CC3OC1C2O3,15,2,2,0.9998358112364848,0.9998358112364848,0.0,0.9996716224729479,0.0003283775269870812,0.0,-1539.7034466654081,0.0,True,0.0,Greedy-Distance (k=2),Greedy-Distance,with_single_atom_contributions,False,True,False,True,True
16,CCC(COC=N)=NO,19,2,2,0.9974549540594116,0.9974549540594116,0.0,0.9949099081188039,0.005090091881138614,0.0,-1737.5095308442717,0.0,True,2.617236583821627e-16,Greedy-Distance (k=2),Greedy-Distance,with_single_atom_contributions,False,True,False,True,True
17,N#CC12OCC(O1)C=C2,14,2,2,0.9997849071783937,0.9997849071783937,0.0,0.9995698143567652,0.00043018564316829,0.0,-1500.7105462489424,0.0,True,3.030213601304291e-16,Greedy-Distance (k=2),Greedy-Distance,with_single_atom_contributions,False,True,False,True,True
18,NC(=O)C(=O)C(O)CO,16,2,2,0.9982854941754317,0.9982854941754317,0.0,0.9965709883508416,0.003429011649093581,0.0,-1543.56841988232,0.0,True,1.4730391767185289e-16,Greedy-Distance (k=2),Greedy-Distance,with_single_atom_contributions,False,True,False,True,True
19,CC1=NCC(O1)C(N)=O,17,2,2,0.9992080688979676,0.9992080688979676,0.0,0.9984161377959154,0.0015838622040250045,0.0,-1678.2201106753193,0.0,True,0.0,Greedy-Distance (k=2),Greedy-Distance,with_single_atom_contributions,False,True,False,True,True
0,CC1=C(N)C=NO1,13,2,2,0.9995547910342375,0.9995547910342375,0.0,0.9991095820684485,0.0008904179314721016,0.0,-1261.5773353406917,0.0,True,5.406890304869291e-16,Metropolis-Hastings (k=2),Metropolis-Hastings,with_single_atom_contributions,False,False,True,False,True
1,CC#CC1CC(C)C1O,21,2,2,0.9999156177839083,0.9999156177839083,0.0,0.9998312355678001,0.00016876443215036368,0.0,-2019.579175708967,0.0,True,5.629234005232846e-16,Metropolis-Hastings (k=2),Metropolis-Hastings,with_single_atom_contributions,False,False,True,False,True
2,C1OC11C2C3CN2C13,15,2,2,0.9998855969782289,0.9998855969782289,0.0,0.9997711939564345,0.00022880604349561877,0.0,-1432.333978567099,0.0,True,9.524608597389272e-16,Metropolis-Hastings (k=2),Metropolis-Hastings,with_single_atom_contributions,False,False,True,False,True
3,C1NC2C3COCC12O3,18,2,2,0.999631168522536,0.999631168522536,0.0,0.9992623370450524,0.0007376629548890539,0.0,-1709.9491432050593,0.0,True,3.989130489875952e-16,Metropolis-Hastings (k=2),Metropolis-Hastings,with_single_atom_contributions,False,False,True,False,True
4,O=C1CC2(CC1O2)C#C,15,2,2,0.9999914519263396,0.9999914519263396,0.0,0.9999829038526583,1.7096147278566384e-05,0.0,-1585.2289793332293,0.0,True,7.171635088921174e-16,Metropolis-Hastings (k=2),Metropolis-Hastings,with_single_atom_contributions,False,False,True,False,True
5,CC1N2CC2(C#C)C1=O,16,2,2,0.9995494401037354,0.9995494401037354,0.0,0.9990988802074504,0.0009011197924886488,0.0,-1638.6151914305615,0.0,True,5.550386121947617e-16,Metropolis-Hastings (k=2),Metropolis-Hastings,with_single_atom_contributions,False,False,True,False,True
6,O=CC1OCC11CCO1,17,2,2,0.9998037686406889,0.9998037686406889,0.0,0.9996075372813574,0.00039246271858213477,0.0,-1653.7687905893724,0.0,True,8.249291318244791e-16,Metropolis-Hastings (k=2),Metropolis-Hastings,with_single_atom_contributions,False,False,True,False,True
7,CC12COCC1(C)C2O,21,2,2,0.9998549189152355,0.9998549189152355,0.0,0.999709837830454,0.00029016216949550395,0.0,-1980.9096562034208,0.0,True,5.739122799749517e-16,Metropolis-Hastings (k=2),Metropolis-Hastings,with_single_atom_contributions,False,False,True,False,True
8,CNC(=O)CC1CN1,18,2,2,0.9994434869189665,0.9994434869189665,0.0,0.998886973837913,0.0011130261620270613,0.0,-1669.6283676037929,0.0,True,1.3618220668443674e-16,Metropolis-Hastings (k=2),Metropolis-Hastings,with_single_atom_contributions,False,False,True,False,True
9,CC12C3C(CN13)OC2=O,16,2,2,0.999969319839269,0.999969319839269,0.0,0.9999386396785173,6.136032142081676e-05,0.0,-1618.1339928096172,0.0,True,1.2646437736814349e-15,Metropolis-Hastings (k=2),Metropolis-Hastings,with_single_atom_contributions,False,False,True,False,True
10,COC12C(C)C1CC2C,23,2,2,0.9996827453968549,0.9996827453968549,0.0,0.9993654907936941,0.0006345092062592903,0.0,-2142.2303783647435,0.0,True,4.245550389716451e-16,Metropolis-Hastings (k=2),Metropolis-Hastings,with_single_atom_contributions,False,False,True,False,True
11,CC1C2CC2(C)C1=NO,20,2,2,0.9980714909792638,0.9980714909792638,0.0,0.9961429819585098,0.0038570180414371066,0.0,-1884.4887779695775,0.0,True,6.032768093429597e-16,Metropolis-Hastings (k=2),Metropolis-Hastings,with_single_atom_contributions,False,False,True,False,True
12,NC(C#C)(C#N)C1CO1,15,2,2,0.9989734973267947,0.9989734973267947,0.0,0.9979469946535677,0.0020530053463667986,0.0,-1522.078526748084,0.0,True,2.9876733880347196e-16,Metropolis-Hastings (k=2),Metropolis-Hastings,with_single_atom_contributions,False,False,True,False,True
13,CCCC1=NC=NN=N1,17,2,2,0.9989947988974631,0.9989947988974631,0.0,0.9979895977949059,0.002010402205033095,0.0,-1633.5341333303422,0.0,True,5.567650428697528e-16,Metropolis-Hastings (k=2),Metropolis-Hastings,with_single_atom_contributions,False,False,True,False,True
14,O=CC1=CC(=O)C(=O)C1,13,2,2,0.9985774868958082,0.9985774868958082,0.0,0.9971549737915936,0.002845026208338625,0.0,-1468.7092323270667,0.0,True,0.0,Metropolis-Hastings (k=2),Metropolis-Hastings,with_single_atom_contributions,False,False,True,False,True
15,OC12C=CC3OC1C2O3,15,2,2,0.9999905739034401,0.9999905739034401,0.0,0.9999811478068585,1.8852193076489114e-05,0.0,-1539.7034466654081,0.0,True,0.0,Metropolis-Hastings (k=2),Metropolis-Hastings,with_single_atom_contributions,False,False,True,False,True
16,CCC(COC=N)=NO,19,2,2,0.9974549540594116,0.9974549540594116,0.0,0.9949099081188039,0.005090091881138614,0.0,-1737.5095308442717,0.0,True,2.617236583821627e-16,Metropolis-Hastings (k=2),Metropolis-Hastings,with_single_atom_contributions,False,False,True,False,True
17,N#CC12OCC(O1)C=C2,14,2,2,0.9999958396793436,0.9999958396793436,0.0,0.9999916793586648,8.32064126847244e-06,0.0,-1500.7105462489424,0.0,True,1.5151068006521456e-16,Metropolis-Hastings (k=2),Metropolis-Hastings,with_single_atom_contributions,False,False,True,False,True
18,NC(=O)C(=O)C(O)CO,16,2,2,0.9989788548710329,0.9989788548710329,0.0,0.9979577097420442,0.002042290257890908,0.0,-1543.56841988232,0.0,True,1.4730391767185289e-16,Metropolis-Hastings (k=2),Metropolis-Hastings,with_single_atom_contributions,False,False,True,False,True
19,CC1=NCC(O1)C(N)=O,17,2,2,0.999475889548031,0.999475889548031,0.0,0.9989517790960422,0.0010482209038983564,0.0,-1678.2201106753193,0.0,True,5.419400566037142e-16,Metropolis-Hastings (k=2),Metropolis-Hastings,with_single_atom_contributions,False,False,True,False,True
0,CC1=C(N)C=NO1,13,3,3,0.9943258416806647,0.9943258416806647,0.0,0.9919237469765435,0.004804189408137504,0.003272063615240279,-1261.5773353406917,0.0,True,5.406890304869291e-16,Distance (k=3),Distance,with_single_atom_contributions,False,False,False,False,False
1,CC#CC1CC(C)C1O,21,3,3,0.993774541556049,0.993774541556049,0.0,0.9907312510598587,0.0060865809923153595,0.0031821679477769165,-2019.579175708967,0.0,True,5.629234005232846e-16,Distance (k=3),Distance,with_single_atom_contributions,False,False,False,False,False
2,C1OC11C2C3CN2C13,15,3,3,0.9696372166402313,0.9696372166402313,0.0,0.9470676194655717,0.04513919434923437,0.007793186185130412,-1432.333978567099,0.0,True,3.17486953246309e-16,Distance (k=3),Distance,with_single_atom_contributions,False,False,False,False,False
3,C1NC2C3COCC12O3,18,3,3,0.9968515115672361,0.9968515115672361,0.0,0.9943941324366719,0.0049147582610510505,0.0006911093022190272,-1709.9491432050593,0.0,True,3.989130489875952e-16,Distance (k=3),Distance,with_single_atom_contributions,False,False,False,False,False
4,O=C1CC2(CC1O2)C#C,15,3,3,0.9966470170202077,0.9966470170202077,0.0,0.9939278015237122,0.005438430992907434,0.0006337674833176654,-1585.2289793332293,0.0,True,1.4343270177842348e-16,Distance (k=3),Distance,with_single_atom_contributions,False,False,False,False,False
5,CC1N2CC2(C#C)C1=O,16,3,3,0.9971487857953475,0.9971487857953475,0.0,0.9943710530373819,0.005555465515849862,7.348144670721485e-05,-1638.6151914305615,0.0,True,1.3875965304869043e-16,Distance (k=3),Distance,with_single_atom_contributions,False,False,False,False,False
6,O=CC1OCC11CCO1,17,3,3,0.9944056249075981,0.9944056249075981,0.0,0.9907705712209495,0.007270107373217494,0.001959321405773308,-1653.7687905893724,0.0,True,6.874409431870659e-16,Distance (k=3),Distance,with_single_atom_contributions,False,False,False,False,False
7,CC12COCC1(C)C2O,21,3,3,0.9887917622960165,0.9887917622960165,0.0,0.984797979608496,0.007987565374974687,0.007214455016479578,-1980.9096562034208,0.0,True,5.739122799749517e-16,Distance (k=3),Distance,with_single_atom_contributions,False,False,False,False,False
8,CNC(=O)CC1CN1,18,3,3,0.9980037754918257,0.9980037754918257,0.0,0.9965816126679735,0.0028443256476249706,0.0005740616843417933,-1669.6283676037929,0.0,True,1.3618220668443674e-16,Distance (k=3),Distance,with_single_atom_contributions,False,False,False,False,False
9,CC12C3C(CN13)OC2=O,16,3,3,0.9982803105113796,0.9982803105113796,0.0,0.9973359405286231,0.0018887399654310044,0.0007753195058843515,-1618.1339928096172,0.0,True,7.025798742674638e-16,Distance (k=3),Distance,with_single_atom_contributions,False,False,False,False,False
10,COC12C(C)C1CC2C,23,3,3,0.9913355896030059,0.9913355896030059,0.0,0.9859141427299394,0.010842893746072436,0.003242963523942533,-2142.2303783647435,0.0,True,8.491100779432902e-16,Distance (k=3),Distance,with_single_atom_contributions,False,False,False,False,False
11,CC1C2CC2(C)C1=NO,20,3,3,0.9940547777324027,0.9940547777324027,0.0,0.9917821738037733,0.0045452078571888805,0.0036726183389854936,-1884.4887779695775,0.0,True,1.2065536186859193e-16,Distance (k=3),Distance,with_single_atom_contributions,False,False,False,False,False
12,NC(C#C)(C#N)C1CO1,15,3,3,0.9864034820910161,0.9864034820910161,0.0,0.9767219515582337,0.01936306106548059,0.003914987376222543,-1522.078526748084,0.0,True,1.4938366940173598e-16,Distance (k=3),Distance,with_single_atom_contributions,False,False,False,False,False
13,CCCC1=NC=NN=N1,17,3,3,0.9939740824751334,0.9939740824751334,0.0,0.9917760528765259,0.004396059197133929,0.003827887926279313,-1633.5341333303422,0.0,True,6.959563035871911e-16,Distance (k=3),Distance,with_single_atom_contributions,False,False,False,False,False
14,O=CC1=CC(=O)C(=O)C1,13,3,3,0.9920418219023946,0.9920418219023946,0.0,0.9880881710850675,0.007907301634564805,0.004004527280300542,-1468.7092323270667,0.0,True,1.238495247056949e-15,Distance (k=3),Distance,with_single_atom_contributions,False,False,False,False,False
15,OC12C=CC3OC1C2O3,15,3,3,0.9909678078799389,0.9909678078799389,0.0,0.9820812065042581,0.01777320275127659,0.0001455907444014925,-1539.7034466654081,0.0,True,1.476736808868284e-16,Distance (k=3),Distance,with_single_atom_contributions,False,False,False,False,False
16,CCC(COC=N)=NO,19,3,3,0.9979641804614935,0.9979641804614935,0.0,0.9977532489931746,0.00042186293656125163,0.0018248880702067208,-1737.5095308442717,0.0,True,2.617236583821627e-16,Distance (k=3),Distance,with_single_atom_contributions,False,False,False,False,False
17,N#CC12OCC(O1)C=C2,14,3,3,0.9913846796419684,0.9913846796419684,0.0,0.986059551339346,0.010650256605156097,0.0032901920554314623,-1500.7105462489424,0.0,True,1.5151068006521456e-16,Distance (k=3),Distance,with_single_atom_contributions,False,False,False,False,False
18,NC(=O)C(=O)C(O)CO,16,3,3,0.9967801209614212,0.9967801209614212,0.0,0.9948633761470227,0.003833489628710588,0.0013031342242018696,-1543.56841988232,0.0,True,2.9460783534370577e-16,Distance (k=3),Distance,with_single_atom_contributions,False,False,False,False,False
19,CC1=NCC(O1)C(N)=O,17,3,3,0.9953287318423761,0.9953287318423761,0.0,0.9940370702113352,0.002583323262002331,0.003379606526602993,-1678.2201106753193,0.0,True,1.3548501415092854e-16,Distance (k=3),Distance,with_single_atom_contributions,False,False,False,False,False
0,CC1=C(N)C=NO1,13,3,3,0.9685402515649445,0.8608479438726369,1.0769230769230769,0.9496213926690793,0.037837717791630254,0.012540889539215163,-1261.5773353406917,0.0,True,5.406890304869291e-16,Random (k=3),Random,with_single_atom_contributions,False,False,False,False,False
1,CC#CC1CC(C)C1O,21,3,3,0.992319913619768,0.8780341993340537,1.1428571428571428,0.9891866694801466,0.006266488279177654,0.004546842240626861,-2019.579175708967,0.0,True,7.880927607325985e-16,Random (k=3),Random,with_single_atom_contributions,False,False,False,False,False
2,C1OC11C2C3CN2C13,15,3,3,0.9766223533645745,0.8832890200312411,0.9333333333333333,0.9666258532606774,0.019993000207707154,0.013381146531550068,-1432.333978567099,0.0,True,0.0,Random (k=3),Random,with_single_atom_contributions,False,False,False,False,False
3,C1NC2C3COCC12O3,18,3,3,0.9896877918756171,0.9119100140978393,0.7777777777777778,0.9841785534231918,0.01101847690477484,0.004802969671976678,-1709.9491432050593,0.0,True,3.989130489875952e-16,Random (k=3),Random,with_single_atom_contributions,False,False,False,False,False
4,O=C1CC2(CC1O2)C#C,15,3,3,0.991882799422715,0.9385494660893816,0.5333333333333333,0.9876429972682425,0.00847960430886192,0.0038773984228332886,-1585.2289793332293,0.0,True,1.4343270177842348e-16,Random (k=3),Random,with_single_atom_contributions,False,False,False,False,False
5,CC1N2CC2(C#C)C1=O,16,3,3,0.9939710606557216,0.8939710606557216,1.0,0.9932091911283469,0.0015237390546682414,0.0052670698169239236,-1638.6151914305615,0.0,True,2.7751930609738085e-16,Random (k=3),Random,with_single_atom_contributions,False,False,False,False,False
6,O=CC1OCC11CCO1,17,3,3,0.9752964333434959,0.8988258451082018,0.7647058823529411,0.960669289787962,0.029254287110991904,0.010076423100989185,-1653.7687905893724,0.0,True,2.7497637727482635e-16,Random (k=3),Random,with_single_atom_contributions,False,False,False,False,False
7,CC12COCC1(C)C2O,21,3,3,0.9981773494470633,0.8838916351613489,1.1428571428571428,0.9967998788830076,0.0027549411280442322,0.0004451799888978794,-1980.9096562034208,0.0,True,4.591298239799613e-16,Random (k=3),Random,with_single_atom_contributions,False,False,False,False,False
8,CNC(=O)CC1CN1,18,3,3,0.991639162801517,0.8805280516904058,1.1111111111111112,0.987516503478102,0.008245318646750996,0.004238177875087634,-1669.6283676037929,0.0,True,1.3618220668443674e-16,Random (k=3),Random,with_single_atom_contributions,False,False,False,False,False
9,CC12C3C(CN13)OC2=O,16,3,3,0.9695073231063353,0.8695073231063353,1.0,0.9491934003956488,0.04062784542129452,0.01017875418299786,-1618.1339928096172,0.0,True,2.810319497069855e-16,Random (k=3),Random,with_single_atom_contributions,False,False,False,False,False
10,COC12C(C)C1CC2C,23,3,3,0.9794598895200396,0.9011990199548222,0.782608695652174,0.9693814539285839,0.020156871182851706,0.010461674888519675,-2142.2303783647435,0.0,True,1.0613875974291129e-15,Random (k=3),Random,with_single_atom_contributions,False,False,False,False,False
11,CC1C2CC2(C)C1=NO,20,3,3,0.9869173449820429,0.8969173449820429,0.9,0.9813262260693035,0.01118223782541039,0.007491536105234946,-1884.4887779695775,0.0,True,3.619660856057758e-16,Random (k=3),Random,with_single_atom_contributions,False,False,False,False,False
12,NC(C#C)(C#N)C1CO1,15,3,3,0.9941345798855309,0.9008012465521975,0.9333333333333333,0.9920594545214733,0.004150250728028543,0.0037902947504331393,-1522.078526748084,0.0,True,1.4938366940173598e-16,Random (k=3),Random,with_single_atom_contributions,False,False,False,False,False
13,CCCC1=NC=NN=N1,17,3,3,0.9645414762420185,0.8410120644773126,1.2352941176470589,0.9465927551328599,0.03589744221824088,0.017509802648842047,-1633.5341333303422,0.0,True,1.391912607174382e-16,Random (k=3),Random,with_single_atom_contributions,False,False,False,False,False
14,O=CC1=CC(=O)C(=O)C1,13,3,3,0.9900731820470335,0.928534720508572,0.6153846153846154,0.9849875397389886,0.010171284616000325,0.004841175644943944,-1468.7092323270667,0.0,True,1.5481190588211863e-16,Random (k=3),Random,with_single_atom_contributions,False,False,False,False,False
15,OC12C=CC3OC1C2O3,15,3,3,0.9697143448703177,0.8763810115369843,0.9333333333333333,0.9557721346493241,0.027884420441905033,0.016343444908709273,-1539.7034466654081,0.0,True,1.476736808868284e-16,Random (k=3),Random,with_single_atom_contributions,False,False,False,False,False
16,CCC(COC=N)=NO,19,3,3,0.9811576971617811,0.8653682234775706,1.1578947368421053,0.9655553518356113,0.031204690652267247,0.0032399575120671993,-1737.5095308442717,0.0,True,1.3086182919108136e-16,Random (k=3),Random,with_single_atom_contributions,False,False,False,False,False
17,N#CC12OCC(O1)C=C2,14,3,3,0.9913492987812323,0.877063584495518,1.1428571428571428,0.9895457451748311,0.0036071072127136813,0.00684714761238859,-1500.7105462489424,0.0,True,1.5151068006521456e-16,Random (k=3),Random,with_single_atom_contributions,False,False,False,False,False
18,NC(=O)C(=O)C(O)CO,16,3,3,0.994080729524535,0.894080729524535,1.0,0.9899806132440147,0.008200232560954944,0.0018191541949661464,-1543.56841988232,0.0,True,5.892156706874115e-16,Random (k=3),Random,with_single_atom_contributions,False,False,False,False,False
19,CC1=NCC(O1)C(N)=O,17,3,3,0.9889221744286866,0.9300986450169219,0.5882352941176471,0.9807397149010859,0.01636491905512206,0.0028953660437326663,-1678.2201106753193,0.0,True,0.0,Random (k=3),Random,with_single_atom_contributions,False,False,False,False,False
0,CC1=C(N)C=NO1,13,3,3,0.9991811588087581,0.9991811588087581,0.0,0.99836231761749,0.0016376823824311533,0.0,-1261.5773353406917,0.0,True,9.01148384144882e-16,Greedy-Random (k=3),Greedy-Random,with_single_atom_contributions,True,False,False,True,True
1,CC#CC1CC(C)C1O,21,3,3,0.9986966142095935,0.9891728046857841,0.09523809523809523,0.9983198835690243,0.0007534612810725459,0.0009266551498538557,-2019.579175708967,0.0,True,5.629234005232846e-16,Greedy-Random (k=3),Greedy-Random,with_single_atom_contributions,True,False,False,True,True
2,C1OC11C2C3CN2C13,15,3,3,0.979577833447622,0.979577833447622,0.0,0.9623346638686658,0.034486339157825646,0.0031789969734435292,-1432.333978567099,0.0,True,1.587434766231545e-16,Greedy-Random (k=3),Greedy-Random,with_single_atom_contributions,True,False,False,True,True
3,C1NC2C3COCC12O3,18,3,3,0.9966872472473772,0.9966872472473772,0.0,0.9943287287441109,0.004717037006454828,0.0009542342493758725,-1709.9491432050593,0.0,True,3.989130489875952e-16,Greedy-Random (k=3),Greedy-Random,with_single_atom_contributions,True,False,False,True,True
4,O=C1CC2(CC1O2)C#C,15,3,3,0.9935524429435499,0.9935524429435499,0.0,0.9898220614753648,0.007460762936287143,0.002717175588285851,-1585.2289793332293,0.0,True,1.4343270177842348e-16,Greedy-Random (k=3),Greedy-Random,with_single_atom_contributions,True,False,False,True,True
5,CC1N2CC2(C#C)C1=O,16,3,3,0.9933090530355676,0.9933090530355676,0.0,0.9890427599041519,0.008532586262751015,0.002424653833036827,-1638.6151914305615,0.0,True,2.7751930609738085e-16,Greedy-Random (k=3),Greedy-Random,with_single_atom_contributions,True,False,False,True,True
6,O=CC1OCC11CCO1,17,3,3,0.9962170089049525,0.9962170089049525,0.0,0.9931984150261143,0.006037187757596744,0.0007643972162292377,-1653.7687905893724,0.0,True,1.0999055090993054e-15,Greedy-Random (k=3),Greedy-Random,with_single_atom_contributions,True,False,False,True,True
7,CC12COCC1(C)C2O,21,3,3,0.9979475580715911,0.9884237485477816,0.09523809523809523,0.9964544801468423,0.0029861558494306264,0.000559364003676966,-1980.9096562034208,0.0,True,4.591298239799613e-16,Greedy-Random (k=3),Greedy-Random,with_single_atom_contributions,True,False,False,True,True
8,CNC(=O)CC1CN1,18,3,3,0.9957719226939808,0.9846608115828698,0.1111111111111111,0.991886839162605,0.007770167062671793,0.0003429937746632937,-1669.6283676037929,0.0,True,1.3618220668443674e-16,Greedy-Random (k=3),Greedy-Random,with_single_atom_contributions,True,False,False,True,True
9,CC12C3C(CN13)OC2=O,16,3,3,0.9932066931590341,0.9932066931590341,0.0,0.9895749988950712,0.007263388527844645,0.003161612577023193,-1618.1339928096172,0.0,True,5.62063899413971e-16,Greedy-Random (k=3),Greedy-Random,with_single_atom_contributions,True,False,False,True,True
10,COC12C(C)C1CC2C,23,3,3,0.9958571963253354,0.9958571963253354,0.0,0.9944237327328675,0.0028669271848738463,0.002709340082212259,-2142.2303783647435,0.0,True,1.485942636400758e-15,Greedy-Random (k=3),Greedy-Random,with_single_atom_contributions,True,False,False,True,True
11,CC1C2CC2(C)C1=NO,20,3,3,0.9931046193731731,0.9781046193731731,0.15,0.9910877242555356,0.004033790235204925,0.004878485509206898,-1884.4887779695775,0.0,True,1.2065536186859193e-16,Greedy-Random (k=3),Greedy-Random,with_single_atom_contributions,True,False,False,True,True
12,NC(C#C)(C#N)C1CO1,15,3,3,0.9885477914867096,0.9752144581533763,0.13333333333333333,0.9849454526345783,0.0072046777041771095,0.00784986966118058,-1522.078526748084,0.0,True,1.4938366940173598e-16,Greedy-Random (k=3),Greedy-Random,with_single_atom_contributions,True,False,False,True,True
13,CCCC1=NC=NN=N1,17,3,3,0.9984167270550538,0.9984167270550538,0.0,0.9968334541100873,0.003166545889851847,0.0,-1633.5341333303422,0.0,True,5.567650428697528e-16,Greedy-Random (k=3),Greedy-Random,with_single_atom_contributions,True,False,False,True,True
14,O=CC1=CC(=O)C(=O)C1,13,3,3,0.9961128765500141,0.9961128765500141,0.0,0.992973705596393,0.006278341907151805,0.0007479524963873419,-1468.7092323270667,0.0,True,0.0,Greedy-Random (k=3),Greedy-Random,with_single_atom_contributions,True,False,False,True,True
15,OC12C=CC3OC1C2O3,15,3,3,0.994551425195831,0.994551425195831,0.0,0.9891836572252739,0.010735535941028747,8.080683363338441e-05,-1539.7034466654081,0.0,True,2.953473617736568e-16,Greedy-Random (k=3),Greedy-Random,with_single_atom_contributions,True,False,False,True,True
16,CCC(COC=N)=NO,19,3,3,0.9956766357412296,0.9956766357412296,0.0,0.9931577704173927,0.005037730647596928,0.0018044989349527965,-1737.5095308442717,0.0,True,2.617236583821627e-16,Greedy-Random (k=3),Greedy-Random,with_single_atom_contributions,True,False,False,True,True
17,N#CC12OCC(O1)C=C2,14,3,3,0.9945031756166133,0.9945031756166133,0.0,0.9926830594933272,0.003640232246483619,0.00367670826012271,-1500.7105462489424,0.0,True,1.5151068006521456e-16,Greedy-Random (k=3),Greedy-Random,with_single_atom_contributions,True,False,False,True,True
18,NC(=O)C(=O)C(O)CO,16,3,3,0.9955666916954135,0.9768166916954134,0.1875,0.994435417986413,0.0022625474179145512,0.0033020345956076185,-1543.56841988232,0.0,True,7.365195883592644e-16,Greedy-Random (k=3),Greedy-Random,with_single_atom_contributions,True,False,False,True,True
19,CC1=NCC(O1)C(N)=O,17,3,3,0.9974005296445673,0.9974005296445673,0.0,0.9953867868009019,0.004027485687251706,0.0005857275117871013,-1678.2201106753193,0.0,True,2.709700283018571e-16,Greedy-Random (k=3),Greedy-Random,with_single_atom_contributions,True,False,False,True,True
0,CC1=C(N)C=NO1,13,3,3,0.9943258416806647,0.9943258416806647,0.0,0.9919237469765435,0.004804189408137504,0.003272063615240279,-1261.5773353406917,0.0,True,5.406890304869291e-16,Greedy-Distance (k=3),Greedy-Distance,with_single_atom_contributions,False,True,False,True,True
1,CC#CC1CC(C)C1O,21,3,3,0.993774541556049,0.993774541556049,0.0,0.9907312510598587,0.0060865809923153595,0.0031821679477769165,-2019.579175708967,0.0,True,5.629234005232846e-16,Greedy-Distance (k=3),Greedy-Distance,with_single_atom_contributions,False,True,False,True,True
2,C1OC11C2C3CN2C13,15,3,3,0.999256740287302,0.999256740287302,0.0,0.9985519767784857,0.0014095270175394112,3.849620390500746e-05,-1432.333978567099,0.0,True,9.524608597389272e-16,Greedy-Distance (k=3),Greedy-Distance,with_single_atom_contributions,False,True,False,True,True
3,C1NC2C3COCC12O3,18,3,3,0.9980320095956133,0.9980320095956133,0.0,0.9967077077040606,0.0026486037830274448,0.0006436885128534828,-1709.9491432050593,0.0,True,1.329710163291984e-15,Greedy-Distance (k=3),Greedy-Distance,with_single_atom_contributions,False,True,False,True,True
4,O=C1CC2(CC1O2)C#C,15,3,3,0.9966470170202077,0.9966470170202077,0.0,0.9939278015237122,0.005438430992907434,0.0006337674833176654,-1585.2289793332293,0.0,True,1.4343270177842348e-16,Greedy-Distance (k=3),Greedy-Distance,with_single_atom_contributions,False,True,False,True,True
5,CC1N2CC2(C#C)C1=O,16,3,3,0.9971487857953475,0.9971487857953475,0.0,0.9943710530373819,0.005555465515849862,7.348144670721485e-05,-1638.6151914305615,0.0,True,1.3875965304869043e-16,Greedy-Distance (k=3),Greedy-Distance,with_single_atom_contributions,False,True,False,True,True
6,O=CC1OCC11CCO1,17,3,3,0.9947754903149971,0.9947754903149971,0.0,0.9902699407208122,0.009011099188290133,0.0007189600908378956,-1653.7687905893724,0.0,True,4.1246456591223956e-16,Greedy-Distance (k=3),Greedy-Distance,with_single_atom_contributions,False,True,False,True,True
7,CC12COCC1(C)C2O,21,3,3,0.9887917622960165,0.9887917622960165,0.0,0.984797979608496,0.007987565374974687,0.007214455016479578,-1980.9096562034208,0.0,True,5.739122799749517e-16,Greedy-Distance (k=3),Greedy-Distance,with_single_atom_contributions,False,True,False,True,True
8,CNC(=O)CC1CN1,18,3,3,0.9980037754918257,0.9980037754918257,0.0,0.9965816126679735,0.0028443256476249706,0.0005740616843417933,-1669.6283676037929,0.0,True,1.3618220668443674e-16,Greedy-Distance (k=3),Greedy-Distance,with_single_atom_contributions,False,True,False,True,True
9,CC12C3C(CN13)OC2=O,16,3,3,0.9982803105113796,0.9982803105113796,0.0,0.9973359405286231,0.0018887399654310044,0.0007753195058843515,-1618.1339928096172,0.0,True,7.025798742674638e-16,Greedy-Distance (k=3),Greedy-Distance,with_single_atom_contributions,False,True,False,True,True
10,COC12C(C)C1CC2C,23,3,3,0.9913355896030059,0.9913355896030059,0.0,0.9859141427299394,0.010842893746072436,0.003242963523942533,-2142.2303783647435,0.0,True,8.491100779432902e-16,Greedy-Distance (k=3),Greedy-Distance,with_single_atom_contributions,False,True,False,True,True
11,CC1C2CC2(C)C1=NO,20,3,3,0.9940547777324027,0.9940547777324027,0.0,0.9917821738037733,0.0045452078571888805,0.0036726183389854936,-1884.4887779695775,0.0,True,1.2065536186859193e-16,Greedy-Distance (k=3),Greedy-Distance,with_single_atom_contributions,False,True,False,True,True
12,NC(C#C)(C#N)C1CO1,15,3,3,0.9978468972605268,0.9978468972605268,0.0,0.9960472830112896,0.003599228498386574,0.0003534884902580596,-1522.078526748084,0.0,True,0.0,Greedy-Distance (k=3),Greedy-Distance,with_single_atom_contributions,False,True,False,True,True
13,CCCC1=NC=NN=N1,17,3,3,0.9939740824751334,0.9939740824751334,0.0,0.9917760528765259,0.004396059197133929,0.003827887926279313,-1633.5341333303422,0.0,True,6.959563035871911e-16,Greedy-Distance (k=3),Greedy-Distance,with_single_atom_contributions,False,True,False,True,True
14,O=CC1=CC(=O)C(=O)C1,13,3,3,0.9929908631056884,0.9929908631056884,0.0,0.9916581126028118,0.002665501005662375,0.00567638639145768,-1468.7092323270667,0.0,True,1.3933071529390678e-15,Greedy-Distance (k=3),Greedy-Distance,with_single_atom_contributions,False,True,False,True,True
15,OC12C=CC3OC1C2O3,15,3,3,0.9909678078799389,0.9909678078799389,0.0,0.9820812065042581,0.01777320275127659,0.0001455907444014925,-1539.7034466654081,0.0,True,1.476736808868284e-16,Greedy-Distance (k=3),Greedy-Distance,with_single_atom_contributions,False,True,False,True,True
16,CCC(COC=N)=NO,19,3,3,0.9979641804614935,0.9979641804614935,0.0,0.9977532489931746,0.00042186293656125163,0.0018248880702067208,-1737.5095308442717,0.0,True,2.617236583821627e-16,Greedy-Distance (k=3),Greedy-Distance,with_single_atom_contributions,False,True,False,True,True
17,N#CC12OCC(O1)C=C2,14,3,3,0.9973781045752613,0.9973781045752613,0.0,0.9949319411856784,0.004892326779077217,0.00017573203517771708,-1500.7105462489424,0.0,True,1.5151068006521456e-16,Greedy-Distance (k=3),Greedy-Distance,with_single_atom_contributions,False,True,False,True,True
18,NC(=O)C(=O)C(O)CO,16,3,3,0.9967801209614212,0.9967801209614212,0.0,0.9948633761470227,0.003833489628710588,0.0013031342242018696,-1543.56841988232,0.0,True,2.9460783534370577e-16,Greedy-Distance (k=3),Greedy-Distance,with_single_atom_contributions,False,True,False,True,True
19,CC1=NCC(O1)C(N)=O,17,3,3,0.9953287318423761,0.9953287318423761,0.0,0.9940370702113352,0.002583323262002331,0.003379606526602993,-1678.2201106753193,0.0,True,1.3548501415092854e-16,Greedy-Distance (k=3),Greedy-Distance,with_single_atom_contributions,False,True,False,True,True
0,CC1=C(N)C=NO1,13,3,3,0.9991184851183101,0.9991184851183101,0.0,0.9982369702365939,0.0017630297633269797,0.0,-1261.5773353406917,0.0,True,5.406890304869291e-16,Metropolis-Hastings (k=3),Metropolis-Hastings,with_single_atom_contributions,False,False,True,False,True
1,CC#CC1CC(C)C1O,21,3,3,0.9991641954466505,0.9991641954466505,0.0,0.9983283908932845,0.0016716091066659446,0.0,-2019.579175708967,0.0,True,3.377540403139708e-16,Metropolis-Hastings (k=3),Metropolis-Hastings,with_single_atom_contributions,False,False,True,False,True
2,C1OC11C2C3CN2C13,15,3,3,0.999256740287302,0.999256740287302,0.0,0.9985519767784857,0.0014095270175394112,3.849620390500746e-05,-1432.333978567099,0.0,True,9.524608597389272e-16,Metropolis-Hastings (k=3),Metropolis-Hastings,with_single_atom_contributions,False,False,True,False,True
3,C1NC2C3COCC12O3,18,3,3,0.9983074334177617,0.9983074334177617,0.0,0.997453959130373,0.0017069485746993036,0.0008390922948691883,-1709.9491432050593,0.0,True,9.307971143043888e-16,Metropolis-Hastings (k=3),Metropolis-Hastings,with_single_atom_contributions,False,False,True,False,True
4,O=C1CC2(CC1O2)C#C,15,3,3,0.9986958900866708,0.9986958900866708,0.0,0.9977459847021719,0.001899810768913689,0.0003542045288513032,-1585.2289793332293,0.0,True,5.737308071136939e-16,Metropolis-Hastings (k=3),Metropolis-Hastings,with_single_atom_contributions,False,False,True,False,True
5,CC1N2CC2(C#C)C1=O,16,3,3,0.9987366347997182,0.9987366347997182,0.0,0.9976610935062474,0.002151082586860208,0.000187823906831291,-1638.6151914305615,0.0,True,5.550386121947617e-16,Metropolis-Hastings (k=3),Metropolis-Hastings,with_single_atom_contributions,False,False,True,False,True
6,O=CC1OCC11CCO1,17,3,3,0.997905464139374,0.997905464139374,0.0,0.9958109282787279,0.004189071721211543,0.0,-1653.7687905893724,0.0,True,5.499527545496527e-16,Metropolis-Hastings (k=3),Metropolis-Hastings,with_single_atom_contributions,False,False,True,False,True
7,CC12COCC1(C)C2O,21,3,3,0.9982940145276965,0.9982940145276965,0.0,0.9974563097428506,0.001675409569624462,0.0008682806874744787,-1980.9096562034208,0.0,True,4.591298239799613e-16,Metropolis-Hastings (k=3),Metropolis-Hastings,with_single_atom_contributions,False,False,True,False,True
8,CNC(=O)CC1CN1,18,3,3,0.9984630041693672,0.9984630041693672,0.0,0.9970187058567727,0.0028885966251095212,9.269751805830506e-05,-1669.6283676037929,0.0,True,1.3618220668443674e-16,Metropolis-Hastings (k=3),Metropolis-Hastings,with_single_atom_contributions,False,False,True,False,True
9,CC12C3C(CN13)OC2=O,16,3,3,0.998674670362787,0.998674670362787,0.0,0.9980452883896066,0.0012587639462787357,0.0006959476640530116,-1618.1339928096172,0.0,True,8.430958491209565e-16,Metropolis-Hastings (k=3),Metropolis-Hastings,with_single_atom_contributions,False,False,True,False,True
10,COC12C(C)C1CC2C,23,3,3,0.9987031411387455,0.9987031411387455,0.0,0.997626596781629,0.0021530887141708544,0.00022031450415359126,-2142.2303783647435,0.0,True,2.971885272801516e-15,Metropolis-Hastings (k=3),Metropolis-Hastings,with_single_atom_contributions,False,False,True,False,True
11,CC1C2CC2(C)C1=NO,20,3,3,0.9965829645311021,0.9965829645311021,0.0,0.9940559067387041,0.00505411558472572,0.0008899776765175475,-1884.4887779695775,0.0,True,8.445875330801436e-16,Metropolis-Hastings (k=3),Metropolis-Hastings,with_single_atom_contributions,False,False,True,False,True
12,NC(C#C)(C#N)C1CO1,15,3,3,0.9978468972605268,0.9978468972605268,0.0,0.9960472830112896,0.003599228498386574,0.0003534884902580596,-1522.078526748084,0.0,True,0.0,Metropolis-Hastings (k=3),Metropolis-Hastings,with_single_atom_contributions,False,False,True,False,True
13,CCCC1=NC=NN=N1,17,3,3,0.9994262272648048,0.9994262272648048,0.0,0.99910489663702,0.0006426612554877924,0.00025244210743093515,-1633.5341333303422,0.0,True,0.0,Metropolis-Hastings (k=3),Metropolis-Hastings,with_single_atom_contributions,False,False,True,False,True
14,O=CC1=CC(=O)C(=O)C1,13,3,3,0.9982497490135795,0.9982497490135795,0.0,0.9967250650549863,0.003049367917096254,0.00022556702784970692,-1468.7092323270667,0.0,True,1.3933071529390678e-15,Metropolis-Hastings (k=3),Metropolis-Hastings,with_single_atom_contributions,False,False,True,False,True
15,OC12C=CC3OC1C2O3,15,3,3,0.994551425195831,0.994551425195831,0.0,0.9891836572252739,0.010735535941028747,8.080683363338441e-05,-1539.7034466654081,0.0,True,2.953473617736568e-16,Metropolis-Hastings (k=3),Metropolis-Hastings,with_single_atom_contributions,False,False,True,False,True
16,CCC(COC=N)=NO,19,3,3,0.9985685406841577,0.9985685406841577,0.0,0.9971370813682964,0.002862918631646284,0.0,-1737.5095308442717,0.0,True,5.234473167643254e-16,Metropolis-Hastings (k=3),Metropolis-Hastings,with_single_atom_contributions,False,False,True,False,True
17,N#CC12OCC(O1)C=C2,14,3,3,0.9983049406975523,0.9983049406975523,0.0,0.9970680399525989,0.0024738014898179426,0.00045815855751663004,-1500.7105462489424,0.0,True,0.0,Metropolis-Hastings (k=3),Metropolis-Hastings,with_single_atom_contributions,False,False,True,False,True
18,NC(=O)C(=O)C(O)CO,16,3,3,0.9977459623193189,0.9977459623193189,0.0,0.9960753293262005,0.0033412659861506914,0.0005834046875841993,-1543.56841988232,0.0,True,2.9460783534370577e-16,Metropolis-Hastings (k=3),Metropolis-Hastings,with_single_atom_contributions,False,False,True,False,True
19,CC1=NCC(O1)C(N)=O,17,3,3,0.9995063064980713,0.9995063064980713,0.0,0.9990126129961228,0.0009873870038177533,0.0,-1678.2201106753193,0.0,True,0.0,Metropolis-Hastings (k=3),Metropolis-Hastings,with_single_atom_contributions,False,False,True,False,True
0,CC1=C(N)C=NO1,13,4,4,0.9864159842432537,0.9864159842432537,0.0,0.9772306156014382,0.018370737283526204,0.004398647114956853,-1261.5773353406917,0.0,True,3.6045935365795276e-16,Distance (k=4),Distance,with_single_atom_contributions,False,False,False,False,False
1,CC#CC1CC(C)C1O,21,4,4,0.9972595705154642,0.9972595705154642,0.0,0.9957319561083526,0.0030552288141572174,0.0012128150774408633,-2019.579175708967,0.0,True,5.629234005232846e-16,Distance (k=4),Distance,with_single_atom_contributions,False,False,False,False,False
2,C1OC11C2C3CN2C13,15,4,4,0.9885592914121838,0.9885592914121838,0.0,0.9819946422436652,0.013129298336946548,0.004876059419320253,-1432.333978567099,0.0,True,1.587434766231545e-16,Distance (k=4),Distance,with_single_atom_contributions,False,False,False,False,False
3,C1NC2C3COCC12O3,18,4,4,0.9846108767486405,0.9846108767486405,0.0,0.9742476285236182,0.020726496449969493,0.00502587502635596,-1709.9491432050593,0.0,True,1.1967391469627857e-15,Distance (k=4),Distance,with_single_atom_contributions,False,False,False,False,False
4,O=C1CC2(CC1O2)C#C,15,4,4,0.9893245639122416,0.9893245639122416,0.0,0.9867026626897679,0.005243802444863905,0.008053534865305596,-1585.2289793332293,0.0,True,4.3029810533527043e-16,Distance (k=4),Distance,with_single_atom_contributions,False,False,False,False,False
5,CC1N2CC2(C#C)C1=O,16,4,4,0.9847438316819694,0.9847438316819694,0.0,0.9768219748119611,0.01584371373993824,0.007334311448041677,-1638.6151914305615,0.0,True,6.937982652434522e-16,Distance (k=4),Distance,with_single_atom_contributions,False,False,False,False,False
6,O=CC1OCC11CCO1,17,4,4,0.9835701694410588,0.9835701694410588,0.0,0.9781066493569234,0.010927040168192438,0.010966310474825306,-1653.7687905893724,0.0,True,4.1246456591223956e-16,Distance (k=4),Distance,with_single_atom_contributions,False,False,False,False,False
7,CC12COCC1(C)C2O,21,4,4,0.9955715962725313,0.9955715962725313,0.0,0.9939130970477432,0.003316998449509108,0.002769904502697384,-1980.9096562034208,0.0,True,4.591298239799613e-16,Distance (k=4),Distance,with_single_atom_contributions,False,False,False,False,False
8,CNC(=O)CC1CN1,18,4,4,0.9948455569078488,0.9948455569078488,0.0,0.9919881473132257,0.0057148191891670365,0.00229703349754785,-1669.6283676037929,0.0,True,0.0,Distance (k=4),Distance,with_single_atom_contributions,False,False,False,False,False
9,CC12C3C(CN13)OC2=O,16,4,4,0.988889639087552,0.988889639087552,0.0,0.9851112097929086,0.007556858589205501,0.007331931617825019,-1618.1339928096172,0.0,True,4.2154792456047825e-16,Distance (k=4),Distance,with_single_atom_contributions,False,False,False,False,False
10,COC12C(C)C1CC2C,23,4,4,0.9875255218156144,0.9875255218156144,0.0,0.9798871843123159,0.0152766750065363,0.0048361406811024245,-2142.2303783647435,0.0,True,1.0613875974291129e-15,Distance (k=4),Distance,with_single_atom_contributions,False,False,False,False,False
11,CC1C2CC2(C)C1=NO,20,4,4,0.9924768438548243,0.9924768438548243,0.0,0.987946913535392,0.009059860638794121,0.002993225825761006,-1884.4887779695775,0.0,True,2.4131072373718386e-16,Distance (k=4),Distance,with_single_atom_contributions,False,False,False,False,False
12,NC(C#C)(C#N)C1CO1,15,4,4,0.9946805590892525,0.9946805590892525,0.0,0.9927960084816928,0.0037691012150319336,0.003434890303209775,-1522.078526748084,0.0,True,1.4938366940173598e-16,Distance (k=4),Distance,with_single_atom_contributions,False,False,False,False,False
13,CCCC1=NC=NN=N1,17,4,4,0.989710431210909,0.989710431210909,0.0,0.9837769205991912,0.01186702122335447,0.004356058177393576,-1633.5341333303422,0.0,True,1.391912607174382e-16,Distance (k=4),Distance,with_single_atom_contributions,False,False,False,False,False
14,O=CC1=CC(=O)C(=O)C1,13,4,4,0.9814093244819319,0.9814093244819319,0.0,0.9682206198042886,0.02637740935519818,0.005401970840446941,-1468.7092323270667,0.0,True,1.5481190588211863e-16,Distance (k=4),Distance,with_single_atom_contributions,False,False,False,False,False
15,OC12C=CC3OC1C2O3,15,4,4,0.9724174495548468,0.9724174495548468,0.0,0.9591999515255246,0.026434996058561824,0.014365052415851638,-1539.7034466654081,0.0,True,1.476736808868284e-16,Distance (k=4),Distance,with_single_atom_contributions,False,False,False,False,False
16,CCC(COC=N)=NO,19,4,4,0.9957718317351439,0.9957718317351439,0.0,0.9938167921414366,0.003910079187338557,0.002273128671167631,-1737.5095308442717,0.0,True,2.617236583821627e-16,Distance (k=4),Distance,with_single_atom_contributions,False,False,False,False,False
17,N#CC12OCC(O1)C=C2,14,4,4,0.9874294213606586,0.9874294213606586,0.0,0.981672679013026,0.01151348469517865,0.006813836291730428,-1500.7105462489424,0.0,True,0.0,Distance (k=4),Distance,with_single_atom_contributions,False,False,False,False,False
18,NC(=O)C(=O)C(O)CO,16,4,4,0.9931695814689,0.9931695814689,0.0,0.9910614917643219,0.004216179409070222,0.004722328826543432,-1543.56841988232,0.0,True,2.9460783534370577e-16,Distance (k=4),Distance,with_single_atom_contributions,False,False,False,False,False
19,CC1=NCC(O1)C(N)=O,17,4,4,0.9931039292054981,0.9931039292054981,0.0,0.9894153559092168,0.007377146592483514,0.0032074974982404677,-1678.2201106753193,0.0,True,0.0,Distance (k=4),Distance,with_single_atom_contributions,False,False,False,False,False
0,CC1=C(N)C=NO1,13,4,4,0.9635144232738728,0.8558221155815651,1.0769230769230769,0.9382668182785564,0.05049520999053411,0.011237971730835414,-1261.5773353406917,0.0,True,5.406890304869291e-16,Random (k=4),Random,with_single_atom_contributions,False,False,False,False,False
1,CC#CC1CC(C)C1O,21,4,4,0.981965521528236,0.8391083786710931,1.4285714285714286,0.976187345486669,0.011556352083069777,0.012256302430213003,-2019.579175708967,0.0,True,5.629234005232846e-16,Random (k=4),Random,with_single_atom_contributions,False,False,False,False,False
2,C1OC11C2C3CN2C13,15,4,4,0.9483010199078595,0.8416343532411928,1.0666666666666667,0.935978638312317,0.024644763191001944,0.039376598496618676,-1432.333978567099,0.0,True,0.0,Random (k=4),Random,with_single_atom_contributions,False,False,False,False,False
3,C1NC2C3COCC12O3,18,4,4,0.9686602863321353,0.8575491752210241,1.1111111111111112,0.95663101615968,0.024058540344837603,0.019310443495427532,-1709.9491432050593,0.0,True,3.989130489875952e-16,Random (k=4),Random,with_single_atom_contributions,False,False,False,False,False
4,O=C1CC2(CC1O2)C#C,15,4,4,0.9617221425924151,0.8550554759257484,1.0666666666666667,0.9498288230843774,0.023786639015995065,0.02638453789956744,-1585.2289793332293,0.0,True,2.8686540355684697e-16,Random (k=4),Random,with_single_atom_contributions,False,False,False,False,False
5,CC1N2CC2(C#C)C1=O,16,4,4,0.9812086975056075,0.8562086975056075,1.25,0.969519842025609,0.02337771095991773,0.007102447014413929,-1638.6151914305615,0.0,True,2.7751930609738085e-16,Random (k=4),Random,with_single_atom_contributions,False,False,False,False,False
6,O=CC1OCC11CCO1,17,4,4,0.9557479779003603,0.8145715073121249,1.411764705882353,0.944270818917084,0.022954317966477157,0.03277486311638241,-1653.7687905893724,0.0,True,2.7497637727482635e-16,Random (k=4),Random,with_single_atom_contributions,False,False,False,False,False
7,CC12COCC1(C)C2O,21,4,4,0.9736451434849897,0.8307880006278467,1.4285714285714286,0.9659228807322855,0.015444525505343488,0.01863259376232228,-1980.9096562034208,0.0,True,2.2956491198998065e-16,Random (k=4),Random,with_single_atom_contributions,False,False,False,False,False
8,CNC(=O)CC1CN1,18,4,4,0.9562421026621944,0.8451309915510833,1.1111111111111112,0.9374128708228452,0.03765846367862423,0.024928665498474705,-1669.6283676037929,0.0,True,1.3618220668443674e-16,Random (k=4),Random,with_single_atom_contributions,False,False,False,False,False
9,CC12C3C(CN13)OC2=O,16,4,4,0.9538021312191152,0.8288021312191152,1.25,0.9353772777224463,0.03684970699326073,0.02777301528423527,-1618.1339928096172,0.0,True,4.2154792456047825e-16,Random (k=4),Random,with_single_atom_contributions,False,False,False,False,False
10,COC12C(C)C1CC2C,23,4,4,0.9696942718704888,0.8653464457835323,1.0434782608695652,0.9604713839332433,0.018445775874431712,0.021082840192280405,-2142.2303783647435,0.0,True,8.491100779432902e-16,Random (k=4),Random,with_single_atom_contributions,False,False,False,False,False
11,CC1C2CC2(C)C1=NO,20,4,4,0.9746121960854177,0.8546121960854177,1.2,0.9598203370563225,0.029583718058123612,0.010595944885503776,-1884.4887779695775,0.0,True,4.826214474743677e-16,Random (k=4),Random,with_single_atom_contributions,False,False,False,False,False
12,NC(C#C)(C#N)C1CO1,15,4,4,0.9692902309248298,0.8626235642581631,1.0666666666666667,0.9536531464485977,0.03127416895238202,0.015072684598958755,-1522.078526748084,0.0,True,0.0,Random (k=4),Random,with_single_atom_contributions,False,False,False,False,False
13,CCCC1=NC=NN=N1,17,4,4,0.9742713814617122,0.8801537344028887,0.9411764705882353,0.9643081590144357,0.019926444894474902,0.015765396091030847,-1633.5341333303422,0.0,True,1.391912607174382e-16,Random (k=4),Random,with_single_atom_contributions,False,False,False,False,False
14,O=CC1=CC(=O)C(=O)C1,13,4,4,0.9655632261095418,0.8578709184172342,1.0769230769230769,0.9458014908761515,0.039523470466693085,0.01467503865708966,-1468.7092323270667,0.0,True,3.0962381176423727e-16,Random (k=4),Random,with_single_atom_contributions,False,False,False,False,False
15,OC12C=CC3OC1C2O3,15,4,4,0.9837193307259943,0.8637193307259943,1.2,0.9733013705163284,0.02083592041924797,0.005862709064360767,-1539.7034466654081,0.0,True,1.476736808868284e-16,Random (k=4),Random,with_single_atom_contributions,False,False,False,False,False
16,CCC(COC=N)=NO,19,4,4,0.9633785877377585,0.847589114053548,1.1578947368421053,0.9456790523298867,0.03539907081567265,0.018921876854387284,-1737.5095308442717,0.0,True,1.3086182919108136e-16,Random (k=4),Random,with_single_atom_contributions,False,False,False,False,False
17,N#CC12OCC(O1)C=C2,14,4,4,0.9665410609893037,0.8951124895607323,0.7142857142857143,0.9525400078743885,0.02800210622974468,0.019457885895802423,-1500.7105462489424,0.0,True,1.5151068006521456e-16,Random (k=4),Random,with_single_atom_contributions,False,False,False,False,False
18,NC(=O)C(=O)C(O)CO,16,4,4,0.969430138936947,0.844430138936947,1.25,0.9530756186625396,0.03270904054873153,0.014215340788666334,-1543.56841988232,0.0,True,5.892156706874115e-16,Random (k=4),Random,with_single_atom_contributions,False,False,False,False,False
19,CC1=NCC(O1)C(N)=O,17,4,4,0.9636152092669548,0.8459681504434253,1.1764705882352942,0.9499303912629153,0.027369636008001623,0.022699972729025138,-1678.2201106753193,0.0,True,1.3548501415092854e-16,Random (k=4),Random,with_single_atom_contributions,False,False,False,False,False
0,CC1=C(N)C=NO1,13,4,4,0.9895451522491331,0.9895451522491331,0.0,0.9857117086707321,0.007666887156697878,0.006621404172491985,-1261.5773353406917,0.0,True,3.6045935365795276e-16,Greedy-Random (k=4),Greedy-Random,with_single_atom_contributions,True,False,False,True,True
1,CC#CC1CC(C)C1O,21,4,4,0.996040699963434,0.9674692713920054,0.2857142857142857,0.9938453436599511,0.004390712606900218,0.0017639437330996132,-2019.579175708967,0.0,True,7.880927607325985e-16,Greedy-Random (k=4),Greedy-Random,with_single_atom_contributions,True,False,False,True,True
2,C1OC11C2C3CN2C13,15,4,4,0.9722150099579793,0.9722150099579793,0.0,0.949965890198668,0.04449823951853763,0.005535870282730701,-1432.333978567099,0.0,True,1.587434766231545e-16,Greedy-Random (k=4),Greedy-Random,with_single_atom_contributions,True,False,False,True,True
3,C1NC2C3COCC12O3,18,4,4,0.98611728282572,0.98611728282572,0.0,0.9776656238633613,0.01690331792464198,0.005431058211940094,-1709.9491432050593,0.0,True,5.318840653167937e-16,Greedy-Random (k=4),Greedy-Random,with_single_atom_contributions,True,False,False,True,True
4,O=C1CC2(CC1O2)C#C,15,4,4,0.9862550334153316,0.9862550334153316,0.0,0.9790467279022511,0.01441661102607893,0.006536661071608503,-1585.2289793332293,0.0,True,2.8686540355684697e-16,Greedy-Random (k=4),Greedy-Random,with_single_atom_contributions,True,False,False,True,True
5,CC1N2CC2(C#C)C1=O,16,4,4,0.9929609809314037,0.9679609809314037,0.25,0.9900911978427138,0.005739566177299655,0.004169235979926292,-1638.6151914305615,0.0,True,4.162789591460713e-16,Greedy-Random (k=4),Greedy-Random,with_single_atom_contributions,True,False,False,True,True
6,O=CC1OCC11CCO1,17,4,4,0.9907926930969294,0.961380928391047,0.29411764705882354,0.9843374169964747,0.012910552200830896,0.0027520308026355604,-1653.7687905893724,0.0,True,4.1246456591223956e-16,Greedy-Random (k=4),Greedy-Random,with_single_atom_contributions,True,False,False,True,True
7,CC12COCC1(C)C2O,21,4,4,0.9935902545773474,0.9507331117202046,0.42857142857142855,0.9919612037744869,0.0032581016056541234,0.004780694619808772,-1980.9096562034208,0.0,True,5.739122799749517e-16,Greedy-Random (k=4),Greedy-Random,with_single_atom_contributions,True,False,False,True,True
8,CNC(=O)CC1CN1,18,4,4,0.9943971641848214,0.9943971641848214,0.0,0.9914762410523169,0.0058418462649300175,0.0026819126826938973,-1669.6283676037929,0.0,True,1.3618220668443674e-16,Greedy-Random (k=4),Greedy-Random,with_single_atom_contributions,True,False,False,True,True
9,CC12C3C(CN13)OC2=O,16,4,4,0.9797800362867494,0.9797800362867494,0.0,0.9703461213503682,0.01886782987268149,0.010786048776889823,-1618.1339928096172,0.0,True,8.430958491209565e-16,Greedy-Random (k=4),Greedy-Random,with_single_atom_contributions,True,False,False,True,True
10,COC12C(C)C1CC2C,23,4,4,0.9885644845187684,0.9494340497361597,0.391304347826087,0.9822518655587075,0.0126252379200616,0.0051228965211856286,-2142.2303783647435,0.0,True,1.0613875974291129e-15,Greedy-Random (k=4),Greedy-Random,with_single_atom_contributions,True,False,False,True,True
11,CC1C2CC2(C)C1=NO,20,4,4,0.9895503187657958,0.9645503187657958,0.25,0.9860200358524391,0.0070605658266440835,0.0069193983208649685,-1884.4887779695775,0.0,True,3.619660856057758e-16,Greedy-Random (k=4),Greedy-Random,with_single_atom_contributions,True,False,False,True,True
12,NC(C#C)(C#N)C1CO1,15,4,4,0.9887851544833658,0.9621184878166992,0.26666666666666666,0.9822181734096208,0.013133962147405377,0.004647864442910333,-1522.078526748084,0.0,True,0.0,Greedy-Random (k=4),Greedy-Random,with_single_atom_contributions,True,False,False,True,True
13,CCCC1=NC=NN=N1,17,4,4,0.9895393927081001,0.9895393927081001,0.0,0.9847279000190052,0.009622985378109553,0.005649114602825097,-1633.5341333303422,0.0,True,2.783825214348764e-16,Greedy-Random (k=4),Greedy-Random,with_single_atom_contributions,True,False,False,True,True
14,O=CC1=CC(=O)C(=O)C1,13,4,4,0.9788864267833066,0.9788864267833066,0.0,0.968505826510896,0.02076120054473305,0.01073297294430488,-1468.7092323270667,0.0,True,4.644357176463559e-16,Greedy-Random (k=4),Greedy-Random,with_single_atom_contributions,True,False,False,True,True
15,OC12C=CC3OC1C2O3,15,4,4,0.9815001229810102,0.9815001229810102,0.0,0.9726166770201233,0.017766891921688358,0.00961643105812436,-1539.7034466654081,0.0,True,4.430210426604852e-16,Greedy-Random (k=4),Greedy-Random,with_single_atom_contributions,True,False,False,True,True
16,CCC(COC=N)=NO,19,4,4,0.9907950008283327,0.9697423692493854,0.21052631578947367,0.9856580260825577,0.010273949491474928,0.004068024425911102,-1737.5095308442717,0.0,True,2.617236583821627e-16,Greedy-Random (k=4),Greedy-Random,with_single_atom_contributions,True,False,False,True,True
17,N#CC12OCC(O1)C=C2,14,4,4,0.9947536185965968,0.9947536185965968,0.0,0.990438839822093,0.00862955754891867,0.0009316026289216797,-1500.7105462489424,0.0,True,3.030213601304291e-16,Greedy-Random (k=4),Greedy-Random,with_single_atom_contributions,True,False,False,True,True
18,NC(=O)C(=O)C(O)CO,16,4,4,0.9899569248718931,0.9649569248718931,0.25,0.9823585389274463,0.01519677188880963,0.0024446891836810837,-1543.56841988232,0.0,True,7.365195883592644e-16,Greedy-Random (k=4),Greedy-Random,with_single_atom_contributions,True,False,False,True,True
19,CC1=NCC(O1)C(N)=O,17,4,4,0.9922130067919009,0.9745659479683715,0.17647058823529413,0.9888863069465158,0.006653399690691932,0.0044602933627334125,-1678.2201106753193,0.0,True,0.0,Greedy-Random (k=4),Greedy-Random,with_single_atom_contributions,True,False,False,True,True
0,CC1=C(N)C=NO1,13,4,4,0.9932734566385567,0.9932734566385567,0.0,0.9911855341438274,0.004175844989353805,0.004638620866740051,-1261.5773353406917,0.0,True,0.0,Greedy-Distance (k=4),Greedy-Distance,with_single_atom_contributions,False,True,False,True,True
1,CC#CC1CC(C)C1O,21,4,4,0.9972595705154642,0.9972595705154642,0.0,0.9957319561083526,0.0030552288141572174,0.0012128150774408633,-2019.579175708967,0.0,True,5.629234005232846e-16,Greedy-Distance (k=4),Greedy-Distance,with_single_atom_contributions,False,True,False,True,True
2,C1OC11C2C3CN2C13,15,4,4,0.9971825620483966,0.9971825620483966,0.0,0.995535731972445,0.0032936601518101126,0.0011706078756751447,-1432.333978567099,0.0,True,9.524608597389272e-16,Greedy-Distance (k=4),Greedy-Distance,with_single_atom_contributions,False,True,False,True,True
3,C1NC2C3COCC12O3,18,4,4,0.9864650267925307,0.9864650267925307,0.0,0.975619498443118,0.02169105669875036,0.0026894448580754775,-1709.9491432050593,0.0,True,1.0637681306335873e-15,Greedy-Distance (k=4),Greedy-Distance,with_single_atom_contributions,False,True,False,True,True
4,O=C1CC2(CC1O2)C#C,15,4,4,0.9893245639122416,0.9893245639122416,0.0,0.9867026626897679,0.005243802444863905,0.008053534865305596,-1585.2289793332293,0.0,True,4.3029810533527043e-16,Greedy-Distance (k=4),Greedy-Distance,with_single_atom_contributions,False,True,False,True,True
5,CC1N2CC2(C#C)C1=O,16,4,4,0.9905980695153067,0.9905980695153067,0.0,0.9889168659456209,0.003362407139291001,0.007720726915027759,-1638.6151914305615,0.0,True,4.162789591460713e-16,Greedy-Distance (k=4),Greedy-Distance,with_single_atom_contributions,False,True,False,True,True
6,O=CC1OCC11CCO1,17,4,4,0.9919239988457597,0.9919239988457597,0.0,0.9898457701949981,0.004156457301443828,0.005997772503498647,-1653.7687905893724,0.0,True,2.7497637727482635e-16,Greedy-Distance (k=4),Greedy-Distance,with_single_atom_contributions,False,True,False,True,True
7,CC12COCC1(C)C2O,21,4,4,0.9955715962725313,0.9955715962725313,0.0,0.9939130970477432,0.003316998449509108,0.002769904502697384,-1980.9096562034208,0.0,True,4.591298239799613e-16,Greedy-Distance (k=4),Greedy-Distance,with_single_atom_contributions,False,True,False,True,True
8,CNC(=O)CC1CN1,18,4,4,0.9948455569078488,0.9948455569078488,0.0,0.9919881473132257,0.0057148191891670365,0.00229703349754785,-1669.6283676037929,0.0,True,0.0,Greedy-Distance (k=4),Greedy-Distance,with_single_atom_contributions,False,True,False,True,True
9,CC12C3C(CN13)OC2=O,16,4,4,0.988889639087552,0.988889639087552,0.0,0.9851112097929086,0.007556858589205501,0.007331931617825019,-1618.1339928096172,0.0,True,4.2154792456047825e-16,Greedy-Distance (k=4),Greedy-Distance,with_single_atom_contributions,False,True,False,True,True
10,COC12C(C)C1CC2C,23,4,4,0.9891353154039496,0.9891353154039496,0.0,0.98277022150216,0.01273018780351816,0.004499590694276143,-2142.2303783647435,0.0,True,1.0613875974291129e-15,Greedy-Distance (k=4),Greedy-Distance,with_single_atom_contributions,False,True,False,True,True
11,CC1C2CC2(C)C1=NO,20,4,4,0.9924768438548243,0.9924768438548243,0.0,0.987946913535392,0.009059860638794121,0.002993225825761006,-1884.4887779695775,0.0,True,2.4131072373718386e-16,Greedy-Distance (k=4),Greedy-Distance,with_single_atom_contributions,False,True,False,True,True
12,NC(C#C)(C#N)C1CO1,15,4,4,0.9946805590892525,0.9946805590892525,0.0,0.9927960084816928,0.0037691012150319336,0.003434890303209775,-1522.078526748084,0.0,True,1.4938366940173598e-16,Greedy-Distance (k=4),Greedy-Distance,with_single_atom_contributions,False,True,False,True,True
13,CCCC1=NC=NN=N1,17,4,4,0.9950874472669939,0.9950874472669939,0.0,0.9933943564770502,0.003386181579806326,0.003219461943082562,-1633.5341333303422,0.0,True,1.391912607174382e-16,Greedy-Distance (k=4),Greedy-Distance,with_single_atom_contributions,False,True,False,True,True
14,O=CC1=CC(=O)C(=O)C1,13,4,4,0.9832784361022475,0.9832784361022475,0.0,0.9774304840091904,0.0116959041860263,0.010873611804717324,-1468.7092323270667,0.0,True,1.5481190588211863e-16,Greedy-Distance (k=4),Greedy-Distance,with_single_atom_contributions,False,True,False,True,True
15,OC12C=CC3OC1C2O3,15,4,4,0.9874261189069005,0.9874261189069005,0.0,0.9802976589223183,0.01425691996907924,0.005445421108538647,-1539.7034466654081,0.0,True,0.0,Greedy-Distance (k=4),Greedy-Distance,with_single_atom_contributions,False,True,False,True,True
16,CCC(COC=N)=NO,19,4,4,0.9957718317351439,0.9957718317351439,0.0,0.9938167921414366,0.003910079187338557,0.002273128671167631,-1737.5095308442717,0.0,True,2.617236583821627e-16,Greedy-Distance (k=4),Greedy-Distance,with_single_atom_contributions,False,True,False,True,True
17,N#CC12OCC(O1)C=C2,14,4,4,0.9874294213606586,0.9874294213606586,0.0,0.981672679013026,0.01151348469517865,0.006813836291730428,-1500.7105462489424,0.0,True,0.0,Greedy-Distance (k=4),Greedy-Distance,with_single_atom_contributions,False,True,False,True,True
18,NC(=O)C(=O)C(O)CO,16,4,4,0.9951647890210434,0.9951647890210434,0.0,0.992314168370723,0.00570124130055501,0.00198459032865751,-1543.56841988232,0.0,True,4.4191175301555866e-16,Greedy-Distance (k=4),Greedy-Distance,with_single_atom_contributions,False,True,False,True,True
19,CC1=NCC(O1)C(N)=O,17,4,4,0.9931039292054981,0.9931039292054981,0.0,0.9894153559092168,0.007377146592483514,0.0032074974982404677,-1678.2201106753193,0.0,True,0.0,Greedy-Distance (k=4),Greedy-Distance,with_single_atom_contributions,False,True,False,True,True
0,CC1=C(N)C=NO1,13,4,4,0.9932734566385567,0.9932734566385567,0.0,0.9911855341438274,0.004175844989353805,0.004638620866740051,-1261.5773353406917,0.0,True,0.0,Metropolis-Hastings (k=4),Metropolis-Hastings,with_single_atom_contributions,False,False,True,False,True
1,CC#CC1CC(C)C1O,21,4,4,0.9989662189817138,0.9989662189817138,0.0,0.9980973493560978,0.0017377392511657794,0.0001649113926869041,-2019.579175708967,0.0,True,1.1258468010465694e-16,Metropolis-Hastings (k=4),Metropolis-Hastings,with_single_atom_contributions,False,False,True,False,True
2,C1OC11C2C3CN2C13,15,4,4,0.9971825620483966,0.9971825620483966,0.0,0.995535731972445,0.0032936601518101126,0.0011706078756751447,-1432.333978567099,0.0,True,9.524608597389272e-16,Metropolis-Hastings (k=4),Metropolis-Hastings,with_single_atom_contributions,False,False,True,False,True
3,C1NC2C3COCC12O3,18,4,4,0.9973329370051203,0.9973329370051203,0.0,0.9954184405365244,0.003828992937113921,0.0007525665263032385,-1709.9491432050593,0.0,True,5.318840653167937e-16,Metropolis-Hastings (k=4),Metropolis-Hastings,with_single_atom_contributions,False,False,True,False,True
4,O=C1CC2(CC1O2)C#C,15,4,4,0.9959823958277366,0.9959823958277366,0.0,0.9941778671936349,0.003609057268119952,0.002213075538182438,-1585.2289793332293,0.0,True,0.0,Metropolis-Hastings (k=4),Metropolis-Hastings,with_single_atom_contributions,False,False,True,False,True
5,CC1N2CC2(C#C)C1=O,16,4,4,0.9973427778320735,0.9973427778320735,0.0,0.9956827003132194,0.0033201550376270646,0.0009971446490927246,-1638.6151914305615,0.0,True,2.7751930609738085e-16,Metropolis-Hastings (k=4),Metropolis-Hastings,with_single_atom_contributions,False,False,True,False,True
6,O=CC1OCC11CCO1,17,4,4,0.9960007550672904,0.9960007550672904,0.0,0.9927182768750816,0.006564956384336634,0.0007167667405212262,-1653.7687905893724,0.0,True,2.7497637727482635e-16,Metropolis-Hastings (k=4),Metropolis-Hastings,with_single_atom_contributions,False,False,True,False,True
7,CC12COCC1(C)C2O,21,4,4,0.9965669088962116,0.9965669088962116,0.0,0.9943585832298067,0.004416651332742146,0.0012247654374005813,-1980.9096562034208,0.0,True,3.4434736798497097e-16,Metropolis-Hastings (k=4),Metropolis-Hastings,with_single_atom_contributions,False,False,True,False,True
8,CNC(=O)CC1CN1,18,4,4,0.9970360035397521,0.9970360035397521,0.0,0.9950414180333663,0.003989171012691844,0.0009694109538821878,-1669.6283676037929,0.0,True,2.723644133688735e-16,Metropolis-Hastings (k=4),Metropolis-Hastings,with_single_atom_contributions,False,False,True,False,True
9,CC12C3C(CN13)OC2=O,16,4,4,0.9928937117505626,0.9928937117505626,0.0,0.9906160037096297,0.004555416081784484,0.004828580208524694,-1618.1339928096172,0.0,True,5.62063899413971e-16,Metropolis-Hastings (k=4),Metropolis-Hastings,with_single_atom_contributions,False,False,True,False,True
10,COC12C(C)C1CC2C,23,4,4,0.997040149219479,0.997040149219479,0.0,0.9951056704637979,0.003868957511299755,0.001025372024855584,-2142.2303783647435,0.0,True,1.910497675372403e-15,Metropolis-Hastings (k=4),Metropolis-Hastings,with_single_atom_contributions,False,False,True,False,True
11,CC1C2CC2(C)C1=NO,20,4,4,0.9978956920556253,0.9978956920556253,0.0,0.9964558088928405,0.002879766325499126,0.0006644247816075377,-1884.4887779695775,0.0,True,0.0,Metropolis-Hastings (k=4),Metropolis-Hastings,with_single_atom_contributions,False,False,True,False,True
12,NC(C#C)(C#N)C1CO1,15,4,4,0.9967157730045919,0.9967157730045919,0.0,0.995245803439758,0.002939939129580375,0.0018142574305961433,-1522.078526748084,0.0,True,1.4938366940173598e-16,Metropolis-Hastings (k=4),Metropolis-Hastings,with_single_atom_contributions,False,False,True,False,True
13,CCCC1=NC=NN=N1,17,4,4,0.9984544194022401,0.9984544194022401,0.0,0.9973634794452204,0.0021818799139579573,0.0004546406407606641,-1633.5341333303422,0.0,True,1.391912607174382e-16,Metropolis-Hastings (k=4),Metropolis-Hastings,with_single_atom_contributions,False,False,True,False,True
14,O=CC1=CC(=O)C(=O)C1,13,4,4,0.9943664563735576,0.9943664563735576,0.0,0.9921871236243804,0.004358665498264072,0.003454210877287693,-1468.7092323270667,0.0,True,0.0,Metropolis-Hastings (k=4),Metropolis-Hastings,with_single_atom_contributions,False,False,True,False,True
15,OC12C=CC3OC1C2O3,15,4,4,0.9954787072807249,0.9954787072807249,0.0,0.9915162921204781,0.007924830320407111,0.0005588775590500837,-1539.7034466654081,0.0,True,1.476736808868284e-16,Metropolis-Hastings (k=4),Metropolis-Hastings,with_single_atom_contributions,False,False,True,False,True
16,CCC(COC=N)=NO,19,4,4,0.9980862247419156,0.9980862247419156,0.0,0.9969273303265869,0.002317788830581011,0.0007548808427748319,-1737.5095308442717,0.0,True,5.234473167643254e-16,Metropolis-Hastings (k=4),Metropolis-Hastings,with_single_atom_contributions,False,False,True,False,True
17,N#CC12OCC(O1)C=C2,14,4,4,0.996254563827811,0.996254563827811,0.0,0.9933473130126346,0.005814501630264664,0.0008381853570346927,-1500.7105462489424,0.0,True,6.060427202608582e-16,Metropolis-Hastings (k=4),Metropolis-Hastings,with_single_atom_contributions,False,False,True,False,True
18,NC(=O)C(=O)C(O)CO,16,4,4,0.9951647890210434,0.9951647890210434,0.0,0.992314168370723,0.00570124130055501,0.00198459032865751,-1543.56841988232,0.0,True,4.4191175301555866e-16,Metropolis-Hastings (k=4),Metropolis-Hastings,with_single_atom_contributions,False,False,True,False,True
19,CC1=NCC(O1)C(N)=O,17,4,4,0.9963858439011825,0.9963858439011825,0.0,0.9930911205205173,0.006589446761251284,0.0003194327181721,-1678.2201106753193,0.0,True,0.0,Metropolis-Hastings (k=4),Metropolis-Hastings,with_single_atom_contributions,False,False,True,False,True
0,CC1=C(N)C=NO1,13,5,5,0.981679784792724,0.981679784792724,0.0,0.9742972831097533,0.014765003365837305,0.010937713524331268,-1261.5773353406917,0.0,True,5.406890304869291e-16,Distance (k=5),Distance,with_single_atom_contributions,False,False,False,False,False
1,CC#CC1CC(C)C1O,21,5,5,0.9825344634302619,0.9825344634302619,0.0,0.9809447039692174,0.00317951892202391,0.0158757771087101,-2019.579175708967,0.0,True,3.377540403139708e-16,Distance (k=5),Distance,with_single_atom_contributions,False,False,False,False,False
2,C1OC11C2C3CN2C13,15,5,5,0.9782971688862893,0.9782971688862893,0.0,0.97016048450147,0.016273368769548633,0.013566146728914026,-1432.333978567099,0.0,True,3.17486953246309e-16,Distance (k=5),Distance,with_single_atom_contributions,False,False,False,False,False
3,C1NC2C3COCC12O3,18,5,5,0.9831235622542139,0.9831235622542139,0.0,0.9714161567188715,0.023414811070610157,0.005169032210462217,-1709.9491432050593,0.0,True,7.978260979751904e-16,Distance (k=5),Distance,with_single_atom_contributions,False,False,False,False,False
4,O=C1CC2(CC1O2)C#C,15,5,5,0.9793718658297447,0.9793718658297447,0.0,0.9723159624552268,0.014111806748953827,0.01357223079575796,-1585.2289793332293,0.0,True,2.8686540355684697e-16,Distance (k=5),Distance,with_single_atom_contributions,False,False,False,False,False
5,CC1N2CC2(C#C)C1=O,16,5,5,0.9863453789779588,0.9863453789779588,0.0,0.9797810851805587,0.013128587594720964,0.0070903272246609405,-1638.6151914305615,0.0,True,4.162789591460713e-16,Distance (k=5),Distance,with_single_atom_contributions,False,False,False,False,False
6,O=CC1OCC11CCO1,17,5,5,0.9884678012920775,0.9884678012920775,0.0,0.9805139875721853,0.015907627439706206,0.003578384988049899,-1653.7687905893724,0.0,True,4.1246456591223956e-16,Distance (k=5),Distance,with_single_atom_contributions,False,False,False,False,False
7,CC12COCC1(C)C2O,21,5,5,0.9878650950751414,0.9878650950751414,0.0,0.9844038545412502,0.006922481067716002,0.008673664390984076,-1980.9096562034208,0.0,True,5.739122799749517e-16,Distance (k=5),Distance,with_single_atom_contributions,False,False,False,False,False
8,CNC(=O)CC1CN1,18,5,5,0.9932228864546891,0.9932228864546891,0.0,0.9895252282022848,0.0073953165047298056,0.0030794552929262805,-1669.6283676037929,0.0,True,1.3618220668443674e-16,Distance (k=5),Distance,with_single_atom_contributions,False,False,False,False,False
9,CC12C3C(CN13)OC2=O,16,5,5,0.9875531082859527,0.9875531082859527,0.0,0.9833363137030486,0.008433589165727439,0.00823009713116348,-1618.1339928096172,0.0,True,2.810319497069855e-16,Distance (k=5),Distance,with_single_atom_contributions,False,False,False,False,False
10,COC12C(C)C1CC2C,23,5,5,0.988961291421532,0.988961291421532,0.0,0.9844512063459521,0.009020170151098874,0.0065286235029033066,-2142.2303783647435,0.0,True,8.491100779432902e-16,Distance (k=5),Distance,with_single_atom_contributions,False,False,False,False,False
11,CC1C2CC2(C)C1=NO,20,5,5,0.9774941509344718,0.9774941509344718,0.0,0.9693224907320348,0.016343320404805645,0.014334188863108242,-1884.4887779695775,0.0,True,1.2065536186859193e-16,Distance (k=5),Distance,with_single_atom_contributions,False,False,False,False,False
12,NC(C#C)(C#N)C1CO1,15,5,5,0.9753445598450957,0.9753445598450957,0.0,0.9599934384912405,0.030702242707628606,0.00930431880106946,-1522.078526748084,0.0,True,0.0,Distance (k=5),Distance,with_single_atom_contributions,False,False,False,False,False
13,CCCC1=NC=NN=N1,17,5,5,0.9869989375043549,0.9869989375043549,0.0,0.980932741792426,0.012132391423777658,0.006934866783736229,-1633.5341333303422,0.0,True,1.391912607174382e-16,Distance (k=5),Distance,with_single_atom_contributions,False,False,False,False,False
14,O=CC1=CC(=O)C(=O)C1,13,5,5,0.9728358621686798,0.9728358621686798,0.0,0.9659121596312374,0.01384740507479768,0.020240435293899586,-1468.7092323270667,0.0,True,3.0962381176423727e-16,Distance (k=5),Distance,with_single_atom_contributions,False,False,False,False,False
15,OC12C=CC3OC1C2O3,15,5,5,0.9672634036855707,0.9672634036855707,0.0,0.9509487949896035,0.03262921739185119,0.01642198761848289,-1539.7034466654081,0.0,True,2.953473617736568e-16,Distance (k=5),Distance,with_single_atom_contributions,False,False,False,False,False
16,CCC(COC=N)=NO,19,5,5,0.9729779406767681,0.9729779406767681,0.0,0.9593214982778286,0.02731288479780678,0.013365616924310542,-1737.5095308442717,0.0,True,1.3086182919108136e-16,Distance (k=5),Distance,with_single_atom_contributions,False,False,False,False,False
17,N#CC12OCC(O1)C=C2,14,5,5,0.966915426853241,0.966915426853241,0.0,0.9561571396119598,0.021516574482477194,0.022326285905499288,-1500.7105462489424,0.0,True,1.5151068006521456e-16,Distance (k=5),Distance,with_single_atom_contributions,False,False,False,False,False
18,NC(=O)C(=O)C(O)CO,16,5,5,0.9910522389071694,0.9910522389071694,0.0,0.9846678750217431,0.01276872777076774,0.0025633972074255895,-1543.56841988232,0.0,True,5.892156706874115e-16,Distance (k=5),Distance,with_single_atom_contributions,False,False,False,False,False
19,CC1=NCC(O1)C(N)=O,17,5,5,0.9936157063336419,0.9936157063336419,0.0,0.9916682610971966,0.0038948904728114816,0.004436848429932555,-1678.2201106753193,0.0,True,1.3548501415092854e-16,Distance (k=5),Distance,with_single_atom_contributions,False,False,False,False,False
0,CC1=C(N)C=NO1,13,5,5,0.9658238759010732,0.8581315682087656,1.0769230769230769,0.9524415269796079,0.026764697842831163,0.020793775177486307,-1261.5773353406917,0.0,True,5.406890304869291e-16,Random (k=5),Random,with_single_atom_contributions,False,False,False,False,False
1,CC#CC1CC(C)C1O,21,5,5,0.9704942347707143,0.837160901437381,1.3333333333333333,0.9645240231749004,0.011940423191563476,0.023535553633488037,-2019.579175708967,0.0,True,6.755080806279416e-16,Random (k=5),Random,with_single_atom_contributions,False,False,False,False,False
2,C1OC11C2C3CN2C13,15,5,5,0.9506797999033644,0.857346466570031,0.9333333333333333,0.9333671423599039,0.03462531508683775,0.03200754255319612,-1432.333978567099,0.0,True,0.0,Random (k=5),Random,with_single_atom_contributions,False,False,False,False,False
3,C1NC2C3COCC12O3,18,5,5,0.9530366872061902,0.841925576095079,1.1111111111111112,0.9410873029614409,0.02389876848942647,0.03501392854907851,-1709.9491432050593,0.0,True,3.989130489875952e-16,Random (k=5),Random,with_single_atom_contributions,False,False,False,False,False
4,O=C1CC2(CC1O2)C#C,15,5,5,0.9615151102621219,0.8548484435954552,1.0666666666666667,0.946333337696988,0.030363545130188935,0.023303117172764128,-1585.2289793332293,0.0,True,2.8686540355684697e-16,Random (k=5),Random,with_single_atom_contributions,False,False,False,False,False
5,CC1N2CC2(C#C)C1=O,16,5,5,0.9716419039851109,0.8966419039851108,0.75,0.9636948725514844,0.015894062867174857,0.020411064581282102,-1638.6151914305615,0.0,True,2.7751930609738085e-16,Random (k=5),Random,with_single_atom_contributions,False,False,False,False,False
6,O=CC1OCC11CCO1,17,5,5,0.9494009697687774,0.8199892050628951,1.2941176470588236,0.9399203990989738,0.018961141339532365,0.04111845956143765,-1653.7687905893724,0.0,True,2.7497637727482635e-16,Random (k=5),Random,with_single_atom_contributions,False,False,False,False,False
7,CC12COCC1(C)C2O,21,5,5,0.9730818747903484,0.858796160504634,1.1428571428571428,0.9641115649738884,0.017940619632854978,0.017947815393207812,-1980.9096562034208,0.0,True,3.4434736798497097e-16,Random (k=5),Random,with_single_atom_contributions,False,False,False,False,False
8,CNC(=O)CC1CN1,18,5,5,0.9747207968396993,0.8747207968396993,1.0,0.9627898519539524,0.023861889771416466,0.013348258274573034,-1669.6283676037929,0.0,True,1.3618220668443674e-16,Random (k=5),Random,with_single_atom_contributions,False,False,False,False,False
9,CC12C3C(CN13)OC2=O,16,5,5,0.9765639588951035,0.8890639588951035,0.875,0.9664715940970615,0.020184729596004012,0.013343676306874476,-1618.1339928096172,0.0,True,4.2154792456047825e-16,Random (k=5),Random,with_single_atom_contributions,False,False,False,False,False
10,COC12C(C)C1CC2C,23,5,5,0.9791579204144357,0.8748100943274792,1.0434782608695652,0.9748841627489202,0.00854751533097031,0.016568321920063852,-2142.2303783647435,0.0,True,8.491100779432902e-16,Random (k=5),Random,with_single_atom_contributions,False,False,False,False,False
11,CC1C2CC2(C)C1=NO,20,5,5,0.9644114470446882,0.8544114470446882,1.1,0.9460233354519547,0.036776223185401746,0.017200441362594455,-1884.4887779695775,0.0,True,3.619660856057758e-16,Random (k=5),Random,with_single_atom_contributions,False,False,False,False,False
12,NC(C#C)(C#N)C1CO1,15,5,5,0.9522389563176819,0.8455722896510152,1.0666666666666667,0.9321498621379818,0.04017818835931932,0.02767194950263833,-1522.078526748084,0.0,True,1.4938366940173598e-16,Random (k=5),Random,with_single_atom_contributions,False,False,False,False,False
13,CCCC1=NC=NN=N1,17,5,5,0.9612419785826108,0.8435949197590814,1.1764705882352942,0.9459205826069153,0.030642791951314717,0.023436625441712673,-1633.5341333303422,0.0,True,1.391912607174382e-16,Random (k=5),Random,with_single_atom_contributions,False,False,False,False,False
14,O=CC1=CC(=O)C(=O)C1,13,5,5,0.9544644791000755,0.8929260175616139,0.6153846153846154,0.9290698182251691,0.050789321749724774,0.02014086002504,-1468.7092323270667,0.0,True,3.0962381176423727e-16,Random (k=5),Random,with_single_atom_contributions,False,False,False,False,False
15,OC12C=CC3OC1C2O3,15,5,5,0.954465243856407,0.8477985771897403,1.0666666666666667,0.9357728069752876,0.037384873762157766,0.026842319262493825,-1539.7034466654081,0.0,True,2.953473617736568e-16,Random (k=5),Random,with_single_atom_contributions,False,False,False,False,False
16,CCC(COC=N)=NO,19,5,5,0.9631066855298432,0.836790896056159,1.263157894736842,0.9464564750888237,0.033300420881967954,0.020243104029155055,-1737.5095308442717,0.0,True,2.617236583821627e-16,Random (k=5),Random,with_single_atom_contributions,False,False,False,False,False
17,N#CC12OCC(O1)C=C2,14,5,5,0.945952488832452,0.8745239174038806,0.7142857142857143,0.9311764904791713,0.02955199670647817,0.03927151281428806,-1500.7105462489424,0.0,True,1.5151068006521456e-16,Random (k=5),Random,with_single_atom_contributions,False,False,False,False,False
18,NC(=O)C(=O)C(O)CO,16,5,5,0.9691248489737235,0.8691248489737236,1.0,0.9585674826472967,0.02111473265276984,0.020317784699870677,-1543.56841988232,0.0,True,5.892156706874115e-16,Random (k=5),Random,with_single_atom_contributions,False,False,False,False,False
19,CC1=NCC(O1)C(N)=O,17,5,5,0.9537575893340048,0.8361105305104753,1.1764705882352942,0.9392908146004052,0.02893354946712308,0.03177563593241473,-1678.2201106753193,0.0,True,2.709700283018571e-16,Random (k=5),Random,with_single_atom_contributions,False,False,False,False,False
0,CC1=C(N)C=NO1,13,5,5,0.9859855655479669,0.9706009501633515,0.15384615384615385,0.9804626342865148,0.01104586252279976,0.00849150319060712,-1261.5773353406917,0.0,True,3.6045935365795276e-16,Greedy-Random (k=5),Greedy-Random,with_single_atom_contributions,True,False,False,True,True
1,CC#CC1CC(C)C1O,21,5,5,0.9974347334411752,0.9879109239173657,0.09523809523809523,0.9960763886920393,0.002716689498206181,0.0012069218097051611,-2019.579175708967,0.0,True,5.629234005232846e-16,Greedy-Random (k=5),Greedy-Random,with_single_atom_contributions,True,False,False,True,True
2,C1OC11C2C3CN2C13,15,5,5,0.9705150868521603,0.9705150868521603,0.0,0.9480553141211085,0.04491954546201889,0.007025140416809363,-1432.333978567099,0.0,True,0.0,Greedy-Random (k=5),Greedy-Random,with_single_atom_contributions,True,False,False,True,True
3,C1NC2C3COCC12O3,18,5,5,0.9861477114931251,0.975036600382014,0.1111111111111111,0.977472644052484,0.017350134881206798,0.0051772210662526215,-1709.9491432050593,0.0,True,3.989130489875952e-16,Greedy-Random (k=5),Greedy-Random,with_single_atom_contributions,True,False,False,True,True
4,O=C1CC2(CC1O2)C#C,15,5,5,0.9823276300801648,0.9823276300801648,0.0,0.9786734340375584,0.007308392085130884,0.01401817387724917,-1585.2289793332293,0.0,True,1.4343270177842348e-16,Greedy-Random (k=5),Greedy-Random,with_single_atom_contributions,True,False,False,True,True
5,CC1N2CC2(C#C)C1=O,16,5,5,0.9794370995025051,0.9794370995025051,0.0,0.9625894300813566,0.033695338842220104,0.0037152310763656463,-1638.6151914305615,0.0,True,6.937982652434522e-16,Greedy-Random (k=5),Greedy-Random,with_single_atom_contributions,True,False,False,True,True
6,O=CC1OCC11CCO1,17,5,5,0.9892871359164871,0.9598753712106047,0.29411764705882354,0.9819192617537453,0.014735748325405279,0.0033449899207906035,-1653.7687905893724,0.0,True,4.1246456591223956e-16,Greedy-Random (k=5),Greedy-Random,with_single_atom_contributions,True,False,False,True,True
7,CC12COCC1(C)C2O,21,5,5,0.9923544670158098,0.9733068479681907,0.19047619047619047,0.9889852735305775,0.006738386970397955,0.004276339498974566,-1980.9096562034208,0.0,True,3.4434736798497097e-16,Greedy-Random (k=5),Greedy-Random,with_single_atom_contributions,True,False,False,True,True
8,CNC(=O)CC1CN1,18,5,5,0.9918935140390687,0.9585601807057353,0.3333333333333333,0.9865688568115882,0.010649314454881317,0.002781828733470895,-1669.6283676037929,0.0,True,0.0,Greedy-Random (k=5),Greedy-Random,with_single_atom_contributions,True,False,False,True,True
9,CC12C3C(CN13)OC2=O,16,5,5,0.9749105272635568,0.9624105272635568,0.125,0.9570243940112085,0.035772266504616713,0.007203339484115073,-1618.1339928096172,0.0,True,2.810319497069855e-16,Greedy-Random (k=5),Greedy-Random,with_single_atom_contributions,True,False,False,True,True
10,COC12C(C)C1CC2C,23,5,5,0.9800104260602837,0.9539234695385446,0.2608695652173913,0.9721064430986756,0.015807965923156368,0.012085590978123138,-2142.2303783647435,0.0,True,1.0613875974291129e-15,Greedy-Random (k=5),Greedy-Random,with_single_atom_contributions,True,False,False,True,True
11,CC1C2CC2(C)C1=NO,20,5,5,0.9859080053994774,0.9559080053994774,0.3,0.980394080922098,0.011027848954689544,0.008578070123160505,-1884.4887779695775,0.0,True,4.826214474743677e-16,Greedy-Random (k=5),Greedy-Random,with_single_atom_contributions,True,False,False,True,True
12,NC(C#C)(C#N)C1CO1,15,5,5,0.9892547185863587,0.9892547185863587,0.0,0.9878040830713137,0.0029012710300037664,0.009294645898617863,-1522.078526748084,0.0,True,0.0,Greedy-Random (k=5),Greedy-Random,with_single_atom_contributions,True,False,False,True,True
13,CCCC1=NC=NN=N1,17,5,5,0.9912605477595781,0.9794958418772252,0.11764705882352941,0.9882712084389069,0.005978678641261408,0.005750112919771065,-1633.5341333303422,0.0,True,1.391912607174382e-16,Greedy-Random (k=5),Greedy-Random,with_single_atom_contributions,True,False,False,True,True
14,O=CC1=CC(=O)C(=O)C1,13,5,5,0.9874943290514366,0.9874943290514366,0.0,0.9808979512200341,0.01319275566271564,0.005909293117183125,-1468.7092323270667,0.0,True,3.0962381176423727e-16,Greedy-Random (k=5),Greedy-Random,with_single_atom_contributions,True,False,False,True,True
15,OC12C=CC3OC1C2O3,15,5,5,0.9910480335612011,0.9910480335612011,0.0,0.9886939898541098,0.004708087414096325,0.006597922731729349,-1539.7034466654081,0.0,True,0.0,Greedy-Random (k=5),Greedy-Random,with_single_atom_contributions,True,False,False,True,True
16,CCC(COC=N)=NO,19,5,5,0.9894718800107473,0.9421034589581156,0.47368421052631576,0.9877485455127455,0.003446668995927414,0.00880478549127005,-1737.5095308442717,0.0,True,1.3086182919108136e-16,Greedy-Random (k=5),Greedy-Random,with_single_atom_contributions,True,False,False,True,True
17,N#CC12OCC(O1)C=C2,14,5,5,0.9886934145867879,0.9744077003010737,0.14285714285714285,0.9863167011382742,0.004753426896939629,0.00892987196472046,-1500.7105462489424,0.0,True,1.5151068006521456e-16,Greedy-Random (k=5),Greedy-Random,with_single_atom_contributions,True,False,False,True,True
18,NC(=O)C(=O)C(O)CO,16,5,5,0.9897474885941278,0.9897474885941278,0.0,0.9838697564836113,0.011755464220948312,0.004374779295376948,-1543.56841988232,0.0,True,4.4191175301555866e-16,Greedy-Random (k=5),Greedy-Random,with_single_atom_contributions,True,False,False,True,True
19,CC1=NCC(O1)C(N)=O,17,5,5,0.9917971047038444,0.9800323988214915,0.11764705882352941,0.9891964375733642,0.005201334260881675,0.005602228165695085,-1678.2201106753193,0.0,True,1.3548501415092854e-16,Greedy-Random (k=5),Greedy-Random,with_single_atom_contributions,True,False,False,True,True
0,CC1=C(N)C=NO1,13,5,5,0.9872325053199525,0.9872325053199525,0.0,0.982850594273338,0.008763822093124858,0.00838558363345904,-1261.5773353406917,0.0,True,5.406890304869291e-16,Greedy-Distance (k=5),Greedy-Distance,with_single_atom_contributions,False,True,False,True,True
1,CC#CC1CC(C)C1O,21,5,5,0.9874700553699651,0.9874700553699651,0.0,0.981745652171335,0.0114488063971951,0.0068055414314210985,-2019.579175708967,0.0,True,3.377540403139708e-16,Greedy-Distance (k=5),Greedy-Distance,with_single_atom_contributions,False,True,False,True,True
2,C1OC11C2C3CN2C13,15,5,5,0.9858755874361854,0.9858755874361854,0.0,0.9814287375338792,0.008893699804520585,0.009677562661531249,-1432.333978567099,0.0,True,7.937173831157726e-16,Greedy-Distance (k=5),Greedy-Distance,with_single_atom_contributions,False,True,False,True,True
3,C1NC2C3COCC12O3,18,5,5,0.9831235622542139,0.9831235622542139,0.0,0.9714161567188715,0.023414811070610157,0.005169032210462217,-1709.9491432050593,0.0,True,7.978260979751904e-16,Greedy-Distance (k=5),Greedy-Distance,with_single_atom_contributions,False,True,False,True,True
4,O=C1CC2(CC1O2)C#C,15,5,5,0.9842771318320934,0.9842771318320934,0.0,0.9777384775457411,0.01307730857262175,0.009184213881574997,-1585.2289793332293,0.0,True,4.3029810533527043e-16,Greedy-Distance (k=5),Greedy-Distance,with_single_atom_contributions,False,True,False,True,True
5,CC1N2CC2(C#C)C1=O,16,5,5,0.9948277376855491,0.9948277376855491,0.0,0.992440983486323,0.004773508398371185,0.0027855081152450343,-1638.6151914305615,0.0,True,6.937982652434522e-16,Greedy-Distance (k=5),Greedy-Distance,with_single_atom_contributions,False,True,False,True,True
6,O=CC1OCC11CCO1,17,5,5,0.9924278698927603,0.9924278698927603,0.0,0.9873375519478438,0.010180635889753943,0.002481812162342868,-1653.7687905893724,0.0,True,2.7497637727482635e-16,Greedy-Distance (k=5),Greedy-Distance,with_single_atom_contributions,False,True,False,True,True
7,CC12COCC1(C)C2O,21,5,5,0.9889826481680988,0.9889826481680988,0.0,0.9846424701658527,0.008680356004425831,0.006677173829671877,-1980.9096562034208,0.0,True,4.591298239799613e-16,Greedy-Distance (k=5),Greedy-Distance,with_single_atom_contributions,False,True,False,True,True
8,CNC(=O)CC1CN1,18,5,5,0.9932228864546891,0.9932228864546891,0.0,0.9895252282022848,0.0073953165047298056,0.0030794552929262805,-1669.6283676037929,0.0,True,1.3618220668443674e-16,Greedy-Distance (k=5),Greedy-Distance,with_single_atom_contributions,False,True,False,True,True
9,CC12C3C(CN13)OC2=O,16,5,5,0.9875531082859527,0.9875531082859527,0.0,0.9833363137030486,0.008433589165727439,0.00823009713116348,-1618.1339928096172,0.0,True,2.810319497069855e-16,Greedy-Distance (k=5),Greedy-Distance,with_single_atom_contributions,False,True,False,True,True
10,COC12C(C)C1CC2C,23,5,5,0.988961291421532,0.988961291421532,0.0,0.9844512063459521,0.009020170151098874,0.0065286235029033066,-2142.2303783647435,0.0,True,8.491100779432902e-16,Greedy-Distance (k=5),Greedy-Distance,with_single_atom_contributions,False,True,False,True,True
11,CC1C2CC2(C)C1=NO,20,5,5,0.9895429729327793,0.9895429729327793,0.0,0.9826920870540594,0.013701771757370185,0.003606141188518323,-1884.4887779695775,0.0,True,3.619660856057758e-16,Greedy-Distance (k=5),Greedy-Distance,with_single_atom_contributions,False,True,False,True,True
12,NC(C#C)(C#N)C1CO1,15,5,5,0.9865916770918092,0.9865916770918092,0.0,0.9771658337935895,0.018851686596354656,0.003982479609992254,-1522.078526748084,0.0,True,0.0,Greedy-Distance (k=5),Greedy-Distance,with_single_atom_contributions,False,True,False,True,True
13,CCCC1=NC=NN=N1,17,5,5,0.9869989375043549,0.9869989375043549,0.0,0.980932741792426,0.012132391423777658,0.006934866783736229,-1633.5341333303422,0.0,True,1.391912607174382e-16,Greedy-Distance (k=5),Greedy-Distance,with_single_atom_contributions,False,True,False,True,True
14,O=CC1=CC(=O)C(=O)C1,13,5,5,0.9728358621686798,0.9728358621686798,0.0,0.9659121596312374,0.01384740507479768,0.020240435293899586,-1468.7092323270667,0.0,True,3.0962381176423727e-16,Greedy-Distance (k=5),Greedy-Distance,with_single_atom_contributions,False,True,False,True,True
15,OC12C=CC3OC1C2O3,15,5,5,0.9735410336442302,0.9735410336442302,0.0,0.9640819992779361,0.018918068732504803,0.0169999319894965,-1539.7034466654081,0.0,True,1.476736808868284e-16,Greedy-Distance (k=5),Greedy-Distance,with_single_atom_contributions,False,True,False,True,True
16,CCC(COC=N)=NO,19,5,5,0.991161822115881,0.991161822115881,0.0,0.9858894341828572,0.01054477586597133,0.0035657899511143485,-1737.5095308442717,0.0,True,1.3086182919108136e-16,Greedy-Distance (k=5),Greedy-Distance,with_single_atom_contributions,False,True,False,True,True
17,N#CC12OCC(O1)C=C2,14,5,5,0.9764454516122282,0.9764454516122282,0.0,0.9666883365180755,0.019514230188219156,0.01379743329364065,-1500.7105462489424,0.0,True,4.545320401956438e-16,Greedy-Distance (k=5),Greedy-Distance,with_single_atom_contributions,False,True,False,True,True
18,NC(=O)C(=O)C(O)CO,16,5,5,0.9939829386520777,0.9939829386520777,0.0,0.9907131931441862,0.006539491015696927,0.002747315840052504,-1543.56841988232,0.0,True,4.4191175301555866e-16,Greedy-Distance (k=5),Greedy-Distance,with_single_atom_contributions,False,True,False,True,True
19,CC1=NCC(O1)C(N)=O,17,5,5,0.9936157063336419,0.9936157063336419,0.0,0.9916682610971966,0.0038948904728114816,0.004436848429932555,-1678.2201106753193,0.0,True,1.3548501415092854e-16,Greedy-Distance (k=5),Greedy-Distance,with_single_atom_contributions,False,True,False,True,True
0,CC1=C(N)C=NO1,13,5,5,0.9908957793686434,0.9908957793686434,0.0,0.9882019460337415,0.005387666669699061,0.0064103872964809995,-1261.5773353406917,0.0,True,1.8022967682897638e-16,Metropolis-Hastings (k=5),Metropolis-Hastings,with_single_atom_contributions,False,False,True,False,True
1,CC#CC1CC(C)C1O,21,5,5,0.9979067523256289,0.9979067523256289,0.0,0.9966774293303289,0.0024586459905340708,0.0008639246790875558,-2019.579175708967,0.0,True,4.503387204186277e-16,Metropolis-Hastings (k=5),Metropolis-Hastings,with_single_atom_contributions,False,False,True,False,True
2,C1OC11C2C3CN2C13,15,5,5,0.9957139932248421,0.9957139932248421,0.0,0.9926089404153201,0.006210105618950847,0.0011809539656592637,-1432.333978567099,0.0,True,9.524608597389272e-16,Metropolis-Hastings (k=5),Metropolis-Hastings,with_single_atom_contributions,False,False,True,False,True
3,C1NC2C3COCC12O3,18,5,5,0.9960153250309939,0.9960153250309939,0.0,0.9947491192076532,0.00253241164660331,0.0027184691456851023,-1709.9491432050593,0.0,True,9.307971143043888e-16,Metropolis-Hastings (k=5),Metropolis-Hastings,with_single_atom_contributions,False,False,True,False,True
4,O=C1CC2(CC1O2)C#C,15,5,5,0.9950961534682757,0.9950961534682757,0.0,0.9920346015107185,0.006123103915030846,0.0018422945741879179,-1585.2289793332293,0.0,True,0.0,Metropolis-Hastings (k=5),Metropolis-Hastings,with_single_atom_contributions,False,False,True,False,True
5,CC1N2CC2(C#C)C1=O,16,5,5,0.9953162147490264,0.9953162147490264,0.0,0.9912545689035686,0.008123291690834698,0.000622139405535963,-1638.6151914305615,0.0,True,2.7751930609738085e-16,Metropolis-Hastings (k=5),Metropolis-Hastings,with_single_atom_contributions,False,False,True,False,True
6,O=CC1OCC11CCO1,17,5,5,0.9964332746922256,0.9964332746922256,0.0,0.9940359925469726,0.004794564290425706,0.0011694431625414719,-1653.7687905893724,0.0,True,1.0999055090993054e-15,Metropolis-Hastings (k=5),Metropolis-Hastings,with_single_atom_contributions,False,False,True,False,True
7,CC12COCC1(C)C2O,21,5,5,0.9967737848484967,0.9967737848484967,0.0,0.9955326403655441,0.0024822889658379023,0.0019850706685675995,-1980.9096562034208,0.0,True,5.739122799749517e-16,Metropolis-Hastings (k=5),Metropolis-Hastings,with_single_atom_contributions,False,False,True,False,True
8,CNC(=O)CC1CN1,18,5,5,0.9932228864546891,0.9932228864546891,0.0,0.9895252282022848,0.0073953165047298056,0.0030794552929262805,-1669.6283676037929,0.0,True,1.3618220668443674e-16,Metropolis-Hastings (k=5),Metropolis-Hastings,with_single_atom_contributions,False,False,True,False,True
9,CC12C3C(CN13)OC2=O,16,5,5,0.9933097717605549,0.9933097717605549,0.0,0.9887843761374752,0.009050791246078545,0.0021648326163856524,-1618.1339928096172,0.0,True,4.2154792456047825e-16,Metropolis-Hastings (k=5),Metropolis-Hastings,with_single_atom_contributions,False,False,True,False,True
10,COC12C(C)C1CC2C,23,5,5,0.9972017509637711,0.9972017509637711,0.0,0.9946459578051815,0.005111586317117149,0.00024245587765494875,-2142.2303783647435,0.0,True,1.910497675372403e-15,Metropolis-Hastings (k=5),Metropolis-Hastings,with_single_atom_contributions,False,False,True,False,True
11,CC1C2CC2(C)C1=NO,20,5,5,0.993627999186486,0.993627999186486,0.0,0.9910120301445888,0.005231938083723901,0.0037560317716344885,-1884.4887779695775,0.0,True,4.826214474743677e-16,Metropolis-Hastings (k=5),Metropolis-Hastings,with_single_atom_contributions,False,False,True,False,True
12,NC(C#C)(C#N)C1CO1,15,5,5,0.9929196888105923,0.9929196888105923,0.0,0.9881280283800858,0.009583320860926756,0.0022886507589225925,-1522.078526748084,0.0,True,2.9876733880347196e-16,Metropolis-Hastings (k=5),Metropolis-Hastings,with_single_atom_contributions,False,False,True,False,True
13,CCCC1=NC=NN=N1,17,5,5,0.9937392690506139,0.9937392690506139,0.0,0.991390420314357,0.0046976974724331055,0.003911882213149241,-1633.5341333303422,0.0,True,6.959563035871911e-16,Metropolis-Hastings (k=5),Metropolis-Hastings,with_single_atom_contributions,False,False,True,False,True
14,O=CC1=CC(=O)C(=O)C1,13,5,5,0.9907518937405829,0.9907518937405829,0.0,0.9851492403353079,0.011205306810460261,0.0036454528541644566,-1468.7092323270667,0.0,True,1.5481190588211863e-16,Metropolis-Hastings (k=5),Metropolis-Hastings,with_single_atom_contributions,False,False,True,False,True
15,OC12C=CC3OC1C2O3,15,5,5,0.9888536257709811,0.9888536257709811,0.0,0.9857189237574082,0.00626940402706135,0.008011672215467055,-1539.7034466654081,0.0,True,2.953473617736568e-16,Metropolis-Hastings (k=5),Metropolis-Hastings,with_single_atom_contributions,False,False,True,False,True
16,CCC(COC=N)=NO,19,5,5,0.9936641650402849,0.9936641650402849,0.0,0.9898677646743316,0.007592800731830278,0.0025394345937808606,-1737.5095308442717,0.0,True,2.617236583821627e-16,Metropolis-Hastings (k=5),Metropolis-Hastings,with_single_atom_contributions,False,False,True,False,True
17,N#CC12OCC(O1)C=C2,14,5,5,0.9902434501724056,0.9902434501724056,0.0,0.9825553634697074,0.015376173405307643,0.002068463124918508,-1500.7105462489424,0.0,True,1.5151068006521456e-16,Metropolis-Hastings (k=5),Metropolis-Hastings,with_single_atom_contributions,False,False,True,False,True
18,NC(=O)C(=O)C(O)CO,16,5,5,0.9926087824145219,0.9926087824145219,0.0,0.9870494499149863,0.011118664998985575,0.0018318850859639904,-1543.56841988232,0.0,True,7.365195883592644e-16,Metropolis-Hastings (k=5),Metropolis-Hastings,with_single_atom_contributions,False,False,True,False,True
19,CC1=NCC(O1)C(N)=O,17,5,5,0.9958359392161058,0.9958359392161058,0.0,0.9929515610554887,0.0057687563211553826,0.001279682623296681,-1678.2201106753193,0.0,True,1.3548501415092854e-16,Metropolis-Hastings (k=5),Metropolis-Hastings,with_single_atom_contributions,False,False,True,False,True
0,CC1=C(N)C=NO1,13,6,6,0.9635603173332266,0.9635603173332266,0.0,0.9452960158657603,0.03652860293483429,0.018175381199331608,-1261.5773353406917,0.0,True,7.209187073159055e-16,Distance (k=6),Distance,with_single_atom_contributions,False,False,False,False,False
1,CC#CC1CC(C)C1O,21,6,6,0.9851679244581614,0.9851679244581614,0.0,0.9780323870162089,0.014271074883840286,0.007696538099902262,-2019.579175708967,0.0,True,4.503387204186277e-16,Distance (k=6),Distance,with_single_atom_contributions,False,False,False,False,False
2,C1OC11C2C3CN2C13,15,6,6,0.9536141966431645,0.9536141966431645,0.0,0.9355164165306106,0.036195560225024806,0.028288023244302383,-1432.333978567099,0.0,True,0.0,Distance (k=6),Distance,with_single_atom_contributions,False,False,False,False,False
3,C1NC2C3COCC12O3,18,6,6,0.9533287499783211,0.9533287499783211,0.0,0.9400340092953571,0.026589481365856035,0.03337650933873302,-1709.9491432050593,0.0,True,3.989130489875952e-16,Distance (k=6),Distance,with_single_atom_contributions,False,False,False,False,False
4,O=C1CC2(CC1O2)C#C,15,6,6,0.9413182050234824,0.9413182050234824,0.0,0.9266961499071805,0.02924411023252635,0.04405973986023512,-1585.2289793332293,0.0,True,1.4343270177842348e-16,Distance (k=6),Distance,with_single_atom_contributions,False,False,False,False,False
5,CC1N2CC2(C#C)C1=O,16,6,6,0.9784909763086008,0.9784909763086008,0.0,0.9717528940000105,0.013476164617102084,0.014770941382828568,-1638.6151914305615,0.0,True,2.7751930609738085e-16,Distance (k=6),Distance,with_single_atom_contributions,False,False,False,False,False
6,O=CC1OCC11CCO1,17,6,6,0.9749442086894994,0.9749442086894994,0.0,0.9629240639627561,0.024040289453410614,0.013035646583776248,-1653.7687905893724,0.0,True,2.7497637727482635e-16,Distance (k=6),Distance,with_single_atom_contributions,False,False,False,False,False
7,CC12COCC1(C)C2O,21,6,6,0.9674623654560471,0.9674623654560471,0.0,0.9598675230372842,0.015189684837461508,0.02494279212520599,-1980.9096562034208,0.0,True,1.1478245599499032e-16,Distance (k=6),Distance,with_single_atom_contributions,False,False,False,False,False
8,CNC(=O)CC1CN1,18,6,6,0.9845722777406248,0.9845722777406248,0.0,0.9747816569701975,0.01958124154077824,0.005637101488966823,-1669.6283676037929,0.0,True,1.3618220668443674e-16,Distance (k=6),Distance,with_single_atom_contributions,False,False,False,False,False
9,CC12C3C(CN13)OC2=O,16,6,6,0.9612719291281909,0.9612719291281909,0.0,0.9482371487471275,0.026069560762049256,0.025693290490765065,-1618.1339928096172,0.0,True,2.810319497069855e-16,Distance (k=6),Distance,with_single_atom_contributions,False,False,False,False,False
10,COC12C(C)C1CC2C,23,6,6,0.9789335286820541,0.9789335286820541,0.0,0.968994808194754,0.019877440974540316,0.011127750830660924,-2142.2303783647435,0.0,True,1.0613875974291129e-15,Distance (k=6),Distance,with_single_atom_contributions,False,False,False,False,False
11,CC1C2CC2(C)C1=NO,20,6,6,0.953327400091773,0.953327400091773,0.0,0.938097382324547,0.030460035534387295,0.031442582141017195,-1884.4887779695775,0.0,True,3.619660856057758e-16,Distance (k=6),Distance,with_single_atom_contributions,False,False,False,False,False
12,NC(C#C)(C#N)C1CO1,15,6,6,0.9627093696708604,0.9627093696708604,0.0,0.9512271314184183,0.022964476504802538,0.025808392076717823,-1522.078526748084,0.0,True,0.0,Distance (k=6),Distance,with_single_atom_contributions,False,False,False,False,False
13,CCCC1=NC=NN=N1,17,6,6,0.9817729298128145,0.9817729298128145,0.0,0.9768024143361528,0.009941030953243318,0.013256554710543943,-1633.5341333303422,0.0,True,0.0,Distance (k=6),Distance,with_single_atom_contributions,False,False,False,False,False
14,O=CC1=CC(=O)C(=O)C1,13,6,6,0.9671233037548878,0.9671233037548878,0.0,0.9555793989413004,0.023087809627085714,0.02133279143154724,-1468.7092323270667,0.0,True,1.5481190588211863e-16,Distance (k=6),Distance,with_single_atom_contributions,False,False,False,False,False
15,OC12C=CC3OC1C2O3,15,6,6,0.9609029099726879,0.9609029099726879,0.0,0.9473742171637375,0.027057385617819212,0.025568397218382055,-1539.7034466654081,0.0,True,1.476736808868284e-16,Distance (k=6),Distance,with_single_atom_contributions,False,False,False,False,False
16,CCC(COC=N)=NO,19,6,6,0.9871463134211836,0.9871463134211836,0.0,0.9818313187829589,0.01062998927637425,0.007538691940610648,-1737.5095308442717,0.0,True,2.617236583821627e-16,Distance (k=6),Distance,with_single_atom_contributions,False,False,False,False,False
17,N#CC12OCC(O1)C=C2,14,6,6,0.9625708455423853,0.9625708455423853,0.0,0.9566579417082239,0.011825807668237166,0.03151625062347494,-1500.7105462489424,0.0,True,0.0,Distance (k=6),Distance,with_single_atom_contributions,False,False,False,False,False
18,NC(=O)C(=O)C(O)CO,16,6,6,0.9852017865377892,0.9852017865377892,0.0,0.9786351645529778,0.01313324396953899,0.008231591477420261,-1543.56841988232,0.0,True,4.4191175301555866e-16,Distance (k=6),Distance,with_single_atom_contributions,False,False,False,False,False
19,CC1=NCC(O1)C(N)=O,17,6,6,0.9849958203844068,0.9849958203844068,0.0,0.9807787860388558,0.008434068691024305,0.010787145270061473,-1678.2201106753193,0.0,True,1.3548501415092854e-16,Distance (k=6),Distance,with_single_atom_contributions,False,False,False,False,False
0,CC1=C(N)C=NO1,13,6,6,0.9550828391862295,0.8627751468785372,0.9230769230769231,0.9356821910611529,0.03880129625005521,0.02551651268871847,-1261.5773353406917,0.0,True,5.406890304869291e-16,Random (k=6),Random,with_single_atom_contributions,False,False,False,False,False
1,CC#CC1CC(C)C1O,21,6,6,0.9404296001460376,0.8166200763365138,1.2380952380952381,0.9296385643107598,0.0215820716704942,0.04877936401870004,-2019.579175708967,0.0,True,6.755080806279416e-16,Random (k=6),Random,with_single_atom_contributions,False,False,False,False,False
2,C1OC11C2C3CN2C13,15,6,6,0.9202951260167781,0.8269617926834447,0.9333333333333333,0.9025308463988969,0.03552855923568211,0.06194059436536084,-1432.333978567099,0.0,True,0.0,Random (k=6),Random,with_single_atom_contributions,False,False,False,False,False
3,C1NC2C3COCC12O3,18,6,6,0.9278785685391328,0.8056563463169105,1.2222222222222223,0.9125258154493877,0.03070550617942007,0.056768678371139795,-1709.9491432050593,0.0,True,2.6594203265839683e-16,Random (k=6),Random,with_single_atom_contributions,False,False,False,False,False
4,O=C1CC2(CC1O2)C#C,15,6,6,0.9435989076910124,0.8635989076910124,0.8,0.9264297292605627,0.03433835686082155,0.03923191387855722,-1585.2289793332293,0.0,True,1.4343270177842348e-16,Random (k=6),Random,with_single_atom_contributions,False,False,False,False,False
5,CC1N2CC2(C#C)C1=O,16,6,6,0.9377724118720416,0.8377724118720417,1.0,0.9173867473731161,0.04077132899777716,0.041841923629051356,-1638.6151914305615,0.0,True,4.162789591460713e-16,Random (k=6),Random,with_single_atom_contributions,False,False,False,False,False
6,O=CC1OCC11CCO1,17,6,6,0.9433664198905526,0.8492487728317291,0.9411764705882353,0.929286222636613,0.028160394507805334,0.042553382855526414,-1653.7687905893724,0.0,True,2.7497637727482635e-16,Random (k=6),Random,with_single_atom_contributions,False,False,False,False,False
7,CC12COCC1(C)C2O,21,6,6,0.9418937708823302,0.8085604375489969,1.3333333333333333,0.9270189151727759,0.029749711419046043,0.04323137340813119,-1980.9096562034208,0.0,True,4.591298239799613e-16,Random (k=6),Random,with_single_atom_contributions,False,False,False,False,False
8,CNC(=O)CC1CN1,18,6,6,0.9473967675257379,0.8251745453035156,1.2222222222222223,0.9286622011249238,0.03746913280155411,0.033868666073466516,-1669.6283676037929,0.0,True,0.0,Random (k=6),Random,with_single_atom_contributions,False,False,False,False,False
9,CC12C3C(CN13)OC2=O,16,6,6,0.9226088218633568,0.8101088218633568,1.125,0.904169930673233,0.03687778238017272,0.058952286946538146,-1618.1339928096172,0.0,True,4.2154792456047825e-16,Random (k=6),Random,with_single_atom_contributions,False,False,False,False,False
10,COC12C(C)C1CC2C,23,6,6,0.9670604417742258,0.8714082678611823,0.9565217391304348,0.9595504779616302,0.015019927625132089,0.025429594413193337,-2142.2303783647435,0.0,True,1.0613875974291129e-15,Random (k=6),Random,with_single_atom_contributions,False,False,False,False,False
11,CC1C2CC2(C)C1=NO,20,6,6,0.9455243015063596,0.8455243015063596,1.0,0.9198814873189723,0.05128562837471006,0.02883288430626948,-1884.4887779695775,0.0,True,4.826214474743677e-16,Random (k=6),Random,with_single_atom_contributions,False,False,False,False,False
12,NC(C#C)(C#N)C1CO1,15,6,6,0.9443096789434744,0.8243096789434744,1.2,0.9315245284849782,0.02557030091691236,0.04290517059804943,-1522.078526748084,0.0,True,0.0,Random (k=6),Random,with_single_atom_contributions,False,False,False,False,False
13,CCCC1=NC=NN=N1,17,6,6,0.9422205098298093,0.812808745123927,1.2941176470588236,0.9258822585144836,0.03267650263057673,0.04144123885488356,-1633.5341333303422,0.0,True,1.391912607174382e-16,Random (k=6),Random,with_single_atom_contributions,False,False,False,False,False
14,O=CC1=CC(=O)C(=O)C1,13,6,6,0.9343470206784618,0.8574239437553848,0.7692307692307693,0.908215505600208,0.05226303015642155,0.039521464243305986,-1468.7092323270667,0.0,True,1.5481190588211863e-16,Random (k=6),Random,with_single_atom_contributions,False,False,False,False,False
15,OC12C=CC3OC1C2O3,15,6,6,0.9369853521322485,0.8303186854655819,1.0666666666666667,0.9239385336928408,0.02609363687873546,0.04996782942836374,-1539.7034466654081,0.0,True,1.476736808868284e-16,Random (k=6),Random,with_single_atom_contributions,False,False,False,False,False
16,CCC(COC=N)=NO,19,6,6,0.9489045054197763,0.8225887159460921,1.263157894736842,0.9277059271563567,0.04239715652676932,0.02989691631682149,-1737.5095308442717,0.0,True,2.617236583821627e-16,Random (k=6),Random,with_single_atom_contributions,False,False,False,False,False
17,N#CC12OCC(O1)C=C2,14,6,6,0.9604354797129654,0.9032926225701082,0.5714285714285714,0.940157648633318,0.040555662159209964,0.01928668920740828,-1500.7105462489424,0.0,True,1.5151068006521456e-16,Random (k=6),Random,with_single_atom_contributions,False,False,False,False,False
18,NC(=O)C(=O)C(O)CO,16,6,6,0.9458747636816028,0.8333747636816028,1.125,0.9298970736208841,0.03195538012135784,0.038147546257698145,-1543.56841988232,0.0,True,5.892156706874115e-16,Random (k=6),Random,with_single_atom_contributions,False,False,False,False,False
19,CC1=NCC(O1)C(N)=O,17,6,6,0.9394214058968958,0.8335390529557194,1.0588235294117647,0.9260715413853544,0.02669972902300753,0.04722872959158172,-1678.2201106753193,0.0,True,2.709700283018571e-16,Random (k=6),Random,with_single_atom_contributions,False,False,False,False,False
0,CC1=C(N)C=NO1,13,6,6,0.9660888598720407,0.9660888598720407,0.0,0.9490007116752855,0.034176296393411104,0.016822991931228874,-1261.5773353406917,0.0,True,3.6045935365795276e-16,Greedy-Random (k=6),Greedy-Random,with_single_atom_contributions,True,False,False,True,True
1,CC#CC1CC(C)C1O,21,6,6,0.9912676048534497,0.9674580810439258,0.23809523809523808,0.9885567224457041,0.00542176481542614,0.006021512738821088,-2019.579175708967,0.0,True,4.503387204186277e-16,Greedy-Random (k=6),Greedy-Random,with_single_atom_contributions,True,False,False,True,True
2,C1OC11C2C3CN2C13,15,6,6,0.9950084285640122,0.9950084285640122,0.0,0.991644416027069,0.006728025073793379,0.001627558899067857,-1432.333978567099,0.0,True,0.0,Greedy-Random (k=6),Greedy-Random,with_single_atom_contributions,True,False,False,True,True
3,C1NC2C3COCC12O3,18,6,6,0.9873392746208868,0.9540059412875534,0.3333333333333333,0.9839440359639008,0.006790477313894708,0.009265486722146745,-1709.9491432050593,0.0,True,3.989130489875952e-16,Greedy-Random (k=6),Greedy-Random,with_single_atom_contributions,True,False,False,True,True
4,O=C1CC2(CC1O2)C#C,15,6,6,0.9849110420027992,0.9849110420027992,0.0,0.9783577209056403,0.013106642194235773,0.008535636900062345,-1585.2289793332293,0.0,True,0.0,Greedy-Random (k=6),Greedy-Random,with_single_atom_contributions,True,False,False,True,True
5,CC1N2CC2(C#C)C1=O,16,6,6,0.9827589478894597,0.9827589478894597,0.0,0.9786550660610146,0.008207763656811107,0.013137170282115026,-1638.6151914305615,0.0,True,6.937982652434522e-16,Greedy-Random (k=6),Greedy-Random,with_single_atom_contributions,True,False,False,True,True
6,O=CC1OCC11CCO1,17,6,6,0.9749313641863501,0.9514019524216442,0.23529411764705882,0.9639971087742988,0.021868510824026306,0.014134380401617774,-1653.7687905893724,0.0,True,1.3748818863741318e-16,Greedy-Random (k=6),Greedy-Random,with_single_atom_contributions,True,False,False,True,True
7,CC12COCC1(C)C2O,21,6,6,0.98584153065283,0.9620320068433061,0.23809523809523808,0.981799861573827,0.00808333815794006,0.010116800268183478,-1980.9096562034208,0.0,True,3.4434736798497097e-16,Greedy-Random (k=6),Greedy-Random,with_single_atom_contributions,True,False,False,True,True
8,CNC(=O)CC1CN1,18,6,6,0.9853490058614001,0.9853490058614001,0.0,0.9789776583646456,0.012742694993430458,0.008279646641865037,-1669.6283676037929,0.0,True,0.0,Greedy-Random (k=6),Greedy-Random,with_single_atom_contributions,True,False,False,True,True
9,CC12C3C(CN13)OC2=O,16,6,6,0.9683318655131199,0.9433318655131199,0.25,0.9604577042189218,0.015748322588316488,0.023793973192701937,-1618.1339928096172,0.0,True,4.2154792456047825e-16,Greedy-Random (k=6),Greedy-Random,with_single_atom_contributions,True,False,False,True,True
10,COC12C(C)C1CC2C,23,6,6,0.9861496000562199,0.9600626435344808,0.2608695652173913,0.9800084366419162,0.012282326828546845,0.007709236529491603,-2142.2303783647435,0.0,True,1.0613875974291129e-15,Greedy-Random (k=6),Greedy-Random,with_single_atom_contributions,True,False,False,True,True
11,CC1C2CC2(C)C1=NO,20,6,6,0.9822223153236286,0.9522223153236286,0.3,0.9727919404399986,0.01886074976719123,0.008347309792758642,-1884.4887779695775,0.0,True,4.826214474743677e-16,Greedy-Random (k=6),Greedy-Random,with_single_atom_contributions,True,False,False,True,True
12,NC(C#C)(C#N)C1CO1,15,6,6,0.9693297724340791,0.9426631057674125,0.26666666666666666,0.9523993889838864,0.03386076690030498,0.01373984411574808,-1522.078526748084,0.0,True,0.0,Greedy-Random (k=6),Greedy-Random,with_single_atom_contributions,True,False,False,True,True
13,CCCC1=NC=NN=N1,17,6,6,0.9836171050356545,0.9836171050356545,0.0,0.9780623851152782,0.011109439840672497,0.010828175043989249,-1633.5341333303422,0.0,True,1.391912607174382e-16,Greedy-Random (k=6),Greedy-Random,with_single_atom_contributions,True,False,False,True,True
14,O=CC1=CC(=O)C(=O)C1,13,6,6,0.9722099460890568,0.9722099460890568,0.0,0.962188150969968,0.020043590238089038,0.017768258791876674,-1468.7092323270667,0.0,True,1.5481190588211863e-16,Greedy-Random (k=6),Greedy-Random,with_single_atom_contributions,True,False,False,True,True
15,OC12C=CC3OC1C2O3,15,6,6,0.9853557977572702,0.9720224644239369,0.13333333333333333,0.9806338079546777,0.009443979605100976,0.009922212440158243,-1539.7034466654081,0.0,True,0.0,Greedy-Random (k=6),Greedy-Random,with_single_atom_contributions,True,False,False,True,True
16,CCC(COC=N)=NO,19,6,6,0.9760433084078963,0.9339380452500016,0.42105263157894735,0.9602828273198062,0.031520962176108766,0.00819621050403142,-1737.5095308442717,0.0,True,2.617236583821627e-16,Greedy-Random (k=6),Greedy-Random,with_single_atom_contributions,True,False,False,True,True
17,N#CC12OCC(O1)C=C2,14,6,6,0.9732146175840212,0.9732146175840212,0.0,0.9609137709174436,0.024601693333069406,0.014484535749422595,-1500.7105462489424,0.0,True,4.545320401956438e-16,Greedy-Random (k=6),Greedy-Random,with_single_atom_contributions,True,False,False,True,True
18,NC(=O)C(=O)C(O)CO,16,6,6,0.9795191219988421,0.954519121998842,0.25,0.967040761523022,0.02495672095155836,0.008002517525358264,-1543.56841988232,0.0,True,5.892156706874115e-16,Greedy-Random (k=6),Greedy-Random,with_single_atom_contributions,True,False,False,True,True
19,CC1=NCC(O1)C(N)=O,17,6,6,0.9818714043627068,0.9701066984803539,0.11764705882352941,0.9730095122245006,0.017723784276334784,0.00926670349910644,-1678.2201106753193,0.0,True,2.709700283018571e-16,Greedy-Random (k=6),Greedy-Random,with_single_atom_contributions,True,False,False,True,True
0,CC1=C(N)C=NO1,13,6,6,0.9781191928391663,0.9781191928391663,0.0,0.972470453625116,0.011297478427997073,0.016232067946809405,-1261.5773353406917,0.0,True,3.6045935365795276e-16,Greedy-Distance (k=6),Greedy-Distance,with_single_atom_contributions,False,True,False,True,True
1,CC#CC1CC(C)C1O,21,6,6,0.9913706501138985,0.9913706501138985,0.0,0.9877806185832338,0.007180063061263685,0.005039318355453316,-2019.579175708967,0.0,True,4.503387204186277e-16,Greedy-Distance (k=6),Greedy-Distance,with_single_atom_contributions,False,True,False,True,True
2,C1OC11C2C3CN2C13,15,6,6,0.9649991842289314,0.9649991842289314,0.0,0.9405084396999814,0.04898148905781597,0.010510071242139658,-1432.333978567099,0.0,True,0.0,Greedy-Distance (k=6),Greedy-Distance,with_single_atom_contributions,False,True,False,True,True
3,C1NC2C3COCC12O3,18,6,6,0.987316956979862,0.987316956979862,0.0,0.9811376296442862,0.012358654671075093,0.006503715684581247,-1709.9491432050593,0.0,True,5.318840653167937e-16,Greedy-Distance (k=6),Greedy-Distance,with_single_atom_contributions,False,True,False,True,True
4,O=C1CC2(CC1O2)C#C,15,6,6,0.9755053459318807,0.9755053459318807,0.0,0.9568034704267878,0.03740375101010554,0.005792778563046417,-1585.2289793332293,0.0,True,0.0,Greedy-Distance (k=6),Greedy-Distance,with_single_atom_contributions,False,True,False,True,True
5,CC1N2CC2(C#C)C1=O,16,6,6,0.984350577181722,0.984350577181722,0.0,0.9744030208938507,0.019895112575662614,0.005701866530426733,-1638.6151914305615,0.0,True,2.7751930609738085e-16,Greedy-Distance (k=6),Greedy-Distance,with_single_atom_contributions,False,True,False,True,True
6,O=CC1OCC11CCO1,17,6,6,0.9835441568581557,0.9835441568581557,0.0,0.9764024245629973,0.014283464590237722,0.00931411084670581,-1653.7687905893724,0.0,True,2.7497637727482635e-16,Greedy-Distance (k=6),Greedy-Distance,with_single_atom_contributions,False,True,False,True,True
7,CC12COCC1(C)C2O,21,6,6,0.9842772923083322,0.9842772923083322,0.0,0.9800575261183272,0.008439532379943769,0.011502941501679357,-1980.9096562034208,0.0,True,3.4434736798497097e-16,Greedy-Distance (k=6),Greedy-Distance,with_single_atom_contributions,False,True,False,True,True
8,CNC(=O)CC1CN1,18,6,6,0.9925621582157346,0.9925621582157346,0.0,0.9878273962499867,0.009469523931417353,0.0027030798185373253,-1669.6283676037929,0.0,True,1.3618220668443674e-16,Greedy-Distance (k=6),Greedy-Distance,with_single_atom_contributions,False,True,False,True,True
9,CC12C3C(CN13)OC2=O,16,6,6,0.9692235399039668,0.9692235399039668,0.0,0.9519758279339496,0.03449542393995589,0.013528748126035526,-1618.1339928096172,0.0,True,4.2154792456047825e-16,Greedy-Distance (k=6),Greedy-Distance,with_single_atom_contributions,False,True,False,True,True
10,COC12C(C)C1CC2C,23,6,6,0.9789335286820541,0.9789335286820541,0.0,0.968994808194754,0.019877440974540316,0.011127750830660924,-2142.2303783647435,0.0,True,1.0613875974291129e-15,Greedy-Distance (k=6),Greedy-Distance,with_single_atom_contributions,False,True,False,True,True
11,CC1C2CC2(C)C1=NO,20,6,6,0.983009070183455,0.983009070183455,0.0,0.9763351149523003,0.01334791046223994,0.010316974585407625,-1884.4887779695775,0.0,True,1.2065536186859193e-16,Greedy-Distance (k=6),Greedy-Distance,with_single_atom_contributions,False,True,False,True,True
12,NC(C#C)(C#N)C1CO1,15,6,6,0.9709057725354779,0.9709057725354779,0.0,0.9587084494266056,0.024394646217662446,0.01689690435567022,-1522.078526748084,0.0,True,0.0,Greedy-Distance (k=6),Greedy-Distance,with_single_atom_contributions,False,True,False,True,True
13,CCCC1=NC=NN=N1,17,6,6,0.985950902272447,0.985950902272447,0.0,0.9812181206542797,0.00946556323625465,0.00931631610940562,-1633.5341333303422,0.0,True,1.391912607174382e-16,Greedy-Distance (k=6),Greedy-Distance,with_single_atom_contributions,False,True,False,True,True
14,O=CC1=CC(=O)C(=O)C1,13,6,6,0.9817893842880631,0.9817893842880631,0.0,0.9728541883350321,0.017870391905972796,0.009275419758928361,-1468.7092323270667,0.0,True,0.0,Greedy-Distance (k=6),Greedy-Distance,with_single_atom_contributions,False,True,False,True,True
15,OC12C=CC3OC1C2O3,15,6,6,0.9771485731294635,0.9771485731294635,0.0,0.9642869162946893,0.0257233136694635,0.009989770035783638,-1539.7034466654081,0.0,True,0.0,Greedy-Distance (k=6),Greedy-Distance,with_single_atom_contributions,False,True,False,True,True
16,CCC(COC=N)=NO,19,6,6,0.9871463134211836,0.9871463134211836,0.0,0.9818313187829589,0.01062998927637425,0.007538691940610648,-1737.5095308442717,0.0,True,2.617236583821627e-16,Greedy-Distance (k=6),Greedy-Distance,with_single_atom_contributions,False,True,False,True,True
17,N#CC12OCC(O1)C=C2,14,6,6,0.972638104853439,0.972638104853439,0.0,0.9622264052105244,0.020823399285742526,0.01695019550366808,-1500.7105462489424,0.0,True,1.5151068006521456e-16,Greedy-Distance (k=6),Greedy-Distance,with_single_atom_contributions,False,True,False,True,True
18,NC(=O)C(=O)C(O)CO,16,6,6,0.9852017865377892,0.9852017865377892,0.0,0.9786351645529778,0.01313324396953899,0.008231591477420261,-1543.56841988232,0.0,True,4.4191175301555866e-16,Greedy-Distance (k=6),Greedy-Distance,with_single_atom_contributions,False,True,False,True,True
19,CC1=NCC(O1)C(N)=O,17,6,6,0.9849958203844068,0.9849958203844068,0.0,0.9807787860388558,0.008434068691024305,0.010787145270061473,-1678.2201106753193,0.0,True,1.3548501415092854e-16,Greedy-Distance (k=6),Greedy-Distance,with_single_atom_contributions,False,True,False,True,True
0,CC1=C(N)C=NO1,13,6,6,0.9852711943287016,0.9852711943287016,0.0,0.9810220362730605,0.008498316111177578,0.010479647615683523,-1261.5773353406917,0.0,True,5.406890304869291e-16,Metropolis-Hastings (k=6),Metropolis-Hastings,with_single_atom_contributions,False,False,True,False,True
1,CC#CC1CC(C)C1O,21,6,6,0.9952518235284143,0.9952518235284143,0.0,0.991385827157501,0.007731992741760598,0.0008821801006890403,-2019.579175708967,0.0,True,2.2516936020931387e-16,Metropolis-Hastings (k=6),Metropolis-Hastings,with_single_atom_contributions,False,False,True,False,True
2,C1OC11C2C3CN2C13,15,6,6,0.9908931125252695,0.9908931125252695,0.0,0.9850251637971913,0.011735897456063557,0.003238938746675656,-1432.333978567099,0.0,True,0.0,Metropolis-Hastings (k=6),Metropolis-Hastings,with_single_atom_contributions,False,False,True,False,True
3,C1NC2C3COCC12O3,18,6,6,0.9932261750684321,0.9932261750684321,0.0,0.9907816319036633,0.004889086329460047,0.0043292817668185365,-1709.9491432050593,0.0,True,2.6594203265839683e-16,Metropolis-Hastings (k=6),Metropolis-Hastings,with_single_atom_contributions,False,False,True,False,True
4,O=C1CC2(CC1O2)C#C,15,6,6,0.9884052085429597,0.9884052085429597,0.0,0.9800408119758202,0.01672879313419549,0.003230394889921587,-1585.2289793332293,0.0,True,2.8686540355684697e-16,Metropolis-Hastings (k=6),Metropolis-Hastings,with_single_atom_contributions,False,False,True,False,True
5,CC1N2CC2(C#C)C1=O,16,6,6,0.9941403361478462,0.9941403361478462,0.0,0.988926544213486,0.010427583868639519,0.0006458719178137904,-1638.6151914305615,0.0,True,2.7751930609738085e-16,Metropolis-Hastings (k=6),Metropolis-Hastings,with_single_atom_contributions,False,False,True,False,True
6,O=CC1OCC11CCO1,17,6,6,0.9912347679640404,0.9912347679640404,0.0,0.9863177178995104,0.009834100128980549,0.0038481819714494174,-1653.7687905893724,0.0,True,2.7497637727482635e-16,Metropolis-Hastings (k=6),Metropolis-Hastings,with_single_atom_contributions,False,False,True,False,True
7,CC12COCC1(C)C2O,21,6,6,0.9851069114922693,0.9851069114922693,0.0,0.9795587684162474,0.011096286151977481,0.009344945431725456,-1980.9096562034208,0.0,True,3.4434736798497097e-16,Metropolis-Hastings (k=6),Metropolis-Hastings,with_single_atom_contributions,False,False,True,False,True
8,CNC(=O)CC1CN1,18,6,6,0.9914862577891528,0.9914862577891528,0.0,0.9864164793619267,0.010139556854373843,0.0034439637836407473,-1669.6283676037929,0.0,True,8.170932401066204e-16,Metropolis-Hastings (k=6),Metropolis-Hastings,with_single_atom_contributions,False,False,True,False,True
9,CC12C3C(CN13)OC2=O,16,6,6,0.9883001869593292,0.9883001869593292,0.0,0.9795435110028271,0.017513351912922543,0.0029431370841889863,-1618.1339928096172,0.0,True,5.62063899413971e-16,Metropolis-Hastings (k=6),Metropolis-Hastings,with_single_atom_contributions,False,False,True,False,True
10,COC12C(C)C1CC2C,23,6,6,0.9913337070035723,0.9913337070035723,0.0,0.9886483117506358,0.005370790505811245,0.00598089774350666,-2142.2303783647435,0.0,True,1.0613875974291129e-15,Metropolis-Hastings (k=6),Metropolis-Hastings,with_single_atom_contributions,False,False,True,False,True
11,CC1C2CC2(C)C1=NO,20,6,6,0.992297030605779,0.992297030605779,0.0,0.9881823505995896,0.008229360012309185,0.0035882893880490145,-1884.4887779695775,0.0,True,2.4131072373718386e-16,Metropolis-Hastings (k=6),Metropolis-Hastings,with_single_atom_contributions,False,False,True,False,True
12,NC(C#C)(C#N)C1CO1,15,6,6,0.9864003896459508,0.9864003896459508,0.0,0.9814577851659578,0.009885208959900176,0.0086570058740778,-1522.078526748084,0.0,True,0.0,Metropolis-Hastings (k=6),Metropolis-Hastings,with_single_atom_contributions,False,False,True,False,True
13,CCCC1=NC=NN=N1,17,6,6,0.9897728831540403,0.9897728831540403,0.0,0.9829804754771833,0.013584815353633319,0.003434709169122871,-1633.5341333303422,0.0,True,0.0,Metropolis-Hastings (k=6),Metropolis-Hastings,with_single_atom_contributions,False,False,True,False,True
14,O=CC1=CC(=O)C(=O)C1,13,6,6,0.9838524057534929,0.9838524057534929,0.0,0.9757729903286739,0.016158830849548615,0.008068178821710428,-1468.7092323270667,0.0,True,1.5481190588211863e-16,Metropolis-Hastings (k=6),Metropolis-Hastings,with_single_atom_contributions,False,False,True,False,True
15,OC12C=CC3OC1C2O3,15,6,6,0.9867575330743946,0.9867575330743946,0.0,0.9821738986016454,0.009167268945414064,0.008658832452877168,-1539.7034466654081,0.0,True,1.476736808868284e-16,Metropolis-Hastings (k=6),Metropolis-Hastings,with_single_atom_contributions,False,False,True,False,True
16,CCC(COC=N)=NO,19,6,6,0.992781220154013,0.992781220154013,0.0,0.987462017772762,0.010638404762426432,0.0018995774647548452,-1737.5095308442717,0.0,True,1.3086182919108136e-16,Metropolis-Hastings (k=6),Metropolis-Hastings,with_single_atom_contributions,False,False,True,False,True
17,N#CC12OCC(O1)C=C2,14,6,6,0.9837499129216898,0.9837499129216898,0.0,0.979150987929169,0.009197849984954988,0.011651162085811078,-1500.7105462489424,0.0,True,3.030213601304291e-16,Metropolis-Hastings (k=6),Metropolis-Hastings,with_single_atom_contributions,False,False,True,False,True
18,NC(=O)C(=O)C(O)CO,16,6,6,0.9907041104990754,0.9907041104990754,0.0,0.9848311862734802,0.011745848451105744,0.003422965275350635,-1543.56841988232,0.0,True,4.4191175301555866e-16,Metropolis-Hastings (k=6),Metropolis-Hastings,with_single_atom_contributions,False,False,True,False,True
19,CC1=NCC(O1)C(N)=O,17,6,6,0.9935057304462216,0.9935057304462216,0.0,0.9900792828646617,0.006852895163040694,0.003067821972238374,-1678.2201106753193,0.0,True,1.3548501415092854e-16,Metropolis-Hastings (k=6),Metropolis-Hastings,with_single_atom_contributions,False,False,True,False,True
0,CC1=C(N)C=NO1,13,7,7,0.9429241028909923,0.9429241028909923,0.0,0.9242844354875617,0.037279334806765256,0.03843622970560117,-1261.5773353406917,0.0,True,3.6045935365795276e-16,Distance (k=7),Distance,with_single_atom_contributions,False,False,False,False,False
1,CC#CC1CC(C)C1O,21,7,7,0.9798469949170636,0.9798469949170636,0.0,0.9725970185016739,0.014499952830714605,0.012903028667563004,-2019.579175708967,0.0,True,5.629234005232846e-16,Distance (k=7),Distance,with_single_atom_contributions,False,False,False,False,False
2,C1OC11C2C3CN2C13,15,7,7,0.9314266153710254,0.9314266153710254,0.0,0.9105401344659791,0.04177296181001235,0.04768690372394826,-1432.333978567099,0.0,True,1.587434766231545e-16,Distance (k=7),Distance,with_single_atom_contributions,False,False,False,False,False
3,C1NC2C3COCC12O3,18,7,7,0.9612146741830475,0.9612146741830475,0.0,0.9546424010287741,0.01314454630847318,0.032213052662697604,-1709.9491432050593,0.0,True,5.318840653167937e-16,Distance (k=7),Distance,with_single_atom_contributions,False,False,False,False,False
4,O=C1CC2(CC1O2)C#C,15,7,7,0.9720366350136443,0.9720366350136443,0.0,0.9612608690275982,0.021551531972010374,0.01718759900033005,-1585.2289793332293,0.0,True,2.8686540355684697e-16,Distance (k=7),Distance,with_single_atom_contributions,False,False,False,False,False
5,CC1N2CC2(C#C)C1=O,16,7,7,0.9452554435922521,0.9452554435922521,0.0,0.9288798915577338,0.03275110406896145,0.03836900437324842,-1638.6151914305615,0.0,True,4.162789591460713e-16,Distance (k=7),Distance,with_single_atom_contributions,False,False,False,False,False
6,O=CC1OCC11CCO1,17,7,7,0.9576543307714281,0.9576543307714281,0.0,0.9411628083262314,0.032983044890318745,0.02585414678339385,-1653.7687905893724,0.0,True,2.7497637727482635e-16,Distance (k=7),Distance,with_single_atom_contributions,False,False,False,False,False
7,CC12COCC1(C)C2O,21,7,7,0.9767096640113578,0.9767096640113578,0.0,0.9728377715897009,0.007743784843248463,0.019418443567001602,-1980.9096562034208,0.0,True,1.1478245599499032e-16,Distance (k=7),Distance,with_single_atom_contributions,False,False,False,False,False
8,CNC(=O)CC1CN1,18,7,7,0.9791117099609034,0.9791117099609034,0.0,0.9678516977972867,0.022520024327157558,0.009628277875499028,-1669.6283676037929,0.0,True,0.0,Distance (k=7),Distance,with_single_atom_contributions,False,False,False,False,False
9,CC12C3C(CN13)OC2=O,16,7,7,0.9341668252152817,0.9341668252152817,0.0,0.9227219164513039,0.022889817527878924,0.054388266020759676,-1618.1339928096172,0.0,True,5.62063899413971e-16,Distance (k=7),Distance,with_single_atom_contributions,False,False,False,False,False
10,COC12C(C)C1CC2C,23,7,7,0.9682475872321686,0.9682475872321686,0.0,0.9622349378377846,0.012025298788708704,0.025739763373462135,-2142.2303783647435,0.0,True,1.0613875974291129e-15,Distance (k=7),Distance,with_single_atom_contributions,False,False,False,False,False
11,CC1C2CC2(C)C1=NO,20,7,7,0.9625330677636225,0.9625330677636225,0.0,0.9499413208809053,0.025183493765368763,0.024875185353676783,-1884.4887779695775,0.0,True,3.619660856057758e-16,Distance (k=7),Distance,with_single_atom_contributions,False,False,False,False,False
12,NC(C#C)(C#N)C1CO1,15,7,7,0.9606188156159307,0.9606188156159307,0.0,0.9435991662564428,0.03403929871889336,0.0223615350246021,-1522.078526748084,0.0,True,1.4938366940173598e-16,Distance (k=7),Distance,with_single_atom_contributions,False,False,False,False,False
13,CCCC1=NC=NN=N1,17,7,7,0.9729769311763808,0.9729769311763808,0.0,0.9626122318688068,0.020729398615070085,0.016658369516064617,-1633.5341333303422,0.0,True,1.391912607174382e-16,Distance (k=7),Distance,with_single_atom_contributions,False,False,False,False,False
14,O=CC1=CC(=O)C(=O)C1,13,7,7,0.9475840828926455,0.9475840828926455,0.0,0.9331376938051992,0.02889277817480599,0.03796952801992991,-1468.7092323270667,0.0,True,1.5481190588211863e-16,Distance (k=7),Distance,with_single_atom_contributions,False,False,False,False,False
15,OC12C=CC3OC1C2O3,15,7,7,0.964005291228839,0.964005291228839,0.0,0.9503451870917466,0.027320208274102843,0.02233460463408897,-1539.7034466654081,0.0,True,1.476736808868284e-16,Distance (k=7),Distance,with_single_atom_contributions,False,False,False,False,False
16,CCC(COC=N)=NO,19,7,7,0.9685955672933666,0.9685955672933666,0.0,0.955230690484788,0.026729753617085305,0.018039555898072813,-1737.5095308442717,0.0,True,2.617236583821627e-16,Distance (k=7),Distance,with_single_atom_contributions,False,False,False,False,False
17,N#CC12OCC(O1)C=C2,14,7,7,0.9492888109847885,0.9492888109847885,0.0,0.9349997042175031,0.028578213534486533,0.0364220822479471,-1500.7105462489424,0.0,True,1.5151068006521456e-16,Distance (k=7),Distance,with_single_atom_contributions,False,False,False,False,False
18,NC(=O)C(=O)C(O)CO,16,7,7,0.9705531027236051,0.9705531027236051,0.0,0.959159016093273,0.022788173260582138,0.018052810646083377,-1543.56841988232,0.0,True,8.838235060311173e-16,Distance (k=7),Distance,with_single_atom_contributions,False,False,False,False,False
19,CC1=NCC(O1)C(N)=O,17,7,7,0.9700791931193898,0.9700791931193898,0.0,0.9566796682439808,0.02679904975074102,0.016521282005220368,-1678.2201106753193,0.0,True,1.3548501415092854e-16,Distance (k=7),Distance,with_single_atom_contributions,False,False,False,False,False
0,CC1=C(N)C=NO1,13,7,7,0.934353908416468,0.8574308314933912,0.7692307692307693,0.9119859129132145,0.044735991006411076,0.04327809608030234,-1261.5773353406917,0.0,True,3.6045935365795276e-16,Random (k=7),Random,with_single_atom_contributions,False,False,False,False,False
1,CC#CC1CC(C)C1O,21,7,7,0.9523267488384156,0.8285172250288918,1.2380952380952381,0.9398723505830677,0.024908796510633636,0.03521885290625199,-2019.579175708967,0.0,True,5.629234005232846e-16,Random (k=7),Random,with_single_atom_contributions,False,False,False,False,False
2,C1OC11C2C3CN2C13,15,7,7,0.9105455865470365,0.8172122532137032,0.9333333333333333,0.887180545383542,0.04673008232691103,0.06608937228948851,-1432.333978567099,0.0,True,1.587434766231545e-16,Random (k=7),Random,with_single_atom_contributions,False,False,False,False,False
3,C1NC2C3COCC12O3,18,7,7,0.930742191467881,0.841853302578992,0.8888888888888888,0.9197505131875106,0.02198335656066981,0.058266130251766496,-1709.9491432050593,0.0,True,2.6594203265839683e-16,Random (k=7),Random,with_single_atom_contributions,False,False,False,False,False
4,O=C1CC2(CC1O2)C#C,15,7,7,0.9180354121914412,0.8113687455247746,1.0666666666666667,0.8998454443187377,0.036379935745331715,0.06377461993587388,-1585.2289793332293,0.0,True,1.4343270177842348e-16,Random (k=7),Random,with_single_atom_contributions,False,False,False,False,False
5,CC1N2CC2(C#C)C1=O,16,7,7,0.9239767184180693,0.8239767184180693,1.0,0.90723125133354,0.03349093416898536,0.059277814497419826,-1638.6151914305615,0.0,True,4.162789591460713e-16,Random (k=7),Random,with_single_atom_contributions,False,False,False,False,False
6,O=CC1OCC11CCO1,17,7,7,0.9202595429533433,0.8143771900121668,1.0588235294117647,0.9023823787170999,0.0357543284724153,0.06186329281043109,-1653.7687905893724,0.0,True,1.3748818863741318e-16,Random (k=7),Random,with_single_atom_contributions,False,False,False,False,False
7,CC12COCC1(C)C2O,21,7,7,0.9470266706132673,0.8422647658513625,1.0476190476190477,0.9359972486138921,0.022058843998686926,0.041943907387373545,-1980.9096562034208,0.0,True,2.2956491198998065e-16,Random (k=7),Random,with_single_atom_contributions,False,False,False,False,False
8,CNC(=O)CC1CN1,18,7,7,0.9477670670304463,0.8477670670304464,1.0,0.9341373112525251,0.02725951155576733,0.03860317719165123,-1669.6283676037929,0.0,True,0.0,Random (k=7),Random,with_single_atom_contributions,False,False,False,False,False
9,CC12C3C(CN13)OC2=O,16,7,7,0.9131130620153657,0.8256130620153657,0.875,0.8925367586849755,0.041152606660706186,0.0663106346542628,-1618.1339928096172,0.0,True,4.2154792456047825e-16,Random (k=7),Random,with_single_atom_contributions,False,False,False,False,False
10,COC12C(C)C1CC2C,23,7,7,0.9539009205165473,0.8321617900817646,1.2173913043478262,0.938485258285543,0.030831324461950325,0.030683417252463006,-2142.2303783647435,0.0,True,8.491100779432902e-16,Random (k=7),Random,with_single_atom_contributions,False,False,False,False,False
11,CC1C2CC2(C)C1=NO,20,7,7,0.9513870877756455,0.8613870877756455,0.9,0.9315596841482693,0.03965480725468788,0.028785508596994483,-1884.4887779695775,0.0,True,3.619660856057758e-16,Random (k=7),Random,with_single_atom_contributions,False,False,False,False,False
12,NC(C#C)(C#N)C1CO1,15,7,7,0.9451749215266254,0.8385082548599587,1.0666666666666667,0.9302281593617913,0.029893524329588632,0.0398783163085603,-1522.078526748084,0.0,True,0.0,Random (k=7),Random,with_single_atom_contributions,False,False,False,False,False
13,CCCC1=NC=NN=N1,17,7,7,0.9537629338167731,0.8478805808755967,1.0588235294117647,0.9399810953545091,0.0275636769244523,0.03245522772098166,-1633.5341333303422,0.0,True,1.391912607174382e-16,Random (k=7),Random,with_single_atom_contributions,False,False,False,False,False
14,O=CC1=CC(=O)C(=O)C1,13,7,7,0.9350720674811527,0.8889182213273066,0.46153846153846156,0.9112297050766526,0.04768472480891548,0.04108557011436843,-1468.7092323270667,0.0,True,1.5481190588211863e-16,Random (k=7),Random,with_single_atom_contributions,False,False,False,False,False
15,OC12C=CC3OC1C2O3,15,7,7,0.937234513870442,0.8305678472037753,1.0666666666666667,0.9223260642306558,0.029816899279492985,0.047857036489791574,-1539.7034466654081,0.0,True,1.476736808868284e-16,Random (k=7),Random,with_single_atom_contributions,False,False,False,False,False
16,CCC(COC=N)=NO,19,7,7,0.9402863187376443,0.8244968450534338,1.1578947368421053,0.9180978248491202,0.04437698777697904,0.037525187373848794,-1737.5095308442717,0.0,True,0.0,Random (k=7),Random,with_single_atom_contributions,False,False,False,False,False
17,N#CC12OCC(O1)C=C2,14,7,7,0.9036415027780582,0.8179272170637725,0.8571428571428571,0.8854398476861983,0.03640331018363992,0.07815684213010192,-1500.7105462489424,0.0,True,1.5151068006521456e-16,Random (k=7),Random,with_single_atom_contributions,False,False,False,False,False
18,NC(=O)C(=O)C(O)CO,16,7,7,0.9535825972616448,0.8660825972616448,0.875,0.9385820646118925,0.03000106529942382,0.03141687008862314,-1543.56841988232,0.0,True,5.892156706874115e-16,Random (k=7),Random,with_single_atom_contributions,False,False,False,False,False
19,CC1=NCC(O1)C(N)=O,17,7,7,0.9361629194414881,0.8302805665003117,1.0588235294117647,0.917625403187544,0.03707503250781361,0.04529956430458665,-1678.2201106753193,0.0,True,2.709700283018571e-16,Random (k=7),Random,with_single_atom_contributions,False,False,False,False,False
0,CC1=C(N)C=NO1,13,7,7,0.9714937790968919,0.9714937790968919,0.0,0.9653458852952288,0.012295787603223878,0.022358327101470683,-1261.5773353406917,0.0,True,5.406890304869291e-16,Greedy-Random (k=7),Greedy-Random,with_single_atom_contributions,True,False,False,True,True
1,CC#CC1CC(C)C1O,21,7,7,0.9840244250671085,0.9411672822099657,0.42857142857142855,0.9787227854931945,0.010603279147763418,0.010673935358993459,-2019.579175708967,0.0,True,5.629234005232846e-16,Greedy-Random (k=7),Greedy-Random,with_single_atom_contributions,True,False,False,True,True
2,C1OC11C2C3CN2C13,15,7,7,0.9671859597686264,0.9538526264352931,0.13333333333333333,0.9440339661307974,0.0463039872755726,0.009662046593566,-1432.333978567099,0.0,True,0.0,Greedy-Random (k=7),Greedy-Random,with_single_atom_contributions,True,False,False,True,True
3,C1NC2C3COCC12O3,18,7,7,0.9657876024707188,0.9546764913596077,0.1111111111111111,0.9532120476099988,0.02515110972136632,0.02163684266857965,-1709.9491432050593,0.0,True,3.989130489875952e-16,Greedy-Random (k=7),Greedy-Random,with_single_atom_contributions,True,False,False,True,True
4,O=C1CC2(CC1O2)C#C,15,7,7,0.9764047061183768,0.9764047061183768,0.0,0.968924849273703,0.014959713689266421,0.016115437036969545,-1585.2289793332293,0.0,True,2.8686540355684697e-16,Greedy-Random (k=7),Greedy-Random,with_single_atom_contributions,True,False,False,True,True
5,CC1N2CC2(C#C)C1=O,16,7,7,0.9688746126339062,0.9438746126339062,0.25,0.9562967492121321,0.025155726843471372,0.018547523944338926,-1638.6151914305615,0.0,True,2.7751930609738085e-16,Greedy-Random (k=7),Greedy-Random,with_single_atom_contributions,True,False,False,True,True
6,O=CC1OCC11CCO1,17,7,7,0.9749896883377162,0.9514602765730102,0.23529411764705882,0.9601307890173447,0.02971779864066681,0.010151412341931504,-1653.7687905893724,0.0,True,4.1246456591223956e-16,Greedy-Random (k=7),Greedy-Random,with_single_atom_contributions,True,False,False,True,True
7,CC12COCC1(C)C2O,21,7,7,0.983173909827415,0.945078671732177,0.38095238095238093,0.9766508543608137,0.013046110933136647,0.010303034706000226,-1980.9096562034208,0.0,True,2.2956491198998065e-16,Greedy-Random (k=7),Greedy-Random,with_single_atom_contributions,True,False,False,True,True
8,CNC(=O)CC1CN1,18,7,7,0.9696161924769658,0.941838414699188,0.2777777777777778,0.951407548676016,0.03641728760182411,0.012175163722103054,-1669.6283676037929,0.0,True,0.0,Greedy-Random (k=7),Greedy-Random,with_single_atom_contributions,True,False,False,True,True
9,CC12C3C(CN13)OC2=O,16,7,7,0.962105889674343,0.9371058896743429,0.25,0.9419630007781312,0.04028577779234724,0.017751221429464174,-1618.1339928096172,0.0,True,2.810319497069855e-16,Greedy-Random (k=7),Greedy-Random,with_single_atom_contributions,True,False,False,True,True
10,COC12C(C)C1CC2C,23,7,7,0.978439174031724,0.9349609131621588,0.43478260869565216,0.9703793572508542,0.01611963356167948,0.013501009187421153,-2142.2303783647435,0.0,True,8.491100779432902e-16,Greedy-Random (k=7),Greedy-Random,with_single_atom_contributions,True,False,False,True,True
11,CC1C2CC2(C)C1=NO,20,7,7,0.9748081041365849,0.9448081041365849,0.3,0.9671547288858453,0.01530675050141073,0.01753852061269266,-1884.4887779695775,0.0,True,3.619660856057758e-16,Greedy-Random (k=7),Greedy-Random,with_single_atom_contributions,True,False,False,True,True
12,NC(C#C)(C#N)C1CO1,15,7,7,0.969628971816066,0.9562956384827327,0.13333333333333333,0.9637158959111545,0.011826151809739215,0.02445795227904357,-1522.078526748084,0.0,True,1.4938366940173598e-16,Greedy-Random (k=7),Greedy-Random,with_single_atom_contributions,True,False,False,True,True
13,CCCC1=NC=NN=N1,17,7,7,0.9764039491322714,0.9411098314852125,0.35294117647058826,0.9648456832788509,0.02311653170676307,0.012037785014327604,-1633.5341333303422,0.0,True,1.391912607174382e-16,Greedy-Random (k=7),Greedy-Random,with_single_atom_contributions,True,False,False,True,True
14,O=CC1=CC(=O)C(=O)C1,13,7,7,0.968470719864646,0.968470719864646,0.0,0.9567794850126282,0.02338246970394893,0.019838045283358086,-1468.7092323270667,0.0,True,3.0962381176423727e-16,Greedy-Random (k=7),Greedy-Random,with_single_atom_contributions,True,False,False,True,True
15,OC12C=CC3OC1C2O3,15,7,7,0.9762378833292399,0.9495712166625733,0.26666666666666666,0.9707519280947186,0.010971910468958809,0.01827616143625984,-1539.7034466654081,0.0,True,1.476736808868284e-16,Greedy-Random (k=7),Greedy-Random,with_single_atom_contributions,True,False,False,True,True
16,CCC(COC=N)=NO,19,7,7,0.9799994021590935,0.9484204547906725,0.3157894736842105,0.9711397608404932,0.017719282637126712,0.011140956522324672,-1737.5095308442717,0.0,True,2.617236583821627e-16,Greedy-Random (k=7),Greedy-Random,with_single_atom_contributions,True,False,False,True,True
17,N#CC12OCC(O1)C=C2,14,7,7,0.9766242809017207,0.9623385666160065,0.14285714285714285,0.9663824720814889,0.020483617640376334,0.013133910278069186,-1500.7105462489424,0.0,True,3.030213601304291e-16,Greedy-Random (k=7),Greedy-Random,with_single_atom_contributions,True,False,False,True,True
18,NC(=O)C(=O)C(O)CO,16,7,7,0.987094537146232,0.9620945371462319,0.25,0.980065741140315,0.01405759201175025,0.005876666847871845,-1543.56841988232,0.0,True,5.892156706874115e-16,Greedy-Random (k=7),Greedy-Random,with_single_atom_contributions,True,False,False,True,True
19,CC1=NCC(O1)C(N)=O,17,7,7,0.9912969619944492,0.9795322561120963,0.11764705882352941,0.988339142815236,0.005915638358347148,0.005745218826357506,-1678.2201106753193,0.0,True,0.0,Greedy-Random (k=7),Greedy-Random,with_single_atom_contributions,True,False,False,True,True
0,CC1=C(N)C=NO1,13,7,7,0.9563428934528376,0.9563428934528376,0.0,0.9432244139178171,0.026236959069940568,0.030538627012166985,-1261.5773353406917,0.0,True,1.8022967682897638e-16,Greedy-Distance (k=7),Greedy-Distance,with_single_atom_contributions,False,True,False,True,True
1,CC#CC1CC(C)C1O,21,7,7,0.9822016265939397,0.9822016265939397,0.0,0.976034853545412,0.01233354609699092,0.011631600357548637,-2019.579175708967,0.0,True,5.629234005232846e-16,Greedy-Distance (k=7),Greedy-Distance,with_single_atom_contributions,False,True,False,True,True
2,C1OC11C2C3CN2C13,15,7,7,0.9827134359964801,0.9827134359964801,0.0,0.9679363675617123,0.02955413686944482,0.002509495568774959,-1432.333978567099,0.0,True,0.0,Greedy-Distance (k=7),Greedy-Distance,with_single_atom_contributions,False,True,False,True,True
3,C1NC2C3COCC12O3,18,7,7,0.9714652013137653,0.9714652013137653,0.0,0.9601569844254961,0.022616433776464336,0.017226581797983986,-1709.9491432050593,0.0,True,3.989130489875952e-16,Greedy-Distance (k=7),Greedy-Distance,with_single_atom_contributions,False,True,False,True,True
4,O=C1CC2(CC1O2)C#C,15,7,7,0.9864819165126834,0.9864819165126834,0.0,0.977803908232731,0.017356016559821302,0.004840075207385084,-1585.2289793332293,0.0,True,1.4343270177842348e-16,Greedy-Distance (k=7),Greedy-Distance,with_single_atom_contributions,False,True,False,True,True
5,CC1N2CC2(C#C)C1=O,16,7,7,0.9703830506971349,0.9703830506971349,0.0,0.9589295042747659,0.02290709284465953,0.018163402880515635,-1638.6151914305615,0.0,True,4.162789591460713e-16,Greedy-Distance (k=7),Greedy-Distance,with_single_atom_contributions,False,True,False,True,True
6,O=CC1OCC11CCO1,17,7,7,0.9749437202528596,0.9749437202528596,0.0,0.9607143076429365,0.028458825219769213,0.01082686713723659,-1653.7687905893724,0.0,True,5.499527545496527e-16,Greedy-Distance (k=7),Greedy-Distance,with_single_atom_contributions,False,True,False,True,True
7,CC12COCC1(C)C2O,21,7,7,0.9798973014587391,0.9798973014587391,0.0,0.9767327981745071,0.006329006568398187,0.016938195257045388,-1980.9096562034208,0.0,True,3.4434736798497097e-16,Greedy-Distance (k=7),Greedy-Distance,with_single_atom_contributions,False,True,False,True,True
8,CNC(=O)CC1CN1,18,7,7,0.9863196176069623,0.9863196176069623,0.0,0.9770229630705973,0.01859330907265299,0.0043837278566921335,-1669.6283676037929,0.0,True,0.0,Greedy-Distance (k=7),Greedy-Distance,with_single_atom_contributions,False,True,False,True,True
9,CC12C3C(CN13)OC2=O,16,7,7,0.9685693728186324,0.9685693728186324,0.0,0.9538155286463297,0.029507688344525503,0.0166767830090849,-1618.1339928096172,0.0,True,4.2154792456047825e-16,Greedy-Distance (k=7),Greedy-Distance,with_single_atom_contributions,False,True,False,True,True
10,COC12C(C)C1CC2C,23,7,7,0.9734472663145736,0.9734472663145736,0.0,0.9656734441982374,0.01554764423261276,0.01877891156910521,-2142.2303783647435,0.0,True,8.491100779432902e-16,Greedy-Distance (k=7),Greedy-Distance,with_single_atom_contributions,False,True,False,True,True
11,CC1C2CC2(C)C1=NO,20,7,7,0.9866163205156169,0.9866163205156169,0.0,0.9800820084939634,0.013068624043237019,0.006849367462747135,-1884.4887779695775,0.0,True,7.239321712115516e-16,Greedy-Distance (k=7),Greedy-Distance,with_single_atom_contributions,False,True,False,True,True
12,NC(C#C)(C#N)C1CO1,15,7,7,0.9797218741051411,0.9797218741051411,0.0,0.9670025672728579,0.025438613664480133,0.007558819062597225,-1522.078526748084,0.0,True,1.4938366940173598e-16,Greedy-Distance (k=7),Greedy-Distance,with_single_atom_contributions,False,True,False,True,True
13,CCCC1=NC=NN=N1,17,7,7,0.9794558130850035,0.9794558130850035,0.0,0.9734685171643199,0.011974591841287284,0.01455689099433293,-1633.5341333303422,0.0,True,1.391912607174382e-16,Greedy-Distance (k=7),Greedy-Distance,with_single_atom_contributions,False,True,False,True,True
14,O=CC1=CC(=O)C(=O)C1,13,7,7,0.9545307801810644,0.9545307801810644,0.0,0.941888172995029,0.02528521437198483,0.03282661263292152,-1468.7092323270667,0.0,True,3.0962381176423727e-16,Greedy-Distance (k=7),Greedy-Distance,with_single_atom_contributions,False,True,False,True,True
15,OC12C=CC3OC1C2O3,15,7,7,0.978650881091499,0.978650881091499,0.0,0.9733552586173654,0.010591244948183816,0.016053496434388175,-1539.7034466654081,0.0,True,1.476736808868284e-16,Greedy-Distance (k=7),Greedy-Distance,with_single_atom_contributions,False,True,False,True,True
16,CCC(COC=N)=NO,19,7,7,0.9863088946127238,0.9863088946127238,0.0,0.9811268585047691,0.010364072215833726,0.008509069279340462,-1737.5095308442717,0.0,True,3.92585487573244e-16,Greedy-Distance (k=7),Greedy-Distance,with_single_atom_contributions,False,True,False,True,True
17,N#CC12OCC(O1)C=C2,14,7,7,0.9789302781900281,0.9789302781900281,0.0,0.9697055972471156,0.018449361885738383,0.011845040867081005,-1500.7105462489424,0.0,True,1.5151068006521456e-16,Greedy-Distance (k=7),Greedy-Distance,with_single_atom_contributions,False,True,False,True,True
18,NC(=O)C(=O)C(O)CO,16,7,7,0.9774511910629977,0.9774511910629977,0.0,0.9712475168118273,0.012407348502256924,0.016345134685852768,-1543.56841988232,0.0,True,7.365195883592644e-16,Greedy-Distance (k=7),Greedy-Distance,with_single_atom_contributions,False,True,False,True,True
19,CC1=NCC(O1)C(N)=O,17,7,7,0.9850844654646641,0.9850844654646641,0.0,0.9811891282807602,0.007790674367729461,0.011020197351451648,-1678.2201106753193,0.0,True,1.3548501415092854e-16,Greedy-Distance (k=7),Greedy-Distance,with_single_atom_contributions,False,True,False,True,True
0,CC1=C(N)C=NO1,13,7,7,0.9758051842126618,0.9758051842126618,0.0,0.9670803201650415,0.01744972809513775,0.015469951739743523,-1261.5773353406917,0.0,True,5.406890304869291e-16,Metropolis-Hastings (k=7),Metropolis-Hastings,with_single_atom_contributions,False,False,True,False,True
1,CC#CC1CC(C)C1O,21,7,7,0.9890159758000866,0.9890159758000866,0.0,0.9842990911754542,0.009433769249199184,0.006267139575297592,-2019.579175708967,0.0,True,4.503387204186277e-16,Metropolis-Hastings (k=7),Metropolis-Hastings,with_single_atom_contributions,False,False,True,False,True
2,C1OC11C2C3CN2C13,15,7,7,0.988685576123674,0.988685576123674,0.0,0.9809622531915065,0.015446645864242388,0.003591100944181586,-1432.333978567099,0.0,True,1.587434766231545e-16,Metropolis-Hastings (k=7),Metropolis-Hastings,with_single_atom_contributions,False,False,True,False,True
3,C1NC2C3COCC12O3,18,7,7,0.9877021367667252,0.9877021367667252,0.0,0.9838411301210294,0.0077220132913142425,0.008436856587598322,-1709.9491432050593,0.0,True,3.989130489875952e-16,Metropolis-Hastings (k=7),Metropolis-Hastings,with_single_atom_contributions,False,False,True,False,True
4,O=C1CC2(CC1O2)C#C,15,7,7,0.9825733041637253,0.9825733041637253,0.0,0.9758364146410551,0.013473779045258316,0.010689806313624737,-1585.2289793332293,0.0,True,1.4343270177842348e-16,Metropolis-Hastings (k=7),Metropolis-Hastings,with_single_atom_contributions,False,False,True,False,True
5,CC1N2CC2(C#C)C1=O,16,7,7,0.9839982968663495,0.9839982968663495,0.0,0.9747055635764821,0.01858546657965423,0.006708969843803214,-1638.6151914305615,0.0,True,4.162789591460713e-16,Metropolis-Hastings (k=7),Metropolis-Hastings,with_single_atom_contributions,False,False,True,False,True
6,O=CC1OCC11CCO1,17,7,7,0.9833740025927585,0.9833740025927585,0.0,0.9765423610813614,0.013663283022715578,0.009794355895864021,-1653.7687905893724,0.0,True,2.7497637727482635e-16,Metropolis-Hastings (k=7),Metropolis-Hastings,with_single_atom_contributions,False,False,True,False,True
7,CC12COCC1(C)C2O,21,7,7,0.9808125964762032,0.9808125964762032,0.0,0.9749465304822426,0.011732131987855492,0.013321337529852664,-1980.9096562034208,0.0,True,0.0,Metropolis-Hastings (k=7),Metropolis-Hastings,with_single_atom_contributions,False,False,True,False,True
8,CNC(=O)CC1CN1,18,7,7,0.9928594288678348,0.9928594288678348,0.0,0.9899256779384922,0.005867501858606297,0.00420682020284218,-1669.6283676037929,0.0,True,1.3618220668443674e-16,Metropolis-Hastings (k=7),Metropolis-Hastings,with_single_atom_contributions,False,False,True,False,True
9,CC12C3C(CN13)OC2=O,16,7,7,0.9909197098220696,0.9909197098220696,0.0,0.9844468447175637,0.012945730208930101,0.0026074250734449776,-1618.1339928096172,0.0,True,4.2154792456047825e-16,Metropolis-Hastings (k=7),Metropolis-Hastings,with_single_atom_contributions,False,False,True,False,True
10,COC12C(C)C1CC2C,23,7,7,0.9870124490968797,0.9870124490968797,0.0,0.9811154426922857,0.011794012809127369,0.007090544498541382,-2142.2303783647435,0.0,True,8.491100779432902e-16,Metropolis-Hastings (k=7),Metropolis-Hastings,with_single_atom_contributions,False,False,True,False,True
11,CC1C2CC2(C)C1=NO,20,7,7,0.9841053147913522,0.9841053147913522,0.0,0.9758097781282079,0.01659107332621865,0.007599148545521023,-1884.4887779695775,0.0,True,4.826214474743677e-16,Metropolis-Hastings (k=7),Metropolis-Hastings,with_single_atom_contributions,False,False,True,False,True
12,NC(C#C)(C#N)C1CO1,15,7,7,0.982639246132539,0.982639246132539,0.0,0.9767995311259918,0.011679430013008902,0.011521038860935267,-1522.078526748084,0.0,True,0.0,Metropolis-Hastings (k=7),Metropolis-Hastings,with_single_atom_contributions,False,False,True,False,True
13,CCCC1=NC=NN=N1,17,7,7,0.98357444656877,0.98357444656877,0.0,0.9774039580171526,0.012340977103154505,0.010255064879632514,-1633.5341333303422,0.0,True,1.391912607174382e-16,Metropolis-Hastings (k=7),Metropolis-Hastings,with_single_atom_contributions,False,False,True,False,True
14,O=CC1=CC(=O)C(=O)C1,13,7,7,0.9776471468119414,0.9776471468119414,0.0,0.9682356836892922,0.018822926245208496,0.01294139006543196,-1468.7092323270667,0.0,True,1.5481190588211863e-16,Metropolis-Hastings (k=7),Metropolis-Hastings,with_single_atom_contributions,False,False,True,False,True
15,OC12C=CC3OC1C2O3,15,7,7,0.9820943311603854,0.9820943311603854,0.0,0.9722604726377789,0.019667717045128843,0.008071810317029244,-1539.7034466654081,0.0,True,1.476736808868284e-16,Metropolis-Hastings (k=7),Metropolis-Hastings,with_single_atom_contributions,False,False,True,False,True
16,CCC(COC=N)=NO,19,7,7,0.9870921601275094,0.9870921601275094,0.0,0.9798596828700636,0.014464954514816181,0.005675362615063734,-1737.5095308442717,0.0,True,1.3086182919108136e-16,Metropolis-Hastings (k=7),Metropolis-Hastings,with_single_atom_contributions,False,False,True,False,True
17,N#CC12OCC(O1)C=C2,14,7,7,0.981467781919716,0.981467781919716,0.0,0.9736735322104408,0.01558849941846283,0.010737968371030708,-1500.7105462489424,0.0,True,3.030213601304291e-16,Metropolis-Hastings (k=7),Metropolis-Hastings,with_single_atom_contributions,False,False,True,False,True
18,NC(=O)C(=O)C(O)CO,16,7,7,0.9783709039374745,0.9783709039374745,0.0,0.9693614894196577,0.018018829035550556,0.012619681544729582,-1543.56841988232,0.0,True,7.365195883592644e-16,Metropolis-Hastings (k=7),Metropolis-Hastings,with_single_atom_contributions,False,False,True,False,True
19,CC1=NCC(O1)C(N)=O,17,7,7,0.989526339694787,0.989526339694787,0.0,0.9842342037545939,0.010584271880307125,0.005181524365039869,-1678.2201106753193,0.0,True,1.3548501415092854e-16,Metropolis-Hastings (k=7),Metropolis-Hastings,with_single_atom_contributions,False,False,True,False,True
0,CC1=C(N)C=NO1,13,2,2,0.8425179333422405,0.8425179333422405,0.0,0.6850358666803315,0.3149641333072197,0.0,8.03289248474122,-1269.610227825433,True,2.211353933533149e-16,Distance (k=2),Distance,without_single_atom_contributions,False,False,False,False,False
1,CC#CC1CC(C)C1O,21,2,2,0.9076220058399974,0.9076220058399974,0.0,0.8152440116745271,0.18475598830906945,0.0,1.5235452888552419,-2021.1027209978224,True,2.040388619548127e-15,Distance (k=2),Distance,without_single_atom_contributions,False,False,False,False,False
2,C1OC11C2C3CN2C13,15,2,2,0.7578142945445286,0.7578142945445286,0.0,0.5156285890886994,0.4843714109102268,0.0,82.88587696587113,-1515.21985553297,True,1.71450857919212e-16,Distance (k=2),Distance,without_single_atom_contributions,False,False,False,False,False
3,C1NC2C3COCC12O3,18,2,2,0.9322351760690465,0.9322351760690465,0.0,0.8644703521371833,0.13552964786008725,0.0,36.63757831488394,-1746.5867215199432,True,1.939382373068867e-16,Distance (k=2),Distance,without_single_atom_contributions,False,False,False,False,False
4,O=C1CC2(CC1O2)C#C,15,2,2,0.6935371253762712,0.6935371253762712,0.0,0.38707425075079666,0.6129257492439664,0.0,4.312537059739271,-1589.5415163929686,True,6.178579388717609e-16,Distance (k=2),Distance,without_single_atom_contributions,False,False,False,False,False
5,CC1N2CC2(C#C)C1=O,16,2,2,0.9613224800853413,0.9613224800853413,0.0,0.9226449601691984,0.07735503982634949,0.0,18.986259179603863,-1657.6014506101653,True,1.3098417922256238e-15,Distance (k=2),Distance,without_single_atom_contributions,False,False,False,False,False
6,O=CC1OCC11CCO1,17,2,2,0.8807540609072108,0.8807540609072108,0.0,0.7615081218135055,0.23849187818374643,0.0,24.757996713375118,-1678.5267873027476,True,1.0044833610494817e-15,Distance (k=2),Distance,without_single_atom_contributions,False,False,False,False,False
7,CC12COCC1(C)C2O,21,2,2,0.9635071829176146,0.9635071829176146,0.0,0.9270143658309965,0.07298563415630556,0.0,-0.9582831744772141,-1979.9513730289436,True,4.750072339495479e-15,Distance (k=2),Distance,without_single_atom_contributions,False,False,False,False,False
8,CNC(=O)CC1CN1,18,2,2,0.9672221940081762,0.9672221940081762,0.0,0.9344443880156171,0.06555561198217673,0.0,2.6366930561521884,-1672.265060659945,True,3.3685317204217448e-15,Distance (k=2),Distance,without_single_atom_contributions,False,False,False,False,False
9,CC12C3C(CN13)OC2=O,16,2,2,0.8592941878188723,0.8592941878188723,0.0,0.7185883756290907,0.28141162434494704,0.0,-1.6838901683310934,-1616.450102641286,True,9.494212778436605e-15,Distance (k=2),Distance,without_single_atom_contributions,False,False,False,False,False
10,COC12C(C)C1CC2C,23,2,2,0.7599563565185393,0.7599563565185393,0.0,0.5199127130353615,0.48008728695948677,0.0,9.008961511740576,-2151.239339876484,True,5.915299461760044e-16,Distance (k=2),Distance,without_single_atom_contributions,False,False,False,False,False
11,CC1C2CC2(C)C1=NO,20,2,2,0.8279975472442082,0.8279975472442082,0.0,0.6559950944876551,0.344004905510061,0.0,33.38591039790339,-1917.874688367481,True,0.0,Distance (k=2),Distance,without_single_atom_contributions,False,False,False,False,False
12,NC(C#C)(C#N)C1CO1,15,2,2,0.91827576284629,0.91827576284629,0.0,0.8365515256917101,0.163448474305681,0.0,32.29489123173883,-1554.3734179798228,True,4.4003414079288894e-16,Distance (k=2),Distance,without_single_atom_contributions,False,False,False,False,False
13,CCCC1=NC=NN=N1,17,2,2,0.8957059986362547,0.8957059986362547,0.0,0.7914119972704007,0.2085880027232733,0.0,15.807805114993277,-1649.3419384453355,True,3.371164104947473e-16,Distance (k=2),Distance,without_single_atom_contributions,False,False,False,False,False
14,O=CC1=CC(=O)C(=O)C1,13,2,2,0.8964541451360869,0.8964541451360869,0.0,0.792908290271513,0.2070917097265051,0.0,-50.45568278163597,-1418.2535495454308,True,1.4082511554423034e-16,Distance (k=2),Distance,without_single_atom_contributions,False,False,False,False,False
15,OC12C=CC3OC1C2O3,15,2,2,0.8072720443274258,0.8072720443274258,0.0,0.614544088654359,0.3854559113441638,0.0,8.686721758681735,-1548.3901684240898,True,2.044910483755813e-15,Distance (k=2),Distance,without_single_atom_contributions,False,False,False,False,False
16,CCC(COC=N)=NO,19,2,2,0.9176128804492603,0.9176128804492603,0.0,0.8352257608978993,0.1647742391002376,0.0,35.985776923989086,-1773.4953077682608,True,9.872549608404575e-16,Distance (k=2),Distance,without_single_atom_contributions,False,False,False,False,False
17,N#CC12OCC(O1)C=C2,14,2,2,0.8735568737234999,0.8735568737234999,0.0,0.7471137474458556,0.2528862525507117,0.0,-14.397062486315564,-1486.313483762627,True,1.6039826828557879e-15,Distance (k=2),Distance,without_single_atom_contributions,False,False,False,False,False
18,NC(=O)C(=O)C(O)CO,16,2,2,0.8613450201127036,0.8613450201127036,0.0,0.7226900402242193,0.27730995977221673,0.0,-9.421013178792297,-1534.1474067035278,True,5.656578986791453e-16,Distance (k=2),Distance,without_single_atom_contributions,False,False,False,False,False
19,CC1=NCC(O1)C(N)=O,17,2,2,0.9618766351566084,0.9618766351566084,0.0,0.9237532703122607,0.07624672968487074,0.0,-34.86142178571703,-1643.3586888896023,True,6.114576222325875e-16,Distance (k=2),Distance,without_single_atom_contributions,False,False,False,False,False
0,CC1=C(N)C=NO1,13,2,2,0.9435898598186895,0.9128206290494587,0.3076923076923077,0.8871797196361687,0.11282028036020017,0.0,8.03289248474122,-1269.610227825433,True,2.211353933533149e-16,Random (k=2),Random,without_single_atom_contributions,False,False,False,False,False
1,CC#CC1CC(C)C1O,21,2,2,0.7089159690902384,0.6089159690902384,1.0,0.4178319381768813,0.5821680618123324,0.0,1.5235452888552419,-2021.1027209978224,True,2.1278338461001896e-14,Random (k=2),Random,without_single_atom_contributions,False,False,False,False,False
2,C1OC11C2C3CN2C13,15,2,2,0.6019025556846204,0.46856922235128706,1.3333333333333333,0.20380511136886595,0.7961948886300094,0.0,82.88587696587113,-1515.21985553297,True,5.14352573757636e-16,Random (k=2),Random,without_single_atom_contributions,False,False,False,False,False
3,C1NC2C3COCC12O3,18,2,2,0.7051100396406769,0.6273322618628991,0.7777777777777778,0.41022007928074494,0.5897799207174291,0.0,36.63757831488394,-1746.5867215199432,True,1.939382373068867e-16,Random (k=2),Random,without_single_atom_contributions,False,False,False,False,False
4,O=C1CC2(CC1O2)C#C,15,2,2,0.9264977808413503,0.8464977808413503,0.8,0.8529955616818844,0.14700443831566729,0.0,4.312537059739271,-1589.5415163929686,True,2.0595264629058696e-16,Random (k=2),Random,without_single_atom_contributions,False,False,False,False,False
5,CC1N2CC2(C#C)C1=O,16,2,2,0.825767064806425,0.7507670648064251,0.75,0.6515341296123182,0.3484658703860856,0.0,18.986259179603863,-1657.6014506101653,True,9.356012801611598e-16,Random (k=2),Random,without_single_atom_contributions,False,False,False,False,False
6,O=CC1OCC11CCO1,17,2,2,0.7477077994783691,0.7006489759489574,0.47058823529411764,0.495415598956077,0.5045844010419395,0.0,24.757996713375118,-1678.5267873027476,True,1.4349762300706882e-16,Random (k=2),Random,without_single_atom_contributions,False,False,False,False,False
7,CC12COCC1(C)C2O,21,2,2,0.7696153687134258,0.6934248925229496,0.7619047619047619,0.5392307374241223,0.46076926256768996,0.0,-0.9582831744772141,-1979.9513730289436,True,1.2396530251854055e-14,Random (k=2),Random,without_single_atom_contributions,False,False,False,False,False
8,CNC(=O)CC1CN1,18,2,2,0.7825010856416635,0.6991677523083302,0.8333333333333334,0.5650021712816837,0.4349978287133858,0.0,2.6366930561521884,-1672.265060659945,True,7.242343198906751e-15,Random (k=2),Random,without_single_atom_contributions,False,False,False,False,False
9,CC12C3C(CN13)OC2=O,16,2,2,0.7344373832661364,0.6469373832661364,0.875,0.4688747665310405,0.5311252334652627,0.0,-1.6838901683310934,-1616.450102641286,True,2.7163997671638066e-14,Random (k=2),Random,without_single_atom_contributions,False,False,False,False,False
10,COC12C(C)C1CC2C,23,2,2,0.9119939855729077,0.8206896377468207,0.9130434782608695,0.823987971144098,0.1760120288507501,0.0,9.008961511740576,-2151.239339876484,True,0.0,Random (k=2),Random,without_single_atom_contributions,False,False,False,False,False
11,CC1C2CC2(C)C1=NO,20,2,2,0.5767797643109306,0.4767797643109306,1.0,0.15355952862116934,0.8464404713767553,0.0,33.38591039790339,-1917.874688367481,True,1.9154441336496672e-15,Random (k=2),Random,without_single_atom_contributions,False,False,False,False,False
12,NC(C#C)(C#N)C1CO1,15,2,2,0.9760631627870061,0.9227298294536728,0.5333333333333333,0.952126325573079,0.04787367442412107,0.0,32.29489123173883,-1554.3734179798228,True,2.2001707039644447e-16,Random (k=2),Random,without_single_atom_contributions,False,False,False,False,False
13,CCCC1=NC=NN=N1,17,2,2,0.6508768779874076,0.5685239368109369,0.8235294117647058,0.30175375597324017,0.6982462440220348,0.0,15.807805114993277,-1649.3419384453355,True,2.2474427366316485e-16,Random (k=2),Random,without_single_atom_contributions,False,False,False,False,False
14,O=CC1=CC(=O)C(=O)C1,13,2,2,0.6482773763344235,0.6175081455651927,0.3076923076923077,0.29655475266818637,0.7034452473298316,0.0,-50.45568278163597,-1418.2535495454308,True,9.857758088096124e-16,Random (k=2),Random,without_single_atom_contributions,False,False,False,False,False
15,OC12C=CC3OC1C2O3,15,2,2,0.7668903711856375,0.7135570378523042,0.5333333333333333,0.5337807423674378,0.46621925762105054,0.0,8.686721758681735,-1548.3901684240898,True,8.179641935023252e-16,Random (k=2),Random,without_single_atom_contributions,False,False,False,False,False
16,CCC(COC=N)=NO,19,2,2,0.6346793709184297,0.560995160392114,0.7368421052631579,0.2693587418364322,0.7306412581622859,0.0,35.985776923989086,-1773.4953077682608,True,1.9745099216809149e-16,Random (k=2),Random,without_single_atom_contributions,False,False,False,False,False
17,N#CC12OCC(O1)C=C2,14,2,2,0.6163610198252902,0.602075305539576,0.14285714285714285,0.23272203964924765,0.7672779603467541,0.0,-14.397062486315564,-1486.313483762627,True,2.8378155158217785e-15,Random (k=2),Random,without_single_atom_contributions,False,False,False,False,False
18,NC(=O)C(=O)C(O)CO,16,2,2,0.8913784288784622,0.8226284288784622,0.6875,0.7827568577562062,0.2172431422416387,0.0,-9.421013178792297,-1534.1474067035278,True,0.0,Random (k=2),Random,without_single_atom_contributions,False,False,False,False,False
19,CC1=NCC(O1)C(N)=O,17,2,2,0.609800321695437,0.5392120864013193,0.7058823529411765,0.21960064339023427,0.7803993566078467,0.0,-34.86142178571703,-1643.3586888896023,True,4.07638414821725e-16,Random (k=2),Random,without_single_atom_contributions,False,False,False,False,False
0,CC1=C(N)C=NO1,13,2,2,0.9860077839395928,0.9398539377857467,0.46153846153846156,0.9720155678779753,0.0279844321183937,0.0,8.03289248474122,-1269.610227825433,True,6.634061800599447e-16,Greedy-Random (k=2),Greedy-Random,without_single_atom_contributions,True,False,False,True,True
1,CC#CC1CC(C)C1O,21,2,2,0.9678421670198546,0.9297469289246165,0.38095238095238093,0.9356843340348634,0.06431566595059905,0.0,1.5235452888552419,-2021.1027209978224,True,3.0605829293221906e-15,Greedy-Random (k=2),Greedy-Random,without_single_atom_contributions,True,False,False,True,True
2,C1OC11C2C3CN2C13,15,2,2,0.969966228177296,0.929966228177296,0.4,0.9399324563542348,0.06006754364469312,0.0,82.88587696587113,-1515.21985553297,True,1.028705147515272e-15,Greedy-Random (k=2),Greedy-Random,without_single_atom_contributions,True,False,False,True,True
3,C1NC2C3COCC12O3,18,2,2,0.9986126122405473,0.9097237233516584,0.8888888888888888,0.9972252244804214,0.0027747755175581566,0.0,36.63757831488394,-1746.5867215199432,True,7.757529492275468e-16,Greedy-Random (k=2),Greedy-Random,without_single_atom_contributions,True,False,False,True,True
4,O=C1CC2(CC1O2)C#C,15,2,2,0.9981745651307709,0.9848412317974375,0.13333333333333333,0.996349130260781,0.003650869736936963,0.0,4.312537059739271,-1589.5415163929686,True,1.4416685240341087e-15,Greedy-Random (k=2),Greedy-Random,without_single_atom_contributions,True,False,False,True,True
5,CC1N2CC2(C#C)C1=O,16,2,2,0.9998430077307009,0.9185930077307009,0.8125,0.9996860154596473,0.00031398453508913945,0.0,18.986259179603863,-1657.6014506101653,True,9.356012801611598e-16,Greedy-Random (k=2),Greedy-Random,without_single_atom_contributions,True,False,False,True,True
6,O=CC1OCC11CCO1,17,2,2,0.9966407783976944,0.9378172489859297,0.5882352941176471,0.9932815567940605,0.006718443201954755,0.0,24.757996713375118,-1678.5267873027476,True,1.4349762300706882e-16,Greedy-Random (k=2),Greedy-Random,without_single_atom_contributions,True,False,False,True,True
7,CC12COCC1(C)C2O,21,2,2,0.9869367608357776,0.8964605703595871,0.9047619047619048,0.9738735216670928,0.02612647831951978,0.0,-0.9582831744772141,-1979.9513730289436,True,2.0853976124614298e-14,Greedy-Random (k=2),Greedy-Random,without_single_atom_contributions,True,False,False,True,True
8,CNC(=O)CC1CN1,18,2,2,0.9969371274478007,0.9302704607811341,0.6666666666666666,0.9938742548938752,0.0061257451009463695,0.0,2.6366930561521884,-1672.265060659945,True,1.6842658602108724e-16,Greedy-Random (k=2),Greedy-Random,without_single_atom_contributions,True,False,False,True,True
9,CC12C3C(CN13)OC2=O,16,2,2,0.9924570889733761,0.9112070889733761,0.8125,0.9849141779443349,0.015085822048412913,0.0,-1.6838901683310934,-1616.450102641286,True,4.087786057382427e-15,Greedy-Random (k=2),Greedy-Random,without_single_atom_contributions,True,False,False,True,True
10,COC12C(C)C1CC2C,23,2,2,0.9959170316951562,0.9002648577821127,0.9565217391304348,0.991834063388133,0.008165936605328885,0.0,9.008961511740576,-2151.239339876484,True,6.309652759210714e-15,Greedy-Random (k=2),Greedy-Random,without_single_atom_contributions,True,False,False,True,True
11,CC1C2CC2(C)C1=NO,20,2,2,0.9959238004645602,0.9159238004645602,0.8,0.9918476009281381,0.008152399068915466,0.0,33.38591039790339,-1917.874688367481,True,6.384813778832224e-16,Greedy-Random (k=2),Greedy-Random,without_single_atom_contributions,True,False,False,True,True
12,NC(C#C)(C#N)C1CO1,15,2,2,0.9924659686662286,0.9391326353328953,0.5333333333333333,0.9849319373314251,0.015068062665478365,0.0,32.29489123173883,-1554.3734179798228,True,2.2001707039644447e-16,Greedy-Random (k=2),Greedy-Random,without_single_atom_contributions,True,False,False,True,True
13,CCCC1=NC=NN=N1,17,2,2,0.9972375054705358,0.9031198584117123,0.9411764705882353,0.9944750109400494,0.0055249890568835605,0.0,15.807805114993277,-1649.3419384453355,True,4.494885473263297e-16,Greedy-Random (k=2),Greedy-Random,without_single_atom_contributions,True,False,False,True,True
14,O=CC1=CC(=O)C(=O)C1,13,2,2,0.9875097129441617,0.9721250975595463,0.15384615384615385,0.9750194258876956,0.024980574110421434,0.0,-50.45568278163597,-1418.2535495454308,True,1.1266009243538427e-15,Greedy-Random (k=2),Greedy-Random,without_single_atom_contributions,True,False,False,True,True
15,OC12C=CC3OC1C2O3,15,2,2,0.9937328472342831,0.9137328472342832,0.8,0.9874656944648251,0.012534305523951602,0.0,8.686721758681735,-1548.3901684240898,True,0.0,Greedy-Random (k=2),Greedy-Random,without_single_atom_contributions,True,False,False,True,True
16,CCC(COC=N)=NO,19,2,2,0.9975140734570472,0.9448824945096788,0.5263157894736842,0.9950281469133362,0.0049718530843889785,0.0,35.985776923989086,-1773.4953077682608,True,1.9745099216809149e-16,Greedy-Random (k=2),Greedy-Random,without_single_atom_contributions,True,False,False,True,True
17,N#CC12OCC(O1)C=C2,14,2,2,0.9848250991872655,0.9848250991872655,0.0,0.9696501983729654,0.030349801622337573,0.0,-14.397062486315564,-1486.313483762627,True,9.870662663727925e-16,Greedy-Random (k=2),Greedy-Random,without_single_atom_contributions,True,False,False,True,True
18,NC(=O)C(=O)C(O)CO,16,2,2,0.9855097801399899,0.91050978013999,0.75,0.9710195602789569,0.028980439717974458,0.0,-9.421013178792297,-1534.1474067035278,True,7.542105315721938e-16,Greedy-Random (k=2),Greedy-Random,without_single_atom_contributions,True,False,False,True,True
19,CC1=NCC(O1)C(N)=O,17,2,2,0.9728982232784618,0.9081923409255206,0.6470588235294118,0.9457964465559674,0.05420355344116398,0.0,-34.86142178571703,-1643.3586888896023,True,2.038192074108625e-16,Greedy-Random (k=2),Greedy-Random,without_single_atom_contributions,True,False,False,True,True
0,CC1=C(N)C=NO1,13,2,2,0.8425179333422405,0.8425179333422405,0.0,0.6850358666803315,0.3149641333072197,0.0,8.03289248474122,-1269.610227825433,True,2.211353933533149e-16,Greedy-Distance (k=2),Greedy-Distance,without_single_atom_contributions,False,True,False,True,True
1,CC#CC1CC(C)C1O,21,2,2,0.9076220058399974,0.9076220058399974,0.0,0.8152440116745271,0.18475598830906945,0.0,1.5235452888552419,-2021.1027209978224,True,2.040388619548127e-15,Greedy-Distance (k=2),Greedy-Distance,without_single_atom_contributions,False,True,False,True,True
2,C1OC11C2C3CN2C13,15,2,2,0.976929377140776,0.976929377140776,0.0,0.9538587542811867,0.046141245717718084,0.0,82.88587696587113,-1515.21985553297,True,8.5725428959606e-16,Greedy-Distance (k=2),Greedy-Distance,without_single_atom_contributions,False,True,False,True,True
3,C1NC2C3COCC12O3,18,2,2,0.969710343195715,0.969710343195715,0.0,0.9394206863908051,0.06057931360732016,0.0,36.63757831488394,-1746.5867215199432,True,3.878764746137734e-16,Greedy-Distance (k=2),Greedy-Distance,without_single_atom_contributions,False,True,False,True,True
4,O=C1CC2(CC1O2)C#C,15,2,2,0.9999070168070209,0.9532403501403542,0.4666666666666667,0.9998140336069382,0.00018596637175154735,0.0,4.312537059739271,-1589.5415163929686,True,2.0595264629058696e-16,Greedy-Distance (k=2),Greedy-Distance,without_single_atom_contributions,False,True,False,True,True
5,CC1N2CC2(C#C)C1=O,16,2,2,0.9613224800853413,0.9613224800853413,0.0,0.9226449601691984,0.07735503982634949,0.0,18.986259179603863,-1657.6014506101653,True,1.3098417922256238e-15,Greedy-Distance (k=2),Greedy-Distance,without_single_atom_contributions,False,True,False,True,True
6,O=CC1OCC11CCO1,17,2,2,0.973521825169774,0.9617571192874211,0.11764705882352941,0.9470436503385999,0.05295634965855574,0.0,24.757996713375118,-1678.5267873027476,True,4.3049286902120643e-16,Greedy-Distance (k=2),Greedy-Distance,without_single_atom_contributions,False,True,False,True,True
7,CC12COCC1(C)C2O,21,2,2,0.9635071829176146,0.9635071829176146,0.0,0.9270143658309965,0.07298563415630556,0.0,-0.9582831744772141,-1979.9513730289436,True,4.750072339495479e-15,Greedy-Distance (k=2),Greedy-Distance,without_single_atom_contributions,False,True,False,True,True
8,CNC(=O)CC1CN1,18,2,2,0.9672221940081762,0.9672221940081762,0.0,0.9344443880156171,0.06555561198217673,0.0,2.6366930561521884,-1672.265060659945,True,3.3685317204217448e-15,Greedy-Distance (k=2),Greedy-Distance,without_single_atom_contributions,False,True,False,True,True
9,CC12C3C(CN13)OC2=O,16,2,2,0.8592941878188723,0.8592941878188723,0.0,0.7185883756290907,0.28141162434494704,0.0,-1.6838901683310934,-1616.450102641286,True,9.494212778436605e-15,Greedy-Distance (k=2),Greedy-Distance,without_single_atom_contributions,False,True,False,True,True
10,COC12C(C)C1CC2C,23,2,2,0.9662769411412847,0.9401899846195456,0.2608695652173913,0.9325538822802488,0.06744611771278942,0.0,9.008961511740576,-2151.239339876484,True,3.943532974506696e-15,Greedy-Distance (k=2),Greedy-Distance,without_single_atom_contributions,False,True,False,True,True
11,CC1C2CC2(C)C1=NO,20,2,2,0.9984627688644842,0.9684627688644841,0.3,0.9969255377279812,0.0030744622690570813,0.0,33.38591039790339,-1917.874688367481,True,2.1282712596107412e-16,Greedy-Distance (k=2),Greedy-Distance,without_single_atom_contributions,False,True,False,True,True
12,NC(C#C)(C#N)C1CO1,15,2,2,0.9514208170305256,0.9514208170305256,0.0,0.9028416340600192,0.09715836593688426,0.0,32.29489123173883,-1554.3734179798228,True,2.2001707039644447e-16,Greedy-Distance (k=2),Greedy-Distance,without_single_atom_contributions,False,True,False,True,True
13,CCCC1=NC=NN=N1,17,2,2,0.9867729716625472,0.9632435598978413,0.23529411764705882,0.9735459433238227,0.026454056672361937,0.0,15.807805114993277,-1649.3419384453355,True,2.2474427366316485e-16,Greedy-Distance (k=2),Greedy-Distance,without_single_atom_contributions,False,True,False,True,True
14,O=CC1=CC(=O)C(=O)C1,13,2,2,0.9997279107949852,0.953574064641139,0.46153846153846156,0.9994558215893097,0.000544178408708326,0.0,-50.45568278163597,-1418.2535495454308,True,2.8165023108846067e-16,Greedy-Distance (k=2),Greedy-Distance,without_single_atom_contributions,False,True,False,True,True
15,OC12C=CC3OC1C2O3,15,2,2,0.990905550446573,0.9775722171132397,0.13333333333333333,0.9818111008923518,0.018188899105265395,0.0,8.686721758681735,-1548.3901684240898,True,6.134731451267439e-16,Greedy-Distance (k=2),Greedy-Distance,without_single_atom_contributions,False,True,False,True,True
16,CCC(COC=N)=NO,19,2,2,0.9829690319774903,0.9724427161880166,0.10526315789473684,0.9659380639540545,0.03406193604316662,0.0,35.985776923989086,-1773.4953077682608,True,1.9745099216809149e-16,Greedy-Distance (k=2),Greedy-Distance,without_single_atom_contributions,False,True,False,True,True
17,N#CC12OCC(O1)C=C2,14,2,2,0.9848250991872655,0.9848250991872655,0.0,0.9696501983729654,0.030349801622337573,0.0,-14.397062486315564,-1486.313483762627,True,9.870662663727925e-16,Greedy-Distance (k=2),Greedy-Distance,without_single_atom_contributions,False,True,False,True,True
18,NC(=O)C(=O)C(O)CO,16,2,2,0.9187550249626892,0.8875050249626892,0.3125,0.837510049923958,0.1624899500717806,0.0,-9.421013178792297,-1534.1474067035278,True,9.427631644652422e-16,Greedy-Distance (k=2),Greedy-Distance,without_single_atom_contributions,False,True,False,True,True
19,CC1=NCC(O1)C(N)=O,17,2,2,0.9618766351566084,0.9618766351566084,0.0,0.9237532703122607,0.07624672968487074,0.0,-34.86142178571703,-1643.3586888896023,True,6.114576222325875e-16,Greedy-Distance (k=2),Greedy-Distance,without_single_atom_contributions,False,True,False,True,True
0,CC1=C(N)C=NO1,13,2,2,0.9823851507766713,0.9670005353920559,0.15384615384615385,0.964770301552573,0.03522969844511871,0.0,8.03289248474122,-1269.610227825433,True,2.211353933533149e-16,Metropolis-Hastings (k=2),Metropolis-Hastings,without_single_atom_contributions,False,False,True,False,True
1,CC#CC1CC(C)C1O,21,2,2,0.9925685712305355,0.9592352378972022,0.3333333333333333,0.9851371424398427,0.014862857496471978,0.0,1.5235452888552419,-2021.1027209978224,True,2.914840885068753e-15,Metropolis-Hastings (k=2),Metropolis-Hastings,without_single_atom_contributions,False,False,True,False,True
2,C1OC11C2C3CN2C13,15,2,2,0.976929377140776,0.976929377140776,0.0,0.9538587542811867,0.046141245717718084,0.0,82.88587696587113,-1515.21985553297,True,8.5725428959606e-16,Metropolis-Hastings (k=2),Metropolis-Hastings,without_single_atom_contributions,False,False,True,False,True
3,C1NC2C3COCC12O3,18,2,2,0.9838948399701408,0.9838948399701408,0.0,0.9677896799394304,0.032210320058016,0.0,36.63757831488394,-1746.5867215199432,True,3.878764746137734e-16,Metropolis-Hastings (k=2),Metropolis-Hastings,without_single_atom_contributions,False,False,True,False,True
4,O=C1CC2(CC1O2)C#C,15,2,2,0.9987039011519911,0.9987039011519911,0.0,0.9974078023030295,0.0025921976941124733,0.0,4.312537059739271,-1589.5415163929686,True,5.560721449845848e-15,Metropolis-Hastings (k=2),Metropolis-Hastings,without_single_atom_contributions,False,False,True,False,True
5,CC1N2CC2(C#C)C1=O,16,2,2,0.9613224800853413,0.9613224800853413,0.0,0.9226449601691984,0.07735503982634949,0.0,18.986259179603863,-1657.6014506101653,True,1.3098417922256238e-15,Metropolis-Hastings (k=2),Metropolis-Hastings,without_single_atom_contributions,False,False,True,False,True
6,O=CC1OCC11CCO1,17,2,2,0.9675787482996937,0.9675787482996937,0.0,0.9351574965982157,0.0648425033982691,0.0,24.757996713375118,-1678.5267873027476,True,4.3049286902120643e-16,Metropolis-Hastings (k=2),Metropolis-Hastings,without_single_atom_contributions,False,False,True,False,True
7,CC12COCC1(C)C2O,21,2,2,0.9635071829176146,0.9635071829176146,0.0,0.9270143658309965,0.07298563415630556,0.0,-0.9582831744772141,-1979.9513730289436,True,4.750072339495479e-15,Metropolis-Hastings (k=2),Metropolis-Hastings,without_single_atom_contributions,False,False,True,False,True
8,CNC(=O)CC1CN1,18,2,2,0.9972655505223741,0.986154439411263,0.1111111111111111,0.9945311010440209,0.0054688989537971305,0.0,2.6366930561521884,-1672.265060659945,True,9.09503564513871e-15,Metropolis-Hastings (k=2),Metropolis-Hastings,without_single_atom_contributions,False,False,True,False,True
9,CC12C3C(CN13)OC2=O,16,2,2,0.9964433283212228,0.9964433283212228,0.0,0.9928866566416934,0.007113343356050192,0.0,-1.6838901683310934,-1616.450102641286,True,1.582368796406101e-15,Metropolis-Hastings (k=2),Metropolis-Hastings,without_single_atom_contributions,False,False,True,False,True
10,COC12C(C)C1CC2C,23,2,2,0.9816227467245605,0.9642314423767344,0.17391304347826086,0.9632454934475854,0.036754506547807694,0.0,9.008961511740576,-2151.239339876484,True,2.3661197847040177e-15,Metropolis-Hastings (k=2),Metropolis-Hastings,without_single_atom_contributions,False,False,True,False,True
11,CC1C2CC2(C)C1=NO,20,2,2,0.9918393883323101,0.9618393883323101,0.3,0.9836787766636544,0.0163212233334479,0.0,33.38591039790339,-1917.874688367481,True,2.1282712596107412e-16,Metropolis-Hastings (k=2),Metropolis-Hastings,without_single_atom_contributions,False,False,True,False,True
12,NC(C#C)(C#N)C1CO1,15,2,2,0.9514208170305256,0.9514208170305256,0.0,0.9028416340600192,0.09715836593688426,0.0,32.29489123173883,-1554.3734179798228,True,2.2001707039644447e-16,Metropolis-Hastings (k=2),Metropolis-Hastings,without_single_atom_contributions,False,False,True,False,True
13,CCCC1=NC=NN=N1,17,2,2,0.9867729716625472,0.9632435598978413,0.23529411764705882,0.9735459433238227,0.026454056672361937,0.0,15.807805114993277,-1649.3419384453355,True,2.2474427366316485e-16,Metropolis-Hastings (k=2),Metropolis-Hastings,without_single_atom_contributions,False,False,True,False,True
14,O=CC1=CC(=O)C(=O)C1,13,2,2,0.9913606920137719,0.9913606920137719,0.0,0.9827213840269058,0.017278615971180727,0.0,-50.45568278163597,-1418.2535495454308,True,2.8165023108846067e-16,Metropolis-Hastings (k=2),Metropolis-Hastings,without_single_atom_contributions,False,False,True,False,True
15,OC12C=CC3OC1C2O3,15,2,2,0.9865643693209663,0.9865643693209663,0.0,0.9731287386401608,0.02687126135452465,0.0,8.686721758681735,-1548.3901684240898,True,8.179641935023252e-16,Metropolis-Hastings (k=2),Metropolis-Hastings,without_single_atom_contributions,False,False,True,False,True
16,CCC(COC=N)=NO,19,2,2,0.9860889325325494,0.9755626167430757,0.10526315789473684,0.9721778650641723,0.027822134933048755,0.0,35.985776923989086,-1773.4953077682608,True,1.9745099216809149e-16,Metropolis-Hastings (k=2),Metropolis-Hastings,without_single_atom_contributions,False,False,True,False,True
17,N#CC12OCC(O1)C=C2,14,2,2,0.9995663395160784,0.9995663395160784,0.0,0.9991326790298414,0.0008673209632127155,0.0,-14.397062486315564,-1486.313483762627,True,0.0,Metropolis-Hastings (k=2),Metropolis-Hastings,without_single_atom_contributions,False,False,True,False,True
18,NC(=O)C(=O)C(O)CO,16,2,2,0.9922130001571713,0.9797130001571713,0.125,0.9844260003134181,0.015573999683808674,0.0,-9.421013178792297,-1534.1474067035278,True,3.771052657860969e-16,Metropolis-Hastings (k=2),Metropolis-Hastings,without_single_atom_contributions,False,False,True,False,True
19,CC1=NCC(O1)C(N)=O,17,2,2,0.9618766351566084,0.9618766351566084,0.0,0.9237532703122607,0.07624672968487074,0.0,-34.86142178571703,-1643.3586888896023,True,6.114576222325875e-16,Metropolis-Hastings (k=2),Metropolis-Hastings,without_single_atom_contributions,False,False,True,False,True
0,CC1=C(N)C=NO1,13,3,3,0.6438973086950436,0.6438973086950436,0.0,0.493145013682033,0.30150459001943175,0.2053503962935933,8.03289248474122,-1269.610227825433,True,4.422707867066298e-16,Distance (k=3),Distance,without_single_atom_contributions,False,False,False,False,False
1,CC#CC1CC(C)C1O,21,3,3,0.5850718486648862,0.5850718486648862,0.0,0.38223587908469214,0.4056719391560289,0.2120921817560096,1.5235452888552419,-2021.1027209978224,True,2.040388619548127e-15,Distance (k=3),Distance,without_single_atom_contributions,False,False,False,False,False
2,C1OC11C2C3CN2C13,15,3,3,0.5942760693632705,0.5942760693632705,0.0,0.29268890687922394,0.6031743249669616,0.10413676815296585,82.88587696587113,-1515.21985553297,True,0.0,Distance (k=3),Distance,without_single_atom_contributions,False,False,False,False,False
3,C1NC2C3COCC12O3,18,3,3,0.8757318275142693,0.8757318275142693,0.0,0.7787411539955109,0.193981347034461,0.027277498967736263,36.63757831488394,-1746.5867215199432,True,3.878764746137734e-16,Distance (k=3),Distance,without_single_atom_contributions,False,False,False,False,False
4,O=C1CC2(CC1O2)C#C,15,3,3,0.8030965098168933,0.8030965098168933,0.0,0.6434109328107371,0.3193711540074083,0.037217913178176604,4.312537059739271,-1589.5415163929686,True,1.6476211703246957e-15,Distance (k=3),Distance,without_single_atom_contributions,False,False,False,False,False
5,CC1N2CC2(C#C)C1=O,16,3,3,0.8957802423774693,0.8957802423774693,0.0,0.7942464346744382,0.20306761540309323,0.002685949920241906,18.986259179603863,-1657.6014506101653,True,0.0,Distance (k=3),Distance,without_single_atom_contributions,False,False,False,False,False
6,O=CC1OCC11CCO1,17,3,3,0.7527550477367569,0.7527550477367569,0.0,0.5921028461261819,0.3213044032176361,0.08659275065354653,24.757996713375118,-1678.5267873027476,True,4.3049286902120643e-16,Distance (k=3),Distance,without_single_atom_contributions,False,False,False,False,False
7,CC12COCC1(C)C2O,21,3,3,0.5041124362134203,0.5041124362134203,0.0,0.32741497319444196,0.35339492603502626,0.3191901007683339,-0.9582831744772141,-1979.9513730289436,True,2.4329638812050013e-15,Distance (k=3),Distance,without_single_atom_contributions,False,False,False,False,False
8,CNC(=O)CC1CN1,18,3,3,0.9291370278271898,0.9291370278271898,0.0,0.8786523833399708,0.10096928897161653,0.020378327686296598,2.6366930561521884,-1672.265060659945,True,6.73706344084349e-16,Distance (k=3),Distance,without_single_atom_contributions,False,False,False,False,False
9,CC12C3C(CN13)OC2=O,16,3,3,0.7514039022916803,0.7514039022916803,0.0,0.6148869938267153,0.2730338169180637,0.11207918924632115,-1.6838901683310934,-1616.450102641286,True,6.856931451093104e-15,Distance (k=3),Distance,without_single_atom_contributions,False,False,False,False,False
10,COC12C(C)C1CC2C,23,3,3,0.5069075286977358,0.5069075286977358,0.0,0.19837243927008835,0.6170701788518295,0.1845573818754831,9.008961511740576,-2151.239339876484,True,1.5774131898026784e-15,Distance (k=3),Distance,without_single_atom_contributions,False,False,False,False,False
11,CC1C2CC2(C)C1=NO,20,3,3,0.7858908449672345,0.7858908449672345,0.0,0.7040460820666212,0.16368952579872004,0.13226439213277902,33.38591039790339,-1917.874688367481,True,4.2565425192214824e-16,Distance (k=3),Distance,without_single_atom_contributions,False,False,False,False,False
12,NC(C#C)(C#N)C1CO1,15,3,3,0.5638926114486128,0.5638926114486128,0.0,0.25335817711065295,0.6210688686732186,0.1255729542141026,32.29489123173883,-1554.3734179798228,True,0.0,Distance (k=3),Distance,without_single_atom_contributions,False,False,False,False,False
13,CCCC1=NC=NN=N1,17,3,3,0.7387193738434847,0.7387193738434847,0.0,0.6434139622667752,0.19061082314990724,0.16597521458068357,15.807805114993277,-1649.3419384453355,True,1.2360935051474068e-15,Distance (k=3),Distance,without_single_atom_contributions,False,False,False,False,False
14,O=CC1=CC(=O)C(=O)C1,13,3,3,0.8296530894779304,0.8296530894779304,0.0,0.7450241463009232,0.16925788635209602,0.08571796734554206,-50.45568278163597,-1418.2535495454308,True,1.1266009243538427e-15,Distance (k=3),Distance,without_single_atom_contributions,False,False,False,False,False
15,OC12C=CC3OC1C2O3,15,3,3,0.618771710613066,0.618771710613066,0.0,0.24368847546023847,0.7501664703020646,0.006145054235004043,8.686721758681735,-1548.3901684240898,True,1.2269462902534879e-15,Distance (k=3),Distance,without_single_atom_contributions,False,False,False,False,False
16,CCC(COC=N)=NO,19,3,3,0.9052192879894863,0.9052192879894863,0.0,0.8953990488304931,0.01964047831442636,0.08496047285241068,35.985776923989086,-1773.4953077682608,True,0.0,Distance (k=3),Distance,without_single_atom_contributions,False,False,False,False,False
17,N#CC12OCC(O1)C=C2,14,3,3,0.47033464567759703,0.47033464567759703,0.0,0.14294856460270483,0.6547721621443372,0.20227927324887252,-14.397062486315564,-1486.313483762627,True,0.0,Distance (k=3),Distance,without_single_atom_contributions,False,False,False,False,False
18,NC(=O)C(=O)C(O)CO,16,3,3,0.8962495196563358,0.8962495196563358,0.0,0.8344884432906077,0.12352215272867302,0.041989403978631816,-9.421013178792297,-1534.1474067035278,True,1.1313157973582906e-15,Distance (k=3),Distance,without_single_atom_contributions,False,False,False,False,False
19,CC1=NCC(O1)C(N)=O,17,3,3,0.8077739676530477,0.8077739676530477,0.0,0.754621165867408,0.10630560356802166,0.1390732305621271,-34.86142178571703,-1643.3586888896023,True,4.07638414821725e-16,Distance (k=3),Distance,without_single_atom_contributions,False,False,False,False,False
0,CC1=C(N)C=NO1,13,3,3,0.4393419708741883,0.3316496631818806,1.0769230769230769,0.10218065619419388,0.6743226293582008,0.22349671444626434,8.03289248474122,-1269.610227825433,True,8.845415734132596e-16,Random (k=3),Random,without_single_atom_contributions,False,False,False,False,False
1,CC#CC1CC(C)C1O,21,3,3,0.5856225778771972,0.4713368635914829,1.1428571428571428,0.4165690587918426,0.3381070381671868,0.24532390303832888,1.5235452888552419,-2021.1027209978224,True,6.704134035658132e-15,Random (k=3),Random,without_single_atom_contributions,False,False,False,False,False
2,C1OC11C2C3CN2C13,15,3,3,0.6256607859842914,0.532327452650958,0.9333333333333333,0.465589840856297,0.3201418902545913,0.21426826888806355,82.88587696587113,-1515.21985553297,True,5.14352573757636e-16,Random (k=3),Random,without_single_atom_contributions,False,False,False,False,False
3,C1NC2C3COCC12O3,18,3,3,0.6153954908398527,0.537617713062075,0.7777777777777778,0.40992272251672734,0.41094553664343436,0.179131740837726,36.63757831488394,-1746.5867215199432,True,3.878764746137734e-16,Random (k=3),Random,without_single_atom_contributions,False,False,False,False,False
4,O=C1CC2(CC1O2)C#C,15,3,3,0.7883931154812686,0.7350597821479352,0.5333333333333333,0.677865931097731,0.22105436876490678,0.10107970013573597,4.312537059739271,-1589.5415163929686,True,2.2654791091964565e-15,Random (k=3),Random,without_single_atom_contributions,False,False,False,False,False
5,CC1N2CC2(C#C)C1=O,16,3,3,0.7317920770040751,0.6317920770040751,1.0,0.6978989770967126,0.06778619981111488,0.23431482308946483,18.986259179603863,-1657.6014506101653,True,7.484810241289279e-16,Random (k=3),Random,without_single_atom_contributions,False,False,False,False,False
6,O=CC1OCC11CCO1,17,3,3,0.47485598070816987,0.39838539247287574,0.7647058823529411,0.16391476868325494,0.6218824240482164,0.21420280726731852,24.757996713375118,-1678.5267873027476,True,1.4349762300706882e-16,Random (k=3),Random,without_single_atom_contributions,False,False,False,False,False
7,CC12COCC1(C)C2O,21,3,3,0.8031712052244225,0.6888854909387082,1.1428571428571428,0.6544175834591027,0.2975072435234014,0.04807517301206738,-0.9582831744772141,-1979.9513730289436,True,1.0890409753965244e-14,Random (k=3),Random,without_single_atom_contributions,False,False,False,False,False
8,CNC(=O)CC1CN1,18,3,3,0.5741007909291159,0.4629896798180048,1.1111111111111112,0.3640934312080376,0.42001471943812796,0.21589184935081285,2.6366930561521884,-1672.265060659945,True,5.052797580632617e-16,Random (k=3),Random,without_single_atom_contributions,False,False,False,False,False
9,CC12C3C(CN13)OC2=O,16,3,3,0.49605399239537523,0.3960539923953752,1.0,0.1603300976209456,0.6714477895475618,0.1682221128305195,-1.6838901683310934,-1616.450102641286,True,1.6614872362264057e-14,Random (k=3),Random,without_single_atom_contributions,False,False,False,False,False
10,COC12C(C)C1CC2C,23,3,3,0.4338115043649781,0.35555063479976073,0.782608695652174,0.15599925542658968,0.5556244978751302,0.28837624669704515,9.008961511740576,-2151.239339876484,True,7.098359354112053e-15,Random (k=3),Random,without_single_atom_contributions,False,False,False,False,False
11,CC1C2CC2(C)C1=NO,20,3,3,0.494172848767292,0.404172848767292,0.9,0.27799809311162954,0.4323495113086902,0.2896523955777042,33.38591039790339,-1917.874688367481,True,0.0,Random (k=3),Random,without_single_atom_contributions,False,False,False,False,False
12,NC(C#C)(C#N)C1CO1,15,3,3,0.7905624021371546,0.6972290688038212,0.9333333333333333,0.716465532172054,0.14819373992710103,0.13534072789851986,32.29489123173883,-1554.3734179798228,True,2.2001707039644447e-16,Random (k=3),Random,without_single_atom_contributions,False,False,False,False,False
13,CCCC1=NC=NN=N1,17,3,3,0.3791171332008932,0.2555877214361873,1.2352941176470589,0.06483294320768926,0.6285683799850731,0.30659867680623654,15.807805114993277,-1649.3419384453355,True,1.2360935051474068e-15,Random (k=3),Random,without_single_atom_contributions,False,False,False,False,False
14,O=CC1=CC(=O)C(=O)C1,13,3,3,0.7907648535511403,0.7292263920126788,0.6153846153846154,0.6835708747603528,0.21438795757968745,0.102041167658544,-50.45568278163597,-1418.2535495454308,True,2.8165023108846067e-16,Random (k=3),Random,without_single_atom_contributions,False,False,False,False,False
15,OC12C=CC3OC1C2O3,15,3,3,0.4338491937023294,0.34051586036899606,0.9333333333333333,0.17321776524592492,0.521262856911274,0.3055193778416499,8.686721758681735,-1548.3901684240898,True,3.271856774009301e-15,Random (k=3),Random,without_single_atom_contributions,False,False,False,False,False
16,CCC(COC=N)=NO,19,3,3,0.49212673818138947,0.3763372644971789,1.1578947368421053,0.07158291820045345,0.8410876399599209,0.08732944183816224,35.985776923989086,-1773.4953077682608,True,5.923529765042744e-16,Random (k=3),Random,without_single_atom_contributions,False,False,False,False,False
17,N#CC12OCC(O1)C=C2,14,3,3,0.5261020855992402,0.41181637131352594,1.1428571428571428,0.4273008126192834,0.1976025459550519,0.37509664142201843,-14.397062486315564,-1486.313483762627,True,0.0,Random (k=3),Random,without_single_atom_contributions,False,False,False,False,False
18,NC(=O)C(=O)C(O)CO,16,3,3,0.737829553513782,0.637829553513782,1.0,0.5562312771104764,0.363196552802814,0.0805721700838617,-9.421013178792297,-1534.1474067035278,True,7.542105315721938e-16,Random (k=3),Random,without_single_atom_contributions,False,False,False,False,False
19,CC1=NCC(O1)C(N)=O,17,3,3,0.6473169687851151,0.5884934393733504,0.5882352941176471,0.3868132615900656,0.521007414387584,0.09217932402046419,-34.86142178571703,-1643.3586888896023,True,0.0,Random (k=3),Random,without_single_atom_contributions,False,False,False,False,False
0,CC1=C(N)C=NO1,13,3,3,0.9271772265215074,0.8964079957522766,0.3076923076923077,0.9070678710475587,0.0402187109452689,0.052713418005200983,8.03289248474122,-1269.610227825433,True,2.211353933533149e-16,Greedy-Random (k=3),Greedy-Random,without_single_atom_contributions,True,False,False,True,True
1,CC#CC1CC(C)C1O,21,3,3,0.7663332357424234,0.6710951405043282,0.9523809523809523,0.5526155979304257,0.4274352756206669,0.019949126446410965,1.5235452888552419,-2021.1027209978224,True,2.3318727080550024e-15,Greedy-Random (k=3),Greedy-Random,without_single_atom_contributions,True,False,False,True,True
2,C1OC11C2C3CN2C13,15,3,3,0.9683053584016087,0.9683053584016087,0.0,0.9367671289565439,0.06307645888872442,0.0001564121536778022,82.88587696587113,-1515.21985553297,True,8.5725428959606e-16,Greedy-Random (k=3),Greedy-Random,without_single_atom_contributions,True,False,False,True,True
3,C1NC2C3COCC12O3,18,3,3,0.942883365319112,0.8651055875413343,0.7777777777777778,0.9086312109578962,0.06850430871944975,0.022864480320417643,36.63757831488394,-1746.5867215199432,True,1.939382373068867e-16,Greedy-Random (k=3),Greedy-Random,without_single_atom_contributions,True,False,False,True,True
4,O=C1CC2(CC1O2)C#C,15,3,3,0.8430198739945315,0.7763532073278648,0.6666666666666666,0.7115585464384276,0.26292265510772656,0.025518798450484922,4.312537059739271,-1589.5415163929686,True,1.4416685240341087e-15,Greedy-Random (k=3),Greedy-Random,without_single_atom_contributions,True,False,False,True,True
5,CC1N2CC2(C#C)C1=O,16,3,3,0.8472703776809523,0.7472703776809523,1.0,0.7219904985325394,0.2505597582931014,0.027449743171565833,18.986259179603863,-1657.6014506101653,True,3.7424051206446393e-16,Greedy-Random (k=3),Greedy-Random,without_single_atom_contributions,True,False,False,True,True
6,O=CC1OCC11CCO1,17,3,3,0.801861213630139,0.7195082724536683,0.8235294117647058,0.6042264798467532,0.3952694675639483,0.000504052587181169,24.757996713375118,-1678.5267873027476,True,2.8699524601413764e-16,Greedy-Random (k=3),Greedy-Random,without_single_atom_contributions,True,False,False,True,True
7,CC12COCC1(C)C2O,21,3,3,0.8500405472006398,0.726231023391116,1.2380952380952381,0.7123958540876157,0.27528938621553756,0.012314759688963726,-0.9582831744772141,-1979.9513730289436,True,1.2975807366426674e-14,Greedy-Random (k=3),Greedy-Random,without_single_atom_contributions,True,False,False,True,True
8,CNC(=O)CC1CN1,18,3,3,0.9413634309407449,0.8913634309407449,0.5,0.9076473324638279,0.06743219694803211,0.024920470583788375,2.6366930561521884,-1672.265060659945,True,1.6842658602108724e-16,Greedy-Random (k=3),Greedy-Random,without_single_atom_contributions,True,False,False,True,True
9,CC12C3C(CN13)OC2=O,16,3,3,0.9135584849774335,0.8385584849774335,0.75,0.8442801321379426,0.13855670567565018,0.017163162183908464,-1.6838901683310934,-1616.450102641286,True,1.3186406636717507e-15,Greedy-Random (k=3),Greedy-Random,without_single_atom_contributions,True,False,False,True,True
10,COC12C(C)C1CC2C,23,3,3,0.8643061027232867,0.8121321896798084,0.5217391304347826,0.7988885638668201,0.13083507771015213,0.07027635842094199,9.008961511740576,-2151.239339876484,True,5.915299461760044e-16,Greedy-Random (k=3),Greedy-Random,without_single_atom_contributions,True,False,False,True,True
11,CC1C2CC2(C)C1=NO,20,3,3,0.857102346325821,0.827102346325821,0.3,0.7163158346875979,0.2815730232747331,0.00211114203638421,33.38591039790339,-1917.874688367481,True,1.0641356298053706e-15,Greedy-Random (k=3),Greedy-Random,without_single_atom_contributions,True,False,False,True,True
12,NC(C#C)(C#N)C1CO1,15,3,3,0.9088529696147155,0.8355196362813821,0.7333333333333333,0.8444817636424238,0.1287424119420988,0.026775824413614,32.29489123173883,-1554.3734179798228,True,2.2001707039644447e-16,Greedy-Random (k=3),Greedy-Random,without_single_atom_contributions,True,False,False,True,True
13,CCCC1=NC=NN=N1,17,3,3,0.8280197607495913,0.7809609372201796,0.47058823529411764,0.6568342101042627,0.34237110128799825,0.0007946886057448207,15.807805114993277,-1649.3419384453355,True,5.618606841579122e-16,Greedy-Random (k=3),Greedy-Random,without_single_atom_contributions,True,False,False,True,True
14,O=CC1=CC(=O)C(=O)C1,13,3,3,0.9413539269544597,0.9259693115698444,0.15384615384615385,0.9129178776322248,0.056872098642287545,0.03021002372385089,-50.45568278163597,-1418.2535495454308,True,2.8165023108846067e-16,Greedy-Random (k=3),Greedy-Random,without_single_atom_contributions,True,False,False,True,True
15,OC12C=CC3OC1C2O3,15,3,3,0.7310487985250528,0.6643821318583861,0.6666666666666666,0.5542755131929784,0.3535465706613323,0.09217791614357689,8.686721758681735,-1548.3901684240898,True,2.044910483755813e-16,Greedy-Random (k=3),Greedy-Random,without_single_atom_contributions,True,False,False,True,True
16,CCC(COC=N)=NO,19,3,3,0.939058197072665,0.8548476707568755,0.8421052631578947,0.8793161299550253,0.1194841342325496,0.0011997358103776137,35.985776923989086,-1773.4953077682608,True,3.9490198433618297e-16,Greedy-Random (k=3),Greedy-Random,without_single_atom_contributions,True,False,False,True,True
17,N#CC12OCC(O1)C=C2,14,3,3,0.890354815421934,0.8332119582790768,0.5714285714285714,0.8159590289056468,0.14879157302722382,0.03524939806311649,-14.397062486315564,-1486.313483762627,True,1.2338328329659906e-16,Greedy-Random (k=3),Greedy-Random,without_single_atom_contributions,True,False,False,True,True
18,NC(=O)C(=O)C(O)CO,16,3,3,0.8843609017629112,0.7968609017629111,0.875,0.8200269015549003,0.12866800040929302,0.05130509803076023,-9.421013178792297,-1534.1474067035278,True,7.542105315721938e-16,Greedy-Random (k=3),Greedy-Random,without_single_atom_contributions,True,False,False,True,True
19,CC1=NCC(O1)C(N)=O,17,3,3,0.9179280475376647,0.8649868710670764,0.5294117647058824,0.8573031922512186,0.12124971056999483,0.02144709717661368,-34.86142178571703,-1643.3586888896023,True,0.0,Greedy-Random (k=3),Greedy-Random,without_single_atom_contributions,True,False,False,True,True
0,CC1=C(N)C=NO1,13,3,3,0.9185999689109328,0.9185999689109328,0.0,0.8484567888374155,0.14028636014112233,0.011256851017028046,8.03289248474122,-1269.610227825433,True,0.0,Greedy-Distance (k=3),Greedy-Distance,without_single_atom_contributions,False,True,False,True,True
1,CC#CC1CC(C)C1O,21,3,3,0.8863913962095671,0.8863913962095671,0.0,0.7727827924171591,0.22721720757691594,0.0,1.5235452888552419,-2021.1027209978224,True,1.0201943097740635e-14,Greedy-Distance (k=3),Greedy-Distance,without_single_atom_contributions,False,True,False,True,True
2,C1OC11C2C3CN2C13,15,3,3,0.9890738115700284,0.9890738115700284,0.0,0.9787135313552668,0.020720560428154646,0.0005659082155521486,82.88587696587113,-1515.21985553297,True,0.0,Greedy-Distance (k=3),Greedy-Distance,without_single_atom_contributions,False,True,False,True,True
3,C1NC2C3COCC12O3,18,3,3,0.9421165104750969,0.9421165104750969,0.0,0.9031655000958623,0.0779020207561759,0.018932479146241712,36.63757831488394,-1746.5867215199432,True,9.696911865344334e-16,Greedy-Distance (k=3),Greedy-Distance,without_single_atom_contributions,False,True,False,True,True
4,O=C1CC2(CC1O2)C#C,15,3,3,0.8897047787886977,0.8897047787886977,0.0,0.7963204629147767,0.18676863174530478,0.01691090533801546,4.312537059739271,-1589.5415163929686,True,1.8535738166152826e-15,Greedy-Distance (k=3),Greedy-Distance,without_single_atom_contributions,False,True,False,True,True
5,CC1N2CC2(C#C)C1=O,16,3,3,0.8957802423774693,0.8957802423774693,0.0,0.7942464346744382,0.20306761540309323,0.002685949920241906,18.986259179603863,-1657.6014506101653,True,0.0,Greedy-Distance (k=3),Greedy-Distance,without_single_atom_contributions,False,True,False,True,True
6,O=CC1OCC11CCO1,17,3,3,0.9274819659059826,0.9274819659059826,0.0,0.8815355712322812,0.09189278934450897,0.02657163942103946,24.757996713375118,-1678.5267873027476,True,1.4349762300706882e-16,Greedy-Distance (k=3),Greedy-Distance,without_single_atom_contributions,False,True,False,True,True
7,CC12COCC1(C)C2O,21,3,3,0.858290355337146,0.8297189267657175,0.2857142857142857,0.7678222948923928,0.18093612088476996,0.05124158421928506,-0.9582831744772141,-1979.9513730289436,True,2.2012530353759536e-15,Greedy-Distance (k=3),Greedy-Distance,without_single_atom_contributions,False,True,False,True,True
8,CNC(=O)CC1CN1,18,3,3,0.9553464810838236,0.9442353699727125,0.1111111111111111,0.911680538680934,0.08733188480298533,0.0009875765139852777,2.6366930561521884,-1672.265060659945,True,3.368531720421745e-16,Greedy-Distance (k=3),Greedy-Distance,without_single_atom_contributions,False,True,False,True,True
9,CC12C3C(CN13)OC2=O,16,3,3,0.7514039022916803,0.7514039022916803,0.0,0.6148869938267153,0.2730338169180637,0.11207918924632115,-1.6838901683310934,-1616.450102641286,True,6.856931451093104e-15,Greedy-Distance (k=3),Greedy-Distance,without_single_atom_contributions,False,True,False,True,True
10,COC12C(C)C1CC2C,23,3,3,0.8409550796825789,0.8409550796825789,0.0,0.6900719147475037,0.3017663298648272,0.008161755383676713,9.008961511740576,-2151.239339876484,True,1.971766487253348e-16,Greedy-Distance (k=3),Greedy-Distance,without_single_atom_contributions,False,True,False,True,True
11,CC1C2CC2(C)C1=NO,20,3,3,0.8409547334433077,0.8109547334433077,0.3,0.6857919451913335,0.3103255765013064,0.0038824783053785176,33.38591039790339,-1917.874688367481,True,4.2565425192214824e-16,Greedy-Distance (k=3),Greedy-Distance,without_single_atom_contributions,False,True,False,True,True
12,NC(C#C)(C#N)C1CO1,15,3,3,0.9241894102352072,0.9241894102352072,0.0,0.8608251243223276,0.12672857182267686,0.01244630385268379,32.29489123173883,-1554.3734179798228,True,1.5401194927751113e-15,Greedy-Distance (k=3),Greedy-Distance,without_single_atom_contributions,False,True,False,True,True
13,CCCC1=NC=NN=N1,17,3,3,0.8422523895627769,0.830487683680424,0.11764705882352941,0.7446429141169837,0.19521895088838523,0.06013813499223024,15.807805114993277,-1649.3419384453355,True,1.1237213683158244e-15,Greedy-Distance (k=3),Greedy-Distance,without_single_atom_contributions,False,True,False,True,True
14,O=CC1=CC(=O)C(=O)C1,13,3,3,0.8296530894779304,0.8296530894779304,0.0,0.7450241463009232,0.16925788635209602,0.08571796734554206,-50.45568278163597,-1418.2535495454308,True,1.1266009243538427e-15,Greedy-Distance (k=3),Greedy-Distance,without_single_atom_contributions,False,True,False,True,True
15,OC12C=CC3OC1C2O3,15,3,3,0.7692459764754597,0.7692459764754597,0.0,0.5528419684592409,0.43280801603037455,0.01435001550883734,8.686721758681735,-1548.3901684240898,True,2.4538925805069757e-15,Greedy-Distance (k=3),Greedy-Distance,without_single_atom_contributions,False,True,False,True,True
16,CCC(COC=N)=NO,19,3,3,0.9052192879894863,0.9052192879894863,0.0,0.8953990488304931,0.01964047831442636,0.08496047285241068,35.985776923989086,-1773.4953077682608,True,0.0,Greedy-Distance (k=3),Greedy-Distance,without_single_atom_contributions,False,True,False,True,True
17,N#CC12OCC(O1)C=C2,14,3,3,0.7825482652229586,0.7825482652229586,0.0,0.7073773131242383,0.15034190419151938,0.14228078267980132,-14.397062486315564,-1486.313483762627,True,8.636829830761935e-16,Greedy-Distance (k=3),Greedy-Distance,without_single_atom_contributions,False,True,False,True,True
18,NC(=O)C(=O)C(O)CO,16,3,3,0.930762288333849,0.930762288333849,0.0,0.8794451313631019,0.10263431393885089,0.017920554696064673,-9.421013178792297,-1534.1474067035278,True,1.5084210631443875e-15,Greedy-Distance (k=3),Greedy-Distance,without_single_atom_contributions,False,True,False,True,True
19,CC1=NCC(O1)C(N)=O,17,3,3,0.9241035978253999,0.9241035978253999,0.0,0.8702872956193497,0.10763260440875781,0.022080099969385703,-34.86142178571703,-1643.3586888896023,True,1.0190960370543126e-15,Greedy-Distance (k=3),Greedy-Distance,without_single_atom_contributions,False,True,False,True,True
0,CC1=C(N)C=NO1,13,3,3,0.9494877214745508,0.9264107983976277,0.23076923076923078,0.9191397853066933,0.06069587233165674,0.02016434235860605,8.03289248474122,-1269.610227825433,True,4.422707867066298e-16,Metropolis-Hastings (k=3),Metropolis-Hastings,without_single_atom_contributions,False,False,True,False,True
1,CC#CC1CC(C)C1O,21,3,3,0.9591850238286691,0.9496612143048596,0.09523809523809523,0.9183700476553803,0.08162995233874579,0.0,1.5235452888552419,-2021.1027209978224,True,4.372261327603129e-16,Metropolis-Hastings (k=3),Metropolis-Hastings,without_single_atom_contributions,False,False,True,False,True
2,C1OC11C2C3CN2C13,15,3,3,0.9890738115700284,0.9890738115700284,0.0,0.9787135313552668,0.020720560428154646,0.0005659082155521486,82.88587696587113,-1515.21985553297,True,0.0,Metropolis-Hastings (k=3),Metropolis-Hastings,without_single_atom_contributions,False,False,True,False,True
3,C1NC2C3COCC12O3,18,3,3,0.9484342118505301,0.9484342118505301,0.0,0.8968684237003381,0.10313157629749534,0.0,36.63757831488394,-1746.5867215199432,True,3.878764746137734e-16,Metropolis-Hastings (k=3),Metropolis-Hastings,without_single_atom_contributions,False,False,True,False,True
4,O=C1CC2(CC1O2)C#C,15,3,3,0.9622157683736764,0.9488824350403431,0.13333333333333333,0.9263119428057374,0.07180765113283524,0.0018804060591452402,4.312537059739271,-1589.5415163929686,True,2.4714317554870436e-15,Metropolis-Hastings (k=3),Metropolis-Hastings,without_single_atom_contributions,False,False,True,False,True
5,CC1N2CC2(C#C)C1=O,16,3,3,0.9498196754927882,0.9373196754927883,0.125,0.8996393509842444,0.10036064901175921,0.0,18.986259179603863,-1657.6014506101653,True,7.484810241289279e-16,Metropolis-Hastings (k=3),Metropolis-Hastings,without_single_atom_contributions,False,False,True,False,True
6,O=CC1OCC11CCO1,17,3,3,0.9274819659059826,0.9274819659059826,0.0,0.8815355712322812,0.09189278934450897,0.02657163942103946,24.757996713375118,-1678.5267873027476,True,1.4349762300706882e-16,Metropolis-Hastings (k=3),Metropolis-Hastings,without_single_atom_contributions,False,False,True,False,True
7,CC12COCC1(C)C2O,21,3,3,0.9112250791844451,0.8826536506130165,0.2857142857142857,0.8244364443911848,0.17357726958113034,0.0019862860236422976,-0.9582831744772141,-1979.9513730289436,True,7.994024181102146e-15,Metropolis-Hastings (k=3),Metropolis-Hastings,without_single_atom_contributions,False,False,True,False,True
8,CNC(=O)CC1CN1,18,3,3,0.9849709713719532,0.962748749149731,0.2222222222222222,0.9709211671685143,0.0280996084041075,0.000979224425300453,2.6366930561521884,-1672.265060659945,True,2.863251962358483e-15,Metropolis-Hastings (k=3),Metropolis-Hastings,without_single_atom_contributions,False,False,True,False,True
9,CC12C3C(CN13)OC2=O,16,3,3,0.9533457028715531,0.9533457028715531,0.0,0.9098381016474395,0.08701520244572573,0.00314669590495862,-1.6838901683310934,-1616.450102641286,True,4.2196501237496024e-15,Metropolis-Hastings (k=3),Metropolis-Hastings,without_single_atom_contributions,False,False,True,False,True
10,COC12C(C)C1CC2C,23,3,3,0.9009335370515336,0.8748465805297945,0.2608695652173913,0.8593428322966742,0.08318140950536335,0.057475758194696004,9.008961511740576,-2151.239339876484,True,5.915299461760044e-16,Metropolis-Hastings (k=3),Metropolis-Hastings,without_single_atom_contributions,False,False,True,False,True
11,CC1C2CC2(C)C1=NO,20,3,3,0.8458869242654637,0.8458869242654637,0.0,0.710785067169966,0.2702037141893119,0.01901121863945938,33.38591039790339,-1917.874688367481,True,6.384813778832224e-16,Metropolis-Hastings (k=3),Metropolis-Hastings,without_single_atom_contributions,False,False,True,False,True
12,NC(C#C)(C#N)C1CO1,15,3,3,0.9629375203456493,0.9362708536789827,0.26666666666666666,0.9258750406903903,0.07412495930688495,0.0,32.29489123173883,-1554.3734179798228,True,4.4003414079288894e-16,Metropolis-Hastings (k=3),Metropolis-Hastings,without_single_atom_contributions,False,False,True,False,True
13,CCCC1=NC=NN=N1,17,3,3,0.9966478854040753,0.9848831795217224,0.11764705882352941,0.9932957708073353,0.006704229190218787,0.0,15.807805114993277,-1649.3419384453355,True,2.2474427366316485e-16,Metropolis-Hastings (k=3),Metropolis-Hastings,without_single_atom_contributions,False,False,True,False,True
14,O=CC1=CC(=O)C(=O)C1,13,3,3,0.9389300923733974,0.9389300923733974,0.0,0.8819340194456771,0.11399214585314414,0.004073834699456418,-50.45568278163597,-1418.2535495454308,True,1.1266009243538427e-15,Metropolis-Hastings (k=3),Metropolis-Hastings,without_single_atom_contributions,False,False,True,False,True
15,OC12C=CC3OC1C2O3,15,3,3,0.8373786703258367,0.8373786703258367,0.0,0.7807262717667541,0.1133047971164036,0.10596893111552126,8.686721758681735,-1548.3901684240898,True,1.0224552418779066e-15,Metropolis-Hastings (k=3),Metropolis-Hastings,without_single_atom_contributions,False,False,True,False,True
16,CCC(COC=N)=NO,19,3,3,0.9471652014683007,0.9471652014683007,0.0,0.9033801641406392,0.08757007465169991,0.009049761204943552,35.985776923989086,-1773.4953077682608,True,1.9745099216809149e-16,Metropolis-Hastings (k=3),Metropolis-Hastings,without_single_atom_contributions,False,False,True,False,True
17,N#CC12OCC(O1)C=C2,14,3,3,0.8895344818226105,0.8609630532511819,0.2857142857142857,0.7829797855441116,0.21310939255111586,0.003910821900361182,-14.397062486315564,-1486.313483762627,True,2.467665665931981e-16,Metropolis-Hastings (k=3),Metropolis-Hastings,without_single_atom_contributions,False,False,True,False,True
18,NC(=O)C(=O)C(O)CO,16,3,3,0.9677599909615875,0.9552599909615875,0.125,0.9355199819223439,0.06448001807516292,0.0,-9.421013178792297,-1534.1474067035278,True,1.1313157973582906e-15,Metropolis-Hastings (k=3),Metropolis-Hastings,without_single_atom_contributions,False,False,True,False,True
19,CC1=NCC(O1)C(N)=O,17,3,3,0.938289710238632,0.938289710238632,0.0,0.8765794204763897,0.12342057952098784,0.0,-34.86142178571703,-1643.3586888896023,True,2.038192074108625e-16,Metropolis-Hastings (k=3),Metropolis-Hastings,without_single_atom_contributions,False,False,True,False,True
0,CC1=C(N)C=NO1,13,4,4,0.699630304810142,0.699630304810142,0.0,0.4965234748008771,0.40621366001620896,0.09726286518117323,8.03289248474122,-1269.610227825433,True,4.422707867066298e-16,Distance (k=4),Distance,without_single_atom_contributions,False,False,False,False,False
1,CC#CC1CC(C)C1O,21,4,4,0.7926866640502199,0.7926866640502199,0.0,0.6771227203069782,0.2311278874815077,0.09174939220778222,1.5235452888552419,-2021.1027209978224,True,4.809487460363442e-15,Distance (k=4),Distance,without_single_atom_contributions,False,False,False,False,False
2,C1OC11C2C3CN2C13,15,4,4,0.8322887683560781,0.8322887683560781,0.0,0.7360564948992586,0.19246454691230774,0.07147895818743506,82.88587696587113,-1515.21985553297,True,3.42901715838424e-16,Distance (k=4),Distance,without_single_atom_contributions,False,False,False,False,False
3,C1NC2C3COCC12O3,18,4,4,0.5576102285560411,0.5576102285560411,0.0,0.25969884408002064,0.5958227689498832,0.14447838696847787,36.63757831488394,-1746.5867215199432,True,3.878764746137734e-16,Distance (k=4),Distance,without_single_atom_contributions,False,False,False,False,False
4,O=C1CC2(CC1O2)C#C,15,4,4,0.7045655561684515,0.7045655561684515,0.0,0.6320064660221486,0.1451181802902986,0.22287535368582242,4.312537059739271,-1589.5415163929686,True,3.0892896943588042e-15,Distance (k=4),Distance,without_single_atom_contributions,False,False,False,False,False
5,CC1N2CC2(C#C)C1=O,16,4,4,0.5384813175319253,0.5384813175319253,0.0,0.29883497454906693,0.47929268596334085,0.22187233948581034,18.986259179603863,-1657.6014506101653,True,1.3098417922256238e-15,Distance (k=4),Distance,without_single_atom_contributions,False,False,False,False,False
6,O=CC1OCC11CCO1,17,4,4,0.5863876981821288,0.5863876981821288,0.0,0.44884646731424943,0.27508246173377915,0.2760710709504868,24.757996713375118,-1678.5267873027476,True,1.4349762300706882e-16,Distance (k=4),Distance,without_single_atom_contributions,False,False,False,False,False
7,CC12COCC1(C)C2O,21,4,4,0.716151448501742,0.716151448501742,0.0,0.6098461900861638,0.21261051682686435,0.17754329308375288,-0.9582831744772141,-1979.9513730289436,True,7.994024181102146e-15,Distance (k=4),Distance,without_single_atom_contributions,False,False,False,False,False
8,CNC(=O)CC1CN1,18,4,4,0.8630041338191315,0.8630041338191315,0.0,0.7870593041934077,0.1518896592493473,0.06105103655566969,2.6366930561521884,-1672.265060659945,True,6.0633570967591406e-15,Distance (k=4),Distance,without_single_atom_contributions,False,False,False,False,False
9,CC12C3C(CN13)OC2=O,16,4,4,0.697704952576467,0.697704952576467,0.0,0.5948999697490447,0.2056099656526331,0.1994900645966635,-1.6838901683310934,-1616.450102641286,True,0.0,Distance (k=4),Distance,without_single_atom_contributions,False,False,False,False,False
10,COC12C(C)C1CC2C,23,4,4,0.5335531392741293,0.5335531392741293,0.0,0.2479397054362421,0.5712268676735148,0.18083342688854842,9.008961511740576,-2151.239339876484,True,5.915299461760044e-16,Distance (k=4),Distance,without_single_atom_contributions,False,False,False,False,False
11,CC1C2CC2(C)C1=NO,20,4,4,0.8045122682257304,0.8045122682257304,0.0,0.6868029204263784,0.23541869559687117,0.07777838397537591,33.38591039790339,-1917.874688367481,True,4.2565425192214824e-16,Distance (k=4),Distance,without_single_atom_contributions,False,False,False,False,False
12,NC(C#C)(C#N)C1CO1,15,4,4,0.8346666816309543,0.8346666816309543,0.0,0.7760930437599688,0.11714727573925744,0.1067596804987387,32.29489123173883,-1554.3734179798228,True,2.2001707039644447e-16,Distance (k=4),Distance,without_single_atom_contributions,False,False,False,False,False
13,CCCC1=NC=NN=N1,17,4,4,0.7462503456240256,0.7462503456240256,0.0,0.5999248486259573,0.2926509939941366,0.10742415737840619,15.807805114993277,-1649.3419384453355,True,3.371164104947473e-16,Distance (k=4),Distance,without_single_atom_contributions,False,False,False,False,False
14,O=CC1=CC(=O)C(=O)C1,13,4,4,0.6849339378141703,0.6849339378141703,0.0,0.461417947549137,0.4470319805285674,0.09155007192117114,-50.45568278163597,-1418.2535495454308,True,2.8165023108846067e-16,Distance (k=4),Distance,without_single_atom_contributions,False,False,False,False,False
15,OC12C=CC3OC1C2O3,15,4,4,0.4005923003540675,0.4005923003540675,0.0,0.11335743769752783,0.5744697253112859,0.31217283698984116,8.686721758681735,-1548.3901684240898,True,0.0,Distance (k=4),Distance,without_single_atom_contributions,False,False,False,False,False
16,CCC(COC=N)=NO,19,4,4,0.850299645401881,0.850299645401881,0.0,0.78108051737805,0.1384382560449597,0.08048122657496348,35.985776923989086,-1773.4953077682608,True,3.9490198433618297e-16,Distance (k=4),Distance,without_single_atom_contributions,False,False,False,False,False
17,N#CC12OCC(O1)C=C2,14,4,4,0.6995635997688004,0.6995635997688004,0.0,0.5619776542365558,0.27517189106242484,0.16285045469947088,-14.397062486315564,-1486.313483762627,True,2.467665665931981e-16,Distance (k=4),Distance,without_single_atom_contributions,False,False,False,False,False
18,NC(=O)C(=O)C(O)CO,16,4,4,0.8091916984344877,0.8091916984344877,0.0,0.7503020397339554,0.11777931739866883,0.13191864286557894,-9.421013178792297,-1534.1474067035278,True,1.5084210631443875e-15,Distance (k=4),Distance,without_single_atom_contributions,False,False,False,False,False
19,CC1=NCC(O1)C(N)=O,17,4,4,0.7373363695736206,0.7373363695736206,0.0,0.5968427345796948,0.2809872699848424,0.12216999543320584,-34.86142178571703,-1643.3586888896023,True,2.038192074108625e-16,Distance (k=4),Distance,without_single_atom_contributions,False,False,False,False,False
0,CC1=C(N)C=NO1,13,4,4,0.44929496640679334,0.34160265871448564,1.0769230769230769,0.0682133334793043,0.7621632658534893,0.1696234006660898,8.03289248474122,-1269.610227825433,True,6.634061800599447e-16,Random (k=4),Random,without_single_atom_contributions,False,False,False,False,False
1,CC#CC1CC(C)C1O,21,4,4,0.2540645357253521,0.11120739286820921,1.4285714285714286,0.015069743889521498,0.4779895836689963,0.5069406724394836,1.5235452888552419,-2021.1027209978224,True,1.1950847628781888e-14,Random (k=4),Random,without_single_atom_contributions,False,False,False,False,False
2,C1OC11C2C3CN2C13,15,4,4,0.28919698438058217,0.18253031771391548,1.0666666666666667,0.11977805228338186,0.3388378641932576,0.5413840835225032,82.88587696587113,-1515.21985553297,True,3.42901715838424e-16,Random (k=4),Random,without_single_atom_contributions,False,False,False,False,False
3,C1NC2C3COCC12O3,18,4,4,0.3564948633096951,0.245383752198584,1.1111111111111112,0.10949525033786717,0.49399922594215684,0.3965055237188517,36.63757831488394,-1746.5867215199432,True,5.818147119206601e-16,Random (k=4),Random,without_single_atom_contributions,False,False,False,False,False
4,O=C1CC2(CC1O2)C#C,15,4,4,0.291585494503878,0.1849188278372113,1.0666666666666667,0.07147390444595986,0.4402231801143558,0.48830291543857407,4.312537059739271,-1589.5415163929686,True,4.119052925811739e-16,Random (k=4),Random,without_single_atom_contributions,False,False,False,False,False
5,CC1N2CC2(C#C)C1=O,16,4,4,0.5537170401104585,0.4287170401104585,1.25,0.27611323787847397,0.5552076044620947,0.1686791576580255,18.986259179603863,-1657.6014506101653,True,9.356012801611598e-16,Random (k=4),Random,without_single_atom_contributions,False,False,False,False,False
6,O=CC1OCC11CCO1,17,4,4,0.23513420464731158,0.09395773405907626,1.411764705882353,0.0367593978561833,0.39674961358095706,0.5664909885618851,24.757996713375118,-1678.5267873027476,True,5.739904920282753e-16,Random (k=4),Random,without_single_atom_contributions,False,False,False,False,False
7,CC12COCC1(C)C2O,21,4,4,0.23487412429191598,0.0920169814347731,1.4285714285714286,0.01068382950713438,0.44838058956767424,0.5409355809237747,-0.9582831744772141,-1979.9513730289436,True,1.0542843485221673e-14,Random (k=4),Random,without_single_atom_contributions,False,False,False,False,False
8,CNC(=O)CC1CN1,18,4,4,0.3335443477650732,0.22243323665396209,1.1111111111111112,0.04676530329452407,0.5735580889399635,0.37967660776466133,2.6366930561521884,-1672.265060659945,True,5.558077338695879e-15,Random (k=4),Random,without_single_atom_contributions,False,False,False,False,False
9,CC12C3C(CN13)OC2=O,16,4,4,0.32164171439442796,0.19664171439442796,1.25,0.05109564029272388,0.5410921482022795,0.4078122115041501,-1.6838901683310934,-1616.450102641286,True,1.3186406636717507e-15,Random (k=4),Random,without_single_atom_contributions,False,False,False,False,False
10,COC12C(C)C1CC2C,23,4,4,0.39304811810523826,0.28870029201828173,1.0434782608695652,0.20833553947675743,0.36942515725577224,0.42223930326657827,9.008961511740576,-2151.239339876484,True,2.168943135978683e-15,Random (k=4),Random,without_single_atom_contributions,False,False,False,False,False
11,CC1C2CC2(C)C1=NO,20,4,4,0.4843014052244429,0.36430140522444293,1.2,0.1838366253211663,0.6009295598051989,0.215233814872619,33.38591039790339,-1917.874688367481,True,6.384813778832224e-16,Random (k=4),Random,without_single_atom_contributions,False,False,False,False,False
12,NC(C#C)(C#N)C1CO1,15,4,4,0.42367408525160816,0.31700741858494147,1.0666666666666667,0.13021512134006197,0.5869179278215519,0.28286695083723074,32.29489123173883,-1554.3734179798228,True,0.0,Random (k=4),Random,without_single_atom_contributions,False,False,False,False,False
13,CCCC1=NC=NN=N1,17,4,4,0.49099209585537484,0.3968744487965513,0.9411764705882353,0.29388244658026913,0.3942192985486663,0.31189825486990574,15.807805114993277,-1649.3419384453355,True,2.2474427366316485e-16,Random (k=4),Random,without_single_atom_contributions,False,False,False,False,False
14,O=CC1=CC(=O)C(=O)C1,13,4,4,0.485396629688446,0.3777043219961383,1.0769230769230769,0.19008860848251424,0.5906160424105525,0.21929534910595,-50.45568278163597,-1418.2535495454308,True,1.4082511554423034e-16,Random (k=4),Random,without_single_atom_contributions,False,False,False,False,False
15,OC12C=CC3OC1C2O3,15,4,4,0.4008479197517872,0.2808479197517872,1.2,0.01745197782140584,0.7667918838576766,0.215756138318603,8.686721758681735,-1548.3901684240898,True,8.179641935023252e-16,Random (k=4),Random,without_single_atom_contributions,False,False,False,False,False
16,CCC(COC=N)=NO,19,4,4,0.36165138801401137,0.2458619143298008,1.1578947368421053,0.053130411829234545,0.6170419523683146,0.3298276358015216,35.985776923989086,-1773.4953077682608,True,3.9490198433618297e-16,Random (k=4),Random,without_single_atom_contributions,False,False,False,False,False
17,N#CC12OCC(O1)C=C2,14,4,4,0.38942487745990045,0.317996306031329,0.7142857142857143,0.1339267961072031,0.5109961627038301,0.3550770411877933,-14.397062486315564,-1486.313483762627,True,1.2338328329659906e-16,Random (k=4),Random,without_single_atom_contributions,False,False,False,False,False
18,NC(=O)C(=O)C(O)CO,16,4,4,0.42140339527186343,0.29640339527186343,1.25,0.11186093830053283,0.6190849139410836,0.26905414775720043,-9.421013178792297,-1534.1474067035278,True,1.319868430251339e-15,Random (k=4),Random,without_single_atom_contributions,False,False,False,False,False
19,CC1=NCC(O1)C(N)=O,17,4,4,0.37501265205315243,0.257365593229623,1.1764705882352942,0.13994635266910646,0.47013259876676505,0.38992104856313337,-34.86142178571703,-1643.3586888896023,True,4.07638414821725e-16,Random (k=4),Random,without_single_atom_contributions,False,False,False,False,False
0,CC1=C(N)C=NO1,13,4,4,0.8539289810281171,0.7923905194896556,0.6153846153846154,0.8099259113530936,0.08800613934749421,0.10206794929749768,8.03289248474122,-1269.610227825433,True,0.0,Greedy-Random (k=4),Greedy-Random,without_single_atom_contributions,True,False,False,True,True
1,CC#CC1CC(C)C1O,21,4,4,0.7791422649939864,0.7029517888035102,0.7619047619047619,0.7398602777064022,0.07856397456953965,0.18157574771983656,1.5235452888552419,-2021.1027209978224,True,1.311678398280939e-15,Greedy-Random (k=4),Greedy-Random,without_single_atom_contributions,True,False,False,True,True
2,C1OC11C2C3CN2C13,15,4,4,0.9262462990521455,0.8995796323854789,0.26666666666666666,0.8677736482975018,0.11694530150820055,0.015281050193482583,82.88587696587113,-1515.21985553297,True,3.42901715838424e-16,Greedy-Random (k=4),Greedy-Random,without_single_atom_contributions,True,False,False,True,True
3,C1NC2C3COCC12O3,18,4,4,0.851247080053514,0.7734693022757362,0.7777777777777778,0.8161104616112287,0.07027323688236406,0.11361630150475228,36.63757831488394,-1746.5867215199432,True,5.818147119206601e-16,Greedy-Random (k=4),Greedy-Random,without_single_atom_contributions,True,False,False,True,True
4,O=C1CC2(CC1O2)C#C,15,4,4,0.7934280866488304,0.780094753315497,0.13333333333333333,0.6979349494330328,0.19098627442969862,0.11107877613584613,4.312537059739271,-1589.5415163929686,True,2.0595264629058696e-16,Greedy-Random (k=4),Greedy-Random,without_single_atom_contributions,True,False,False,True,True
5,CC1N2CC2(C#C)C1=O,16,4,4,0.8748544257072441,0.8248544257072441,0.5,0.8049533686908447,0.13980211403067397,0.055244517276887666,18.986259179603863,-1657.6014506101653,True,7.484810241289279e-16,Greedy-Random (k=4),Greedy-Random,without_single_atom_contributions,True,False,False,True,True
6,O=CC1OCC11CCO1,17,4,4,0.8857529858093397,0.8210471034563985,0.6470588235294118,0.8210514759929392,0.12940301962850304,0.0495455043753341,24.757996713375118,-1678.5267873027476,True,4.3049286902120643e-16,Greedy-Random (k=4),Greedy-Random,without_single_atom_contributions,True,False,False,True,True
7,CC12COCC1(C)C2O,21,4,4,0.5283757639282703,0.4140900496425561,1.1428571428571428,0.28002673688473323,0.4966980540843143,0.2232752090288825,-0.9582831744772141,-1979.9513730289436,True,6.835469951956908e-15,Greedy-Random (k=4),Greedy-Random,without_single_atom_contributions,True,False,False,True,True
8,CNC(=O)CC1CN1,18,4,4,0.9197140443101463,0.8530473776434796,0.6666666666666666,0.8869134135909705,0.06560126143579154,0.04748532497131807,2.6366930561521884,-1672.265060659945,True,8.421329301054362e-16,Greedy-Random (k=4),Greedy-Random,without_single_atom_contributions,True,False,False,True,True
9,CC12C3C(CN13)OC2=O,16,4,4,0.6557496140003878,0.6182496140003878,0.375,0.34945181445685947,0.6125955990858526,0.03795258645638487,-1.6838901683310934,-1616.450102641286,True,5.0108345219526526e-15,Greedy-Random (k=4),Greedy-Random,without_single_atom_contributions,True,False,False,True,True
10,COC12C(C)C1CC2C,23,4,4,0.7668779475248443,0.706008382307453,0.6086956521739131,0.5662328117733129,0.4012902715009532,0.032476916724151775,9.008961511740576,-2151.239339876484,True,9.85883243626674e-16,Greedy-Random (k=4),Greedy-Random,without_single_atom_contributions,True,False,False,True,True
11,CC1C2CC2(C)C1=NO,20,4,4,0.7716267952681773,0.6916267952681774,0.8,0.6058296601049912,0.33159427032424715,0.06257606956916785,33.38591039790339,-1917.874688367481,True,2.1282712596107412e-16,Greedy-Random (k=4),Greedy-Random,without_single_atom_contributions,True,False,False,True,True
12,NC(C#C)(C#N)C1CO1,15,4,4,0.7596918173848007,0.7063584840514674,0.5333333333333333,0.6850628535325896,0.14925792770146043,0.16567921876372868,32.29489123173883,-1554.3734179798228,True,0.0,Greedy-Random (k=4),Greedy-Random,without_single_atom_contributions,True,False,False,True,True
13,CCCC1=NC=NN=N1,17,4,4,0.8248082406087095,0.7777494170792978,0.47058823529411764,0.7770176578796716,0.09558116545598765,0.12740117666277462,15.807805114993277,-1649.3419384453355,True,1.1237213683158243e-16,Greedy-Random (k=4),Greedy-Random,without_single_atom_contributions,True,False,False,True,True
14,O=CC1=CC(=O)C(=O)C1,13,4,4,0.7649822455061298,0.7188283993522837,0.46153846153846156,0.6086322732937545,0.3126999444230921,0.07866778228190953,-50.45568278163597,-1418.2535495454308,True,2.8165023108846067e-16,Greedy-Random (k=4),Greedy-Random,without_single_atom_contributions,True,False,False,True,True
15,OC12C=CC3OC1C2O3,15,4,4,0.6706150097120043,0.6439483430453377,0.26666666666666666,0.42775553383647497,0.48571895174884294,0.08652551441302031,8.686721758681735,-1548.3901684240898,True,4.089820967511626e-16,Greedy-Random (k=4),Greedy-Random,without_single_atom_contributions,True,False,False,True,True
16,CCC(COC=N)=NO,19,4,4,0.8983650075876355,0.814154481271846,0.8421052631578947,0.83179580273113,0.13313840971041013,0.03506578755650917,35.985776923989086,-1773.4953077682608,True,5.923529765042744e-16,Greedy-Random (k=4),Greedy-Random,without_single_atom_contributions,True,False,False,True,True
17,N#CC12OCC(O1)C=C2,14,4,4,0.7635742787067196,0.7064314215638624,0.5714285714285714,0.6830345074076253,0.16107954259518875,0.15588594999493613,-14.397062486315564,-1486.313483762627,True,7.402996997795944e-16,Greedy-Random (k=4),Greedy-Random,without_single_atom_contributions,True,False,False,True,True
18,NC(=O)C(=O)C(O)CO,16,4,4,0.8163367440947074,0.7788367440947074,0.375,0.7086053265625227,0.2154628350623704,0.07593183837360776,-9.421013178792297,-1534.1474067035278,True,0.0,Greedy-Random (k=4),Greedy-Random,without_single_atom_contributions,True,False,False,True,True
19,CC1=NCC(O1)C(N)=O,17,4,4,0.8318265583494219,0.7788853818788336,0.5294117647058824,0.7540427579715584,0.15556760075314574,0.09038964127335988,-34.86142178571703,-1643.3586888896023,True,0.0,Greedy-Random (k=4),Greedy-Random,without_single_atom_contributions,True,False,False,True,True
0,CC1=C(N)C=NO1,13,4,4,0.8312741872677171,0.8158895718831016,0.15384615384615385,0.756345960619541,0.14985645329434066,0.09379758608460959,8.03289248474122,-1269.610227825433,True,6.634061800599447e-16,Greedy-Distance (k=4),Greedy-Distance,without_single_atom_contributions,False,True,False,True,True
1,CC#CC1CC(C)C1O,21,4,4,0.8493864605734073,0.8303388415257882,0.19047619047619047,0.7446102970346296,0.20955232707319765,0.04583737588890464,1.5235452888552419,-2021.1027209978224,True,3.2063249735756283e-15,Greedy-Distance (k=4),Greedy-Distance,without_single_atom_contributions,False,True,False,True,True
2,C1OC11C2C3CN2C13,15,4,4,0.959414910652557,0.959414910652557,0.0,0.9356923843997564,0.04744505250426216,0.016862563094977148,82.88587696587113,-1515.21985553297,True,1.71450857919212e-16,Greedy-Distance (k=4),Greedy-Distance,without_single_atom_contributions,False,True,False,True,True
3,C1NC2C3COCC12O3,18,4,4,0.8613099059888899,0.8390876837666676,0.2222222222222222,0.7496644407940651,0.22329093038773754,0.027044628816763342,36.63757831488394,-1746.5867215199432,True,7.757529492275468e-16,Greedy-Distance (k=4),Greedy-Distance,without_single_atom_contributions,False,True,False,True,True
4,O=C1CC2(CC1O2)C#C,15,4,4,0.7574540218128708,0.7574540218128708,0.0,0.6133460427274328,0.28821595816934753,0.09843799910207318,4.312537059739271,-1589.5415163929686,True,2.2654791091964565e-15,Greedy-Distance (k=4),Greedy-Distance,without_single_atom_contributions,False,True,False,True,True
5,CC1N2CC2(C#C)C1=O,16,4,4,0.6978283860805932,0.6978283860805932,0.0,0.6119224570300212,0.17181185809870742,0.216265684869444,18.986259179603863,-1657.6014506101653,True,1.8712025603223196e-16,Greedy-Distance (k=4),Greedy-Distance,without_single_atom_contributions,False,True,False,True,True
6,O=CC1OCC11CCO1,17,4,4,0.7097870277982028,0.6980223219158499,0.11764705882352941,0.46571797034635437,0.4881381149012504,0.04614391475056035,24.757996713375118,-1678.5267873027476,True,4.3049286902120643e-16,Greedy-Distance (k=4),Greedy-Distance,without_single_atom_contributions,False,True,False,True,True
7,CC12COCC1(C)C2O,21,4,4,0.716151448501742,0.716151448501742,0.0,0.6098461900861638,0.21261051682686435,0.17754329308375288,-0.9582831744772141,-1979.9513730289436,True,7.994024181102146e-15,Greedy-Distance (k=4),Greedy-Distance,without_single_atom_contributions,False,True,False,True,True
8,CNC(=O)CC1CN1,18,4,4,0.8630041338191315,0.8630041338191315,0.0,0.7870593041934077,0.1518896592493473,0.06105103655566969,2.6366930561521884,-1672.265060659945,True,6.0633570967591406e-15,Greedy-Distance (k=4),Greedy-Distance,without_single_atom_contributions,False,True,False,True,True
9,CC12C3C(CN13)OC2=O,16,4,4,0.8910406545505872,0.8910406545505872,0.0,0.8519756126925124,0.07813008371337987,0.06989430359203053,-1.6838901683310934,-1616.450102641286,True,7.384387716561805e-15,Greedy-Distance (k=4),Greedy-Distance,without_single_atom_contributions,False,True,False,True,True
10,COC12C(C)C1CC2C,23,4,4,0.8601728844698308,0.8601728844698308,0.0,0.7687856475721484,0.1827744737924245,0.048439878633221856,9.008961511740576,-2151.239339876484,True,3.154826379605357e-15,Greedy-Distance (k=4),Greedy-Distance,without_single_atom_contributions,False,True,False,True,True
11,CC1C2CC2(C)C1=NO,20,4,4,0.8045122682257304,0.8045122682257304,0.0,0.6868029204263784,0.23541869559687117,0.07777838397537591,33.38591039790339,-1917.874688367481,True,4.2565425192214824e-16,Greedy-Distance (k=4),Greedy-Distance,without_single_atom_contributions,False,True,False,True,True
12,NC(C#C)(C#N)C1CO1,15,4,4,0.8999772918888441,0.8866439585555108,0.13333333333333333,0.8400273751168081,0.11989983354116765,0.04007279133984586,32.29489123173883,-1554.3734179798228,True,0.0,Greedy-Distance (k=4),Greedy-Distance,without_single_atom_contributions,False,True,False,True,True
13,CCCC1=NC=NN=N1,17,4,4,0.7462503456240256,0.7462503456240256,0.0,0.5999248486259573,0.2926509939941366,0.10742415737840619,15.807805114993277,-1649.3419384453355,True,3.371164104947473e-16,Greedy-Distance (k=4),Greedy-Distance,without_single_atom_contributions,False,True,False,True,True
14,O=CC1=CC(=O)C(=O)C1,13,4,4,0.805996382616049,0.805996382616049,0.0,0.6880736900321914,0.23584538516510037,0.07608092480074706,-50.45568278163597,-1418.2535495454308,True,2.8165023108846067e-16,Greedy-Distance (k=4),Greedy-Distance,without_single_atom_contributions,False,True,False,True,True
15,OC12C=CC3OC1C2O3,15,4,4,0.7342912927512977,0.7342912927512977,0.0,0.5874879438634217,0.29360669777393883,0.11890535836127958,8.686721758681735,-1548.3901684240898,True,2.044910483755813e-16,Greedy-Distance (k=4),Greedy-Distance,without_single_atom_contributions,False,True,False,True,True
16,CCC(COC=N)=NO,19,4,4,0.850299645401881,0.850299645401881,0.0,0.78108051737805,0.1384382560449597,0.08048122657496348,35.985776923989086,-1773.4953077682608,True,3.9490198433618297e-16,Greedy-Distance (k=4),Greedy-Distance,without_single_atom_contributions,False,True,False,True,True
17,N#CC12OCC(O1)C=C2,14,4,4,0.6995635997688004,0.6995635997688004,0.0,0.5619776542365558,0.27517189106242484,0.16285045469947088,-14.397062486315564,-1486.313483762627,True,2.467665665931981e-16,Greedy-Distance (k=4),Greedy-Distance,without_single_atom_contributions,False,True,False,True,True
18,NC(=O)C(=O)C(O)CO,16,4,4,0.8573119581994076,0.8573119581994076,0.0,0.7731895734098322,0.16824476957661524,0.058565657011650674,-9.421013178792297,-1534.1474067035278,True,1.1313157973582906e-15,Greedy-Distance (k=4),Greedy-Distance,without_single_atom_contributions,False,True,False,True,True
19,CC1=NCC(O1)C(N)=O,17,4,4,0.8163110547752104,0.8163110547752104,0.0,0.7285317104490063,0.1755586886497009,0.09590960089926232,-34.86142178571703,-1643.3586888896023,True,4.07638414821725e-16,Greedy-Distance (k=4),Greedy-Distance,without_single_atom_contributions,False,True,False,True,True
0,CC1=C(N)C=NO1,13,4,4,0.9084170657611956,0.8776478349919649,0.3076923076923077,0.8810191617726397,0.05479580797463194,0.06418503025086832,8.03289248474122,-1269.610227825433,True,2.211353933533149e-16,Metropolis-Hastings (k=4),Metropolis-Hastings,without_single_atom_contributions,False,False,True,False,True
1,CC#CC1CC(C)C1O,21,4,4,0.9267494366912844,0.8981780081198558,0.2857142857142857,0.9127357269360162,0.02802741950669776,0.05923685355440701,1.5235452888552419,-2021.1027209978224,True,1.3408268071316264e-14,Metropolis-Hastings (k=4),Metropolis-Hastings,without_single_atom_contributions,False,False,True,False,True
2,C1OC11C2C3CN2C13,15,4,4,0.959414910652557,0.959414910652557,0.0,0.9356923843997564,0.04744505250426216,0.016862563094977148,82.88587696587113,-1515.21985553297,True,1.71450857919212e-16,Metropolis-Hastings (k=4),Metropolis-Hastings,without_single_atom_contributions,False,False,True,False,True
3,C1NC2C3COCC12O3,18,4,4,0.8846227982712995,0.8846227982712995,0.0,0.8052495740581729,0.15874644842381389,0.0360039775161836,36.63757831488394,-1746.5867215199432,True,1.939382373068867e-16,Metropolis-Hastings (k=4),Metropolis-Hastings,without_single_atom_contributions,False,False,True,False,True
4,O=C1CC2(CC1O2)C#C,15,4,4,0.8818411331657362,0.8818411331657362,0.0,0.8113398797696678,0.14100250678908655,0.04765761343895813,4.312537059739271,-1589.5415163929686,True,2.0595264629058693e-15,Metropolis-Hastings (k=4),Metropolis-Hastings,without_single_atom_contributions,False,False,True,False,True
5,CC1N2CC2(C#C)C1=O,16,4,4,0.8502999222968012,0.8502999222968012,0.0,0.7716570875122817,0.15728566956513473,0.07105724291965546,18.986259179603863,-1657.6014506101653,True,7.484810241289279e-16,Metropolis-Hastings (k=4),Metropolis-Hastings,without_single_atom_contributions,False,False,True,False,True
6,O=CC1OCC11CCO1,17,4,4,0.9226188460397315,0.9226188460397315,0.0,0.8710812515121354,0.10307518905237768,0.025843559433375986,24.757996713375118,-1678.5267873027476,True,0.0,Metropolis-Hastings (k=4),Metropolis-Hastings,without_single_atom_contributions,False,False,True,False,True
7,CC12COCC1(C)C2O,21,4,4,0.7932469075505999,0.7932469075505999,0.0,0.6960739149704829,0.1943459851545601,0.10958009987070151,-0.9582831744772141,-1979.9513730289436,True,1.0542843485221673e-14,Metropolis-Hastings (k=4),Metropolis-Hastings,without_single_atom_contributions,False,False,True,False,True
8,CNC(=O)CC1CN1,18,4,4,0.8630041338191315,0.8630041338191315,0.0,0.7870593041934077,0.1518896592493473,0.06105103655566969,2.6366930561521884,-1672.265060659945,True,6.0633570967591406e-15,Metropolis-Hastings (k=4),Metropolis-Hastings,without_single_atom_contributions,False,False,True,False,True
9,CC12C3C(CN13)OC2=O,16,4,4,0.8910406545505872,0.8910406545505872,0.0,0.8519756126925124,0.07813008371337987,0.06989430359203053,-1.6838901683310934,-1616.450102641286,True,7.384387716561805e-15,Metropolis-Hastings (k=4),Metropolis-Hastings,without_single_atom_contributions,False,False,True,False,True
10,COC12C(C)C1CC2C,23,4,4,0.9094756316683034,0.8920843273204773,0.17391304347826086,0.8189512633351476,0.18104873666047466,0.0,9.008961511740576,-2151.239339876484,True,1.1830598923520089e-15,Metropolis-Hastings (k=4),Metropolis-Hastings,without_single_atom_contributions,False,False,True,False,True
11,CC1C2CC2(C)C1=NO,20,4,4,0.9585636029353791,0.9585636029353791,0.0,0.9407357370163353,0.03565573183522267,0.023608531146293348,33.38591039790339,-1917.874688367481,True,0.0,Metropolis-Hastings (k=4),Metropolis-Hastings,without_single_atom_contributions,False,False,True,False,True
12,NC(C#C)(C#N)C1CO1,15,4,4,0.9178228422053807,0.9178228422053807,0.0,0.8480919882626746,0.1394617078823299,0.012446303852683784,32.29489123173883,-1554.3734179798228,True,8.800682815857779e-16,Metropolis-Hastings (k=4),Metropolis-Hastings,without_single_atom_contributions,False,False,True,False,True
13,CCCC1=NC=NN=N1,17,4,4,0.8944856853104195,0.8944856853104195,0.0,0.8422676532760043,0.10443606406639006,0.05329628265577535,15.807805114993277,-1649.3419384453355,True,1.1237213683158243e-16,Metropolis-Hastings (k=4),Metropolis-Hastings,without_single_atom_contributions,False,False,True,False,True
14,O=CC1=CC(=O)C(=O)C1,13,4,4,0.8577622640642947,0.8577622640642947,0.0,0.7451194751812564,0.22528557776462457,0.029594947053030087,-50.45568278163597,-1418.2535495454308,True,4.2247534663269103e-16,Metropolis-Hastings (k=4),Metropolis-Hastings,without_single_atom_contributions,False,False,True,False,True
15,OC12C=CC3OC1C2O3,15,4,4,0.7983004341038181,0.7983004341038181,0.0,0.6006350312296296,0.3953308057459193,0.004034163022607808,8.686721758681735,-1548.3901684240898,True,2.2494015321313944e-15,Metropolis-Hastings (k=4),Metropolis-Hastings,without_single_atom_contributions,False,False,True,False,True
16,CCC(COC=N)=NO,19,4,4,0.9216660390313597,0.911139723241886,0.10526315789473684,0.860642015920838,0.12204804621857326,0.01730993785873607,35.985776923989086,-1773.4953077682608,True,1.9745099216809149e-16,Metropolis-Hastings (k=4),Metropolis-Hastings,without_single_atom_contributions,False,False,True,False,True
17,N#CC12OCC(O1)C=C2,14,4,4,0.821597279360732,0.8073115650750178,0.14285714285714285,0.7726382869937993,0.09791798473096941,0.12944372827305936,-14.397062486315564,-1486.313483762627,True,2.467665665931981e-16,Metropolis-Hastings (k=4),Metropolis-Hastings,without_single_atom_contributions,False,False,True,False,True
18,NC(=O)C(=O)C(O)CO,16,4,4,0.9054153774061228,0.8929153774061228,0.125,0.8345576488502726,0.14171545710845007,0.023726894038839725,-9.421013178792297,-1534.1474067035278,True,1.1313157973582906e-15,Metropolis-Hastings (k=4),Metropolis-Hastings,without_single_atom_contributions,False,False,True,False,True
19,CC1=NCC(O1)C(N)=O,17,4,4,0.860157430279198,0.860157430279198,0.0,0.7326746731779834,0.2549655141993707,0.012359812620352137,-34.86142178571703,-1643.3586888896023,True,0.0,Metropolis-Hastings (k=4),Metropolis-Hastings,without_single_atom_contributions,False,False,True,False,True
0,CC1=C(N)C=NO1,13,5,5,0.608974995188384,0.608974995188384,0.0,0.4514035516521257,0.31514288707029464,0.23345356127591316,8.03289248474122,-1269.610227825433,True,0.0,Distance (k=5),Distance,without_single_atom_contributions,False,False,False,False,False
1,CC#CC1CC(C)C1O,21,5,5,0.42891133902002715,0.42891133902002715,0.0,0.37692933444416227,0.10396400914961028,0.5191066564046378,1.5235452888552419,-2021.1027209978224,True,5.53819768163063e-15,Distance (k=5),Distance,without_single_atom_contributions,False,False,False,False,False
2,C1OC11C2C3CN2C13,15,5,5,0.7274520264767356,0.7274520264767356,0.0,0.6252701116536568,0.20436382964503058,0.17036605870046734,82.88587696587113,-1515.21985553297,True,1.71450857919212e-16,Distance (k=5),Distance,without_single_atom_contributions,False,False,False,False,False
3,C1NC2C3COCC12O3,18,5,5,0.5575622282850088,0.5575622282850088,0.0,0.2506373608665824,0.6138497348348894,0.13551290429705568,36.63757831488394,-1746.5867215199432,True,3.878764746137734e-16,Distance (k=5),Distance,without_single_atom_contributions,False,False,False,False,False
4,O=C1CC2(CC1O2)C#C,15,5,5,0.6476434309245948,0.6476434309245948,0.0,0.5271190110108611,0.24104883982606778,0.23183214916202147,4.312537059739271,-1589.5415163929686,True,1.8535738166152826e-15,Distance (k=5),Distance,without_single_atom_contributions,False,False,False,False,False
5,CC1N2CC2(C#C)C1=O,16,5,5,0.5693847829450228,0.5693847829450228,0.0,0.3623717289893518,0.41402610790884764,0.2236021630999297,18.986259179603863,-1657.6014506101653,True,1.1227215361933919e-15,Distance (k=5),Distance,without_single_atom_contributions,False,False,False,False,False
6,O=CC1OCC11CCO1,17,5,5,0.7170449910900598,0.7170449910900598,0.0,0.5218895407738975,0.3903109006304092,0.08779955859425678,24.757996713375118,-1678.5267873027476,True,2.8699524601413764e-16,Distance (k=5),Distance,without_single_atom_contributions,False,False,False,False,False
7,CC12COCC1(C)C2O,21,5,5,0.5808709084362146,0.5808709084362146,0.0,0.4613226623117873,0.23909649224656906,0.2995808454399296,-0.9582831744772141,-1979.9513730289436,True,1.2744096520597626e-14,Distance (k=5),Distance,without_single_atom_contributions,False,False,False,False,False
8,CNC(=O)CC1CN1,18,5,5,0.8172031227861268,0.8172031227861268,0.0,0.7174673906009571,0.19947146436821458,0.08306114502923455,2.6366930561521884,-1672.265060659945,True,3.536958306442832e-15,Distance (k=5),Distance,without_single_atom_contributions,False,False,False,False,False
9,CC12C3C(CN13)OC2=O,16,5,5,0.728902861471539,0.728902861471539,0.0,0.6370597755469256,0.1836861718474686,0.17925405260428723,-1.6838901683310934,-1616.450102641286,True,1.0285397176639656e-14,Distance (k=5),Distance,without_single_atom_contributions,False,False,False,False,False
10,COC12C(C)C1CC2C,23,5,5,0.6183685175389829,0.6183685175389829,0.0,0.46244534580345614,0.3118463434689406,0.22570831072601855,9.008961511740576,-2151.239339876484,True,1.1830598923520089e-15,Distance (k=5),Distance,without_single_atom_contributions,False,False,False,False,False
11,CC1C2CC2(C)C1=NO,20,5,5,0.5722169758875284,0.5722169758875284,0.0,0.41689301973550924,0.31064791230273636,0.2724590679607779,33.38591039790339,-1917.874688367481,True,2.1282712596107412e-16,Distance (k=5),Distance,without_single_atom_contributions,False,False,False,False,False
12,NC(C#C)(C#N)C1CO1,15,5,5,0.4681031716996699,0.4681031716996699,0.0,0.1369303064955211,0.662345730406533,0.2007239630966224,32.29489123173883,-1554.3734179798228,True,2.2001707039644447e-16,Distance (k=5),Distance,without_single_atom_contributions,False,False,False,False,False
13,CCCC1=NC=NN=N1,17,5,5,0.7423497259562827,0.7423497259562827,0.0,0.6221320908126281,0.24043527028571895,0.13743263890046017,15.807805114993277,-1649.3419384453355,True,1.1237213683158243e-16,Distance (k=5),Distance,without_single_atom_contributions,False,False,False,False,False
14,O=CC1=CC(=O)C(=O)C1,13,5,5,0.6318489824778225,0.6318489824778225,0.0,0.5380131997996277,0.1876715653552096,0.27431523484427767,-50.45568278163597,-1418.2535495454308,True,1.4082511554423034e-16,Distance (k=5),Distance,without_single_atom_contributions,False,False,False,False,False
15,OC12C=CC3OC1C2O3,15,5,5,0.4983115186127225,0.4983115186127225,0.0,0.2482900691470112,0.5000428989301462,0.25166703192188533,8.686721758681735,-1548.3901684240898,True,2.658383628882557e-15,Distance (k=5),Distance,without_single_atom_contributions,False,False,False,False,False
16,CCC(COC=N)=NO,19,5,5,0.4431759425889581,0.4431759425889581,0.0,0.16176749864257148,0.5628168878912864,0.275415613465027,35.985776923989086,-1773.4953077682608,True,5.923529765042744e-16,Distance (k=5),Distance,without_single_atom_contributions,False,False,False,False,False
17,N#CC12OCC(O1)C=C2,14,5,5,0.44029696803017276,0.44029696803017276,0.0,0.25829534567171186,0.3640032447154841,0.37770140961172566,-14.397062486315564,-1486.313483762627,True,0.0,Distance (k=5),Distance,without_single_atom_contributions,False,False,False,False,False
18,NC(=O)C(=O)C(O)CO,16,5,5,0.7317840324245677,0.7317840324245677,0.0,0.5404078524933359,0.3827523598599278,0.07683978764483441,-9.421013178792297,-1534.1474067035278,True,1.1313157973582906e-15,Distance (k=5),Distance,without_single_atom_contributions,False,False,False,False,False
19,CC1=NCC(O1)C(N)=O,17,5,5,0.7564942594867516,0.7564942594867516,0.0,0.682216019920727,0.14855647912903597,0.169227500947977,-34.86142178571703,-1643.3586888896023,True,0.0,Distance (k=5),Distance,without_single_atom_contributions,False,False,False,False,False
0,CC1=C(N)C=NO1,13,5,5,0.346316445487398,0.23862413779509029,1.0769230769230769,0.09035349938532494,0.5119258922022424,0.3977206084110049,8.03289248474122,-1269.610227825433,True,0.0,Random (k=5),Random,without_single_atom_contributions,False,False,False,False,False
1,CC#CC1CC(C)C1O,21,5,5,0.29891326391069106,0.16557993057735773,1.3333333333333333,0.15705501590575102,0.2837164960083624,0.5592284880847483,1.5235452888552419,-2021.1027209978224,True,7.287102212671882e-15,Random (k=5),Random,without_single_atom_contributions,False,False,False,False,False
2,C1OC11C2C3CN2C13,15,5,5,0.34499166133513826,0.25165832800180493,0.9333333333333333,0.11506690366593396,0.45984951533730756,0.4250835809959327,82.88587696587113,-1515.21985553297,True,6.85803431676848e-16,Random (k=5),Random,without_single_atom_contributions,False,False,False,False,False
3,C1NC2C3COCC12O3,18,5,5,0.25617663676263286,0.14506552565152175,1.1111111111111112,0.06691760351324515,0.3785180664976325,0.5545643299882651,36.63757831488394,-1746.5867215199432,True,7.757529492275468e-16,Random (k=5),Random,without_single_atom_contributions,False,False,False,False,False
4,O=C1CC2(CC1O2)C#C,15,5,5,0.40828271415031314,0.30161604748364645,1.0666666666666667,0.1748581852556275,0.4668490577881654,0.3582927569553027,4.312537059739271,-1589.5415163929686,True,1.4416685240341087e-15,Random (k=5),Random,without_single_atom_contributions,False,False,False,False,False
5,CC1N2CC2(C#C)C1=O,16,5,5,0.4207609721856593,0.34576097218565927,0.75,0.25843587253133393,0.3246501993070567,0.41691392816041384,18.986259179603863,-1657.6014506101653,True,3.7424051206446393e-16,Random (k=5),Random,without_single_atom_contributions,False,False,False,False,False
6,O=CC1OCC11CCO1,17,5,5,0.18646566726522282,0.05705390255934045,1.2941176470588236,0.034036466575832015,0.3048584013775784,0.6611051320456872,24.757996713375118,-1678.5267873027476,True,2.8699524601413764e-16,Random (k=5),Random,without_single_atom_contributions,False,False,False,False,False
7,CC12COCC1(C)C2O,21,5,5,0.3070973276587829,0.19281161337306862,1.1428571428571428,0.07619151251957851,0.4618116302767375,0.46199685720243056,-0.9582831744772141,-1979.9513730289436,True,1.2744096520597626e-15,Random (k=5),Random,without_single_atom_contributions,False,False,False,False,False
8,CNC(=O)CC1CN1,18,5,5,0.5019225300579805,0.4019225300579805,1.0,0.26684649522303305,0.47015206966836653,0.2630014351074541,2.6366930561521884,-1672.265060659945,True,3.2001051344006573e-15,Random (k=5),Random,without_single_atom_contributions,False,False,False,False,False
9,CC12C3C(CN13)OC2=O,16,5,5,0.4702672077821961,0.3827672077821961,0.875,0.24214606050231308,0.4562422945579558,0.3016116449383734,-1.6838901683310934,-1616.450102641286,True,4.4833782564839525e-15,Random (k=5),Random,without_single_atom_contributions,False,False,False,False,False
10,COC12C(C)C1CC2C,23,5,5,0.40900942688794045,0.3046616008009839,1.0434782608695652,0.28782427922952364,0.24237029531511198,0.46980542545407317,9.008961511740576,-2151.239339876484,True,1.7745898385280133e-15,Random (k=5),Random,without_single_atom_contributions,False,False,False,False,False
11,CC1C2CC2(C)C1=NO,20,5,5,0.4058078713997066,0.29580787139970655,1.1,0.09879704176732776,0.6140216592636664,0.28718129896818745,33.38591039790339,-1917.874688367481,True,2.1282712596107412e-16,Random (k=5),Random,without_single_atom_contributions,False,False,False,False,False
12,NC(C#C)(C#N)C1CO1,15,5,5,0.3788255110601131,0.2721588443934464,1.0666666666666667,0.11754912662129757,0.5225527688765809,0.35989810450133397,32.29489123173883,-1554.3734179798228,True,0.0,Random (k=5),Random,without_single_atom_contributions,False,False,False,False,False
13,CCCC1=NC=NN=N1,17,5,5,0.33147379067602006,0.21382673185249063,1.1764705882352942,0.06719934119166229,0.528548898967396,0.40425175983995204,15.807805114993277,-1649.3419384453355,True,0.0,Random (k=5),Random,without_single_atom_contributions,False,False,False,False,False
14,O=CC1=CC(=O)C(=O)C1,13,5,5,0.43317553208053233,0.3716370705420708,0.6153846153846154,0.11706373948570802,0.6322235851885503,0.250712675324918,-50.45568278163597,-1418.2535495454308,True,2.8165023108846067e-16,Random (k=5),Random,without_single_atom_contributions,False,False,False,False,False
15,OC12C=CC3OC1C2O3,15,5,5,0.34726135213362813,0.24059468546696144,1.0666666666666667,0.07930612389801624,0.5359104564700619,0.38478341963105045,8.686721758681735,-1548.3901684240898,True,1.4314373386290691e-15,Random (k=5),Random,without_single_atom_contributions,False,False,False,False,False
16,CCC(COC=N)=NO,19,5,5,0.3457743595716738,0.21945857009798958,1.263157894736842,0.050517759684077214,0.590513199773935,0.3589690405410442,35.985776923989086,-1773.4953077682608,True,1.9745099216809149e-16,Random (k=5),Random,without_single_atom_contributions,False,False,False,False,False
17,N#CC12OCC(O1)C=C2,14,5,5,0.3493358537384477,0.27790728230987627,0.7142857142857143,0.17145139345506263,0.35576892056576787,0.4727796859784177,-14.397062486315564,-1486.313483762627,True,0.0,Random (k=5),Random,without_single_atom_contributions,False,False,False,False,False
18,NC(=O)C(=O)C(O)CO,16,5,5,0.36775565123411913,0.26775565123411915,1.0,0.15156771446730405,0.4323758735319161,0.4160564119994943,-9.421013178792297,-1534.1474067035278,True,1.5084210631443875e-15,Random (k=5),Random,without_single_atom_contributions,False,False,False,False,False
19,CC1=NCC(O1)C(N)=O,17,5,5,0.3025606276389728,0.18491356881544335,1.1764705882352942,0.08436918508709261,0.43638288510261775,0.47924792980943265,-34.86142178571703,-1643.3586888896023,True,2.038192074108625e-16,Random (k=5),Random,without_single_atom_contributions,False,False,False,False,False
0,CC1=C(N)C=NO1,13,5,5,0.7930687755678747,0.7622995447986439,0.3076923076923077,0.7291705891361433,0.12779637286117157,0.14303303800096684,8.03289248474122,-1269.610227825433,True,2.211353933533149e-16,Greedy-Random (k=5),Greedy-Random,without_single_atom_contributions,True,False,False,True,True
1,CC#CC1CC(C)C1O,21,5,5,0.8226595158966804,0.7655166587538232,0.5714285714285714,0.6776757109702136,0.2899676098504554,0.03235667917747228,1.5235452888552419,-2021.1027209978224,True,2.914840885068753e-16,Greedy-Random (k=5),Greedy-Random,without_single_atom_contributions,True,False,False,True,True
2,C1OC11C2C3CN2C13,15,5,5,0.866806467238164,0.8401398005714974,0.26666666666666666,0.7991700386313745,0.1352728572125182,0.06555710415531171,82.88587696587113,-1515.21985553297,True,0.0,Greedy-Random (k=5),Greedy-Random,without_single_atom_contributions,True,False,False,True,True
3,C1NC2C3COCC12O3,18,5,5,0.8654508792629177,0.8210064348184734,0.4444444444444444,0.7820892911800453,0.16672317616356436,0.05118753265475492,36.63757831488394,-1746.5867215199432,True,3.878764746137734e-16,Greedy-Random (k=5),Greedy-Random,without_single_atom_contributions,True,False,False,True,True
4,O=C1CC2(CC1O2)C#C,15,5,5,0.780317030638527,0.7536503639718604,0.26666666666666666,0.6596589006235453,0.24131626002851542,0.09902483934685331,4.312537059739271,-1589.5415163929686,True,1.4416685240341087e-15,Greedy-Random (k=5),Greedy-Random,without_single_atom_contributions,True,False,False,True,True
5,CC1N2CC2(C#C)C1=O,16,5,5,0.7601501757689554,0.7476501757689554,0.125,0.6509867120005014,0.21832692753526017,0.13068636046300255,18.986259179603863,-1657.6014506101653,True,3.7424051206446393e-16,Greedy-Random (k=5),Greedy-Random,without_single_atom_contributions,True,False,False,True,True
6,O=CC1OCC11CCO1,17,5,5,0.70906483790931,0.6502413084975452,0.5882352941176471,0.49908142703769687,0.4199668217412492,0.08095175121957114,24.757996713375118,-1678.5267873027476,True,0.0,Greedy-Random (k=5),Greedy-Random,without_single_atom_contributions,True,False,False,True,True
7,CC12COCC1(C)C2O,21,5,5,0.6504881847904601,0.6028691371714126,0.47619047619047616,0.4418390340701592,0.4172983014367798,0.14086266449019447,-0.9582831744772141,-1979.9513730289436,True,1.2744096520597626e-15,Greedy-Random (k=5),Greedy-Random,without_single_atom_contributions,True,False,False,True,True
8,CNC(=O)CC1CN1,18,5,5,0.7770804325375681,0.7437470992042348,0.3333333333333333,0.6906374236777011,0.17288601771756695,0.13647655860310676,2.6366930561521884,-1672.265060659945,True,2.3579722042952213e-15,Greedy-Random (k=5),Greedy-Random,without_single_atom_contributions,True,False,False,True,True
9,CC12C3C(CN13)OC2=O,16,5,5,0.6917976248464166,0.6417976248464166,0.5,0.5669992227506013,0.24959680419015526,0.18340397305813702,-1.6838901683310934,-1616.450102641286,True,3.428465725546552e-15,Greedy-Random (k=5),Greedy-Random,without_single_atom_contributions,True,False,False,True,True
10,COC12C(C)C1CC2C,23,5,5,0.6921115885931441,0.6138507190279268,0.782608695652174,0.5281508883309409,0.32792140052223046,0.14392771114519656,9.008961511740576,-2151.239339876484,True,3.943532974506696e-16,Greedy-Random (k=5),Greedy-Random,without_single_atom_contributions,True,False,False,True,True
11,CC1C2CC2(C)C1=NO,20,5,5,0.7599890976249873,0.7099890976249873,0.5,0.6290325406534433,0.26191311394125594,0.10905434540392658,33.38591039790339,-1917.874688367481,True,4.2565425192214824e-16,Greedy-Random (k=5),Greedy-Random,without_single_atom_contributions,True,False,False,True,True
12,NC(C#C)(C#N)C1CO1,15,5,5,0.5893422317584346,0.5226755650917679,0.6666666666666666,0.37840797674329807,0.42186851002850195,0.1997235132268716,32.29489123173883,-1554.3734179798228,True,2.2001707039644447e-16,Greedy-Random (k=5),Greedy-Random,without_single_atom_contributions,True,False,False,True,True
13,CCCC1=NC=NN=N1,17,5,5,0.758994370371449,0.6884061350773314,0.7058823529411765,0.6240858761336945,0.2698169884735245,0.10609713539129269,15.807805114993277,-1649.3419384453355,True,1.1237213683158243e-16,Greedy-Random (k=5),Greedy-Random,without_single_atom_contributions,True,False,False,True,True
14,O=CC1=CC(=O)C(=O)C1,13,5,5,0.726749531510361,0.6652110699718995,0.6153846153846154,0.5719882224750712,0.30952261806939574,0.11848915945464496,-50.45568278163597,-1418.2535495454308,True,1.4082511554423034e-16,Greedy-Random (k=5),Greedy-Random,without_single_atom_contributions,True,False,False,True,True
15,OC12C=CC3OC1C2O3,15,5,5,0.8333884536372853,0.8067217869706187,0.26666666666666666,0.7583507757203319,0.15007535583190348,0.09157386844626214,8.686721758681735,-1548.3901684240898,True,2.8628746772581383e-15,Greedy-Random (k=5),Greedy-Random,without_single_atom_contributions,True,False,False,True,True
16,CCC(COC=N)=NO,19,5,5,0.7782525024887779,0.7150946077519358,0.631578947368421,0.6910120268180204,0.17448095133963545,0.13450702184093458,35.985776923989086,-1773.4953077682608,True,3.9490198433618297e-16,Greedy-Random (k=5),Greedy-Random,without_single_atom_contributions,True,False,False,True,True
17,N#CC12OCC(O1)C=C2,14,5,5,0.597530863943459,0.5689594353720304,0.2857142857142857,0.36813429520052665,0.4587931374842916,0.1730725673140019,-14.397062486315564,-1486.313483762627,True,9.870662663727925e-16,Greedy-Random (k=5),Greedy-Random,without_single_atom_contributions,True,False,False,True,True
18,NC(=O)C(=O)C(O)CO,16,5,5,0.7814858937641281,0.7689858937641282,0.125,0.6470316268352144,0.26890853385605273,0.08405983930740184,-9.421013178792297,-1534.1474067035278,True,1.1313157973582906e-15,Greedy-Random (k=5),Greedy-Random,without_single_atom_contributions,True,False,False,True,True
19,CC1=NCC(O1)C(N)=O,17,5,5,0.7091967823136556,0.6856673705489497,0.23529411764705882,0.6378058309769136,0.14278190267048535,0.21941226635035205,-34.86142178571703,-1643.3586888896023,True,0.0,Greedy-Random (k=5),Greedy-Random,without_single_atom_contributions,True,False,False,True,True
0,CC1=C(N)C=NO1,13,5,5,0.7919543916204503,0.7919543916204503,0.0,0.6876129175920459,0.2086829480537316,0.10370413435191447,8.03289248474122,-1269.610227825433,True,2.211353933533149e-16,Greedy-Distance (k=5),Greedy-Distance,without_single_atom_contributions,False,True,False,True,True
1,CC#CC1CC(C)C1O,21,5,5,0.6504410209835001,0.6266314971739763,0.23809523809523808,0.4571139753636597,0.38665409123700123,0.15623193339732944,1.5235452888552419,-2021.1027209978224,True,1.4574204425343764e-15,Greedy-Distance (k=5),Greedy-Distance,without_single_atom_contributions,False,True,False,True,True
2,C1OC11C2C3CN2C13,15,5,5,0.8248987163714756,0.8248987163714756,0.0,0.7697708218498991,0.11025578904201458,0.11997338910723257,82.88587696587113,-1515.21985553297,True,1.71450857919212e-16,Greedy-Distance (k=5),Greedy-Distance,without_single_atom_contributions,False,True,False,True,True
3,C1NC2C3COCC12O3,18,5,5,0.8112284649541813,0.8112284649541813,0.0,0.6837327639154238,0.2549914020757943,0.06127583400749124,36.63757831488394,-1746.5867215199432,True,7.757529492275468e-16,Greedy-Distance (k=5),Greedy-Distance,without_single_atom_contributions,False,True,False,True,True
4,O=C1CC2(CC1O2)C#C,15,5,5,0.7304097635002665,0.7304097635002665,0.0,0.6721201050719791,0.11657931685429056,0.21130057807201696,4.312537059739271,-1589.5415163929686,True,1.0297632314529347e-15,Greedy-Distance (k=5),Greedy-Distance,without_single_atom_contributions,False,True,False,True,True
5,CC1N2CC2(C#C)C1=O,16,5,5,0.8101985182246181,0.8101985182246181,0.0,0.7226141197340292,0.17516879697820867,0.10221708328553537,18.986259179603863,-1657.6014506101653,True,9.356012801611598e-16,Greedy-Distance (k=5),Greedy-Distance,without_single_atom_contributions,False,True,False,True,True
6,O=CC1OCC11CCO1,17,5,5,0.7888441544243129,0.7888441544243129,0.0,0.6226631875890881,0.33236193366868877,0.04497487874090264,24.757996713375118,-1678.5267873027476,True,2.8699524601413764e-16,Greedy-Distance (k=5),Greedy-Distance,without_single_atom_contributions,False,True,False,True,True
7,CC12COCC1(C)C2O,21,5,5,0.6727104158626546,0.644138987291226,0.2857142857142857,0.5419676196149933,0.2614855924933961,0.1965467878901657,-0.9582831744772141,-1979.9513730289436,True,1.2744096520597626e-15,Greedy-Distance (k=5),Greedy-Distance,without_single_atom_contributions,False,True,False,True,True
8,CNC(=O)CC1CN1,18,5,5,0.8172031227861268,0.8172031227861268,0.0,0.7174673906009571,0.19947146436821458,0.08306114502923455,2.6366930561521884,-1672.265060659945,True,3.536958306442832e-15,Greedy-Distance (k=5),Greedy-Distance,without_single_atom_contributions,False,True,False,True,True
9,CC12C3C(CN13)OC2=O,16,5,5,0.8230108298134255,0.8230108298134255,0.0,0.7497437594225336,0.1465341407794634,0.10372209979626267,-1.6838901683310934,-1616.450102641286,True,7.911843982030505e-16,Greedy-Distance (k=5),Greedy-Distance,without_single_atom_contributions,False,True,False,True,True
10,COC12C(C)C1CC2C,23,5,5,0.8478472080845424,0.8478472080845424,0.0,0.7850395000194946,0.12561541612772467,0.08934508385100247,9.008961511740576,-2151.239339876484,True,3.5491796770560266e-15,Greedy-Distance (k=5),Greedy-Distance,without_single_atom_contributions,False,True,False,True,True
11,CC1C2CC2(C)C1=NO,20,5,5,0.7611136750850771,0.7611136750850771,0.0,0.6431707809764707,0.23588578821566258,0.12094343080670407,33.38591039790339,-1917.874688367481,True,4.2565425192214824e-16,Greedy-Distance (k=5),Greedy-Distance,without_single_atom_contributions,False,True,False,True,True
12,NC(C#C)(C#N)C1CO1,15,5,5,0.8181711063871289,0.8181711063871289,0.0,0.7124928615029951,0.21135648976588436,0.07615064872933303,32.29489123173883,-1554.3734179798228,True,8.800682815857779e-16,Greedy-Distance (k=5),Greedy-Distance,without_single_atom_contributions,False,True,False,True,True
13,CCCC1=NC=NN=N1,17,5,5,0.7423497259562827,0.7423497259562827,0.0,0.6221320908126281,0.24043527028571895,0.13743263890046017,15.807805114993277,-1649.3419384453355,True,1.1237213683158243e-16,Greedy-Distance (k=5),Greedy-Distance,without_single_atom_contributions,False,True,False,True,True
14,O=CC1=CC(=O)C(=O)C1,13,5,5,0.7518975707181036,0.7518975707181036,0.0,0.6255657947571858,0.2526635519206385,0.12177065332127783,-50.45568278163597,-1418.2535495454308,True,2.8165023108846067e-16,Greedy-Distance (k=5),Greedy-Distance,without_single_atom_contributions,False,True,False,True,True
15,OC12C=CC3OC1C2O3,15,5,5,0.5677946215335626,0.5544612882002293,0.13333333333333333,0.390833803941945,0.3539216351818484,0.25524456087516645,8.686721758681735,-1548.3901684240898,True,4.089820967511626e-16,Greedy-Distance (k=5),Greedy-Distance,without_single_atom_contributions,False,True,False,True,True
16,CCC(COC=N)=NO,19,5,5,0.7980463032087094,0.7875199874192357,0.10526315789473684,0.6624877821774214,0.27111704206084025,0.06639517576043673,35.985776923989086,-1773.4953077682608,True,3.9490198433618297e-16,Greedy-Distance (k=5),Greedy-Distance,without_single_atom_contributions,False,True,False,True,True
17,N#CC12OCC(O1)C=C2,14,5,5,0.4892594750229302,0.4892594750229302,0.0,0.23399671495478955,0.5105255201347231,0.25547776490931867,-14.397062486315564,-1486.313483762627,True,1.2338328329659906e-16,Greedy-Distance (k=5),Greedy-Distance,without_single_atom_contributions,False,True,False,True,True
18,NC(=O)C(=O)C(O)CO,16,5,5,0.8222482046269716,0.8222482046269716,0.0,0.72565568199277,0.1931850452658726,0.08115927273945947,-9.421013178792297,-1534.1474067035278,True,7.542105315721938e-16,Greedy-Distance (k=5),Greedy-Distance,without_single_atom_contributions,False,True,False,True,True
19,CC1=NCC(O1)C(N)=O,17,5,5,0.831344356970484,0.8195796510881311,0.11764705882352941,0.6952186254765548,0.27225146298501596,0.03252991153629734,-34.86142178571703,-1643.3586888896023,True,2.038192074108625e-16,Greedy-Distance (k=5),Greedy-Distance,without_single_atom_contributions,False,True,False,True,True
0,CC1=C(N)C=NO1,13,5,5,0.7919543916204503,0.7919543916204503,0.0,0.6876129175920459,0.2086829480537316,0.10370413435191447,8.03289248474122,-1269.610227825433,True,2.211353933533149e-16,Metropolis-Hastings (k=5),Metropolis-Hastings,without_single_atom_contributions,False,False,True,False,True
1,CC#CC1CC(C)C1O,21,5,5,0.7157574485347671,0.7157574485347671,0.0,0.5569956534905732,0.3175235900832336,0.12548075642232753,1.5235452888552419,-2021.1027209978224,True,8.744522655206259e-15,Metropolis-Hastings (k=5),Metropolis-Hastings,without_single_atom_contributions,False,False,True,False,True
2,C1OC11C2C3CN2C13,15,5,5,0.8248987163714756,0.8248987163714756,0.0,0.7697708218498991,0.11025578904201458,0.11997338910723257,82.88587696587113,-1515.21985553297,True,1.71450857919212e-16,Metropolis-Hastings (k=5),Metropolis-Hastings,without_single_atom_contributions,False,False,True,False,True
3,C1NC2C3COCC12O3,18,5,5,0.8659868012896292,0.8659868012896292,0.0,0.8048947559639369,0.1221840906495053,0.07292115338514825,36.63757831488394,-1746.5867215199432,True,3.878764746137734e-16,Metropolis-Hastings (k=5),Metropolis-Hastings,without_single_atom_contributions,False,False,True,False,True
4,O=C1CC2(CC1O2)C#C,15,5,5,0.8410217384500781,0.8410217384500781,0.0,0.7389997470397397,0.20404398281816266,0.05695627014021185,4.312537059739271,-1589.5415163929686,True,1.0297632314529347e-15,Metropolis-Hastings (k=5),Metropolis-Hastings,without_single_atom_contributions,False,False,True,False,True
5,CC1N2CC2(C#C)C1=O,16,5,5,0.8415774457315125,0.8415774457315125,0.0,0.7797259842002916,0.12370292306042882,0.0965710927377698,18.986259179603863,-1657.6014506101653,True,7.484810241289279e-16,Metropolis-Hastings (k=5),Metropolis-Hastings,without_single_atom_contributions,False,False,True,False,True
6,O=CC1OCC11CCO1,17,5,5,0.8752509385550923,0.8752509385550923,0.0,0.7914040841345695,0.16769370883823087,0.04090220702508865,24.757996713375118,-1678.5267873027476,True,0.0,Metropolis-Hastings (k=5),Metropolis-Hastings,without_single_atom_contributions,False,False,True,False,True
7,CC12COCC1(C)C2O,21,5,5,0.7052060012306306,0.7052060012306306,0.0,0.5596873373695804,0.29103732771652757,0.14927533490971256,-0.9582831744772141,-1979.9513730289436,True,1.4250217018486436e-14,Metropolis-Hastings (k=5),Metropolis-Hastings,without_single_atom_contributions,False,False,True,False,True
8,CNC(=O)CC1CN1,18,5,5,0.9183695337493974,0.9072584226382864,0.1111111111111111,0.8965257460880289,0.04368757532021445,0.059786678589864674,2.6366930561521884,-1672.265060659945,True,4.210664650527181e-15,Metropolis-Hastings (k=5),Metropolis-Hastings,without_single_atom_contributions,False,False,True,False,True
9,CC12C3C(CN13)OC2=O,16,5,5,0.8393355907156681,0.8268355907156681,0.125,0.770604427013372,0.13746232740283373,0.09193324558247536,-1.6838901683310934,-1616.450102641286,True,3.955921991015252e-15,Metropolis-Hastings (k=5),Metropolis-Hastings,without_single_atom_contributions,False,False,True,False,True
10,COC12C(C)C1CC2C,23,5,5,0.8599261321390813,0.8512304799651683,0.08695652173913043,0.8091973481285725,0.10145756801864703,0.08934508385100248,9.008961511740576,-2151.239339876484,True,3.5491796770560266e-15,Metropolis-Hastings (k=5),Metropolis-Hastings,without_single_atom_contributions,False,False,True,False,True
11,CC1C2CC2(C)C1=NO,20,5,5,0.8077500244271457,0.8077500244271457,0.0,0.6687588547044446,0.277982339443656,0.05325880585058979,33.38591039790339,-1917.874688367481,True,2.1282712596107412e-16,Metropolis-Hastings (k=5),Metropolis-Hastings,without_single_atom_contributions,False,False,True,False,True
12,NC(C#C)(C#N)C1CO1,15,5,5,0.8699833781117882,0.8566500447784549,0.13333333333333333,0.80403385856888,0.13189903908291187,0.06406710234602972,32.29489123173883,-1554.3734179798228,True,0.0,Metropolis-Hastings (k=5),Metropolis-Hastings,without_single_atom_contributions,False,False,True,False,True
13,CCCC1=NC=NN=N1,17,5,5,0.8236877802903084,0.8236877802903084,0.0,0.7518930202373736,0.14358952010274623,0.1045174596575376,15.807805114993277,-1649.3419384453355,True,0.0,Metropolis-Hastings (k=5),Metropolis-Hastings,without_single_atom_contributions,False,False,True,False,True
14,O=CC1=CC(=O)C(=O)C1,13,5,5,0.7487797936863888,0.7487797936863888,0.0,0.6112685943180991,0.27502239873475254,0.11370900694577817,-50.45568278163597,-1418.2535495454308,True,2.8165023108846067e-16,Metropolis-Hastings (k=5),Metropolis-Hastings,without_single_atom_contributions,False,False,True,False,True
15,OC12C=CC3OC1C2O3,15,5,5,0.8161750106610787,0.8161750106610787,0.0,0.7597484239982998,0.11285317332315656,0.12739840267674268,8.686721758681735,-1548.3901684240898,True,1.4314373386290691e-15,Metropolis-Hastings (k=5),Metropolis-Hastings,without_single_atom_contributions,False,False,True,False,True
16,CCC(COC=N)=NO,19,5,5,0.8410503384107395,0.8305240226212658,0.10526315789473684,0.7339875223750967,0.2141256320686834,0.05188684555426813,35.985776923989086,-1773.4953077682608,True,3.9490198433618297e-16,Metropolis-Hastings (k=5),Metropolis-Hastings,without_single_atom_contributions,False,False,True,False,True
17,N#CC12OCC(O1)C=C2,14,5,5,0.7316071634782754,0.7173214491925611,0.14285714285714285,0.6452949889633447,0.1726243490272947,0.18208066200743567,-14.397062486315564,-1486.313483762627,True,1.2338328329659906e-16,Metropolis-Hastings (k=5),Metropolis-Hastings,without_single_atom_contributions,False,False,True,False,True
18,NC(=O)C(=O)C(O)CO,16,5,5,0.789128443072248,0.789128443072248,0.0,0.6604829927768664,0.25729090058908743,0.08222610663278923,-9.421013178792297,-1534.1474067035278,True,9.427631644652422e-16,Metropolis-Hastings (k=5),Metropolis-Hastings,without_single_atom_contributions,False,False,True,False,True
19,CC1=NCC(O1)C(N)=O,17,5,5,0.831344356970484,0.8195796510881311,0.11764705882352941,0.6952186254765548,0.27225146298501596,0.03252991153629734,-34.86142178571703,-1643.3586888896023,True,2.038192074108625e-16,Metropolis-Hastings (k=5),Metropolis-Hastings,without_single_atom_contributions,False,False,True,False,True
0,CC1=C(N)C=NO1,13,6,6,0.451587523118046,0.451587523118046,0.0,0.17671216545130386,0.5497507153320046,0.27353711921558177,8.03289248474122,-1269.610227825433,True,0.0,Distance (k=6),Distance,without_single_atom_contributions,False,False,False,False,False
1,CC#CC1CC(C)C1O,21,6,6,0.568040114863558,0.568040114863558,0.0,0.3602292845372131,0.41562166065081135,0.22414905481056674,1.5235452888552419,-2021.1027209978224,True,4.372261327603129e-15,Distance (k=6),Distance,without_single_atom_contributions,False,False,False,False,False
2,C1OC11C2C3CN2C13,15,6,6,0.3814252235617308,0.3814252235617308,0.0,0.14008348800887946,0.48268347110459686,0.3772330408856943,82.88587696587113,-1515.21985553297,True,3.42901715838424e-16,Distance (k=6),Distance,without_single_atom_contributions,False,False,False,False,False
3,C1NC2C3COCC12O3,18,6,6,0.3490993882605857,0.3490993882605857,0.0,0.16368428068496954,0.37083021515023123,0.4654855041640485,36.63757831488394,-1746.5867215199432,True,1.939382373068867e-16,Distance (k=6),Distance,without_single_atom_contributions,False,False,False,False,False
4,O=C1CC2(CC1O2)C#C,15,6,6,0.2501800679529908,0.2501800679529908,0.0,0.06334344548633941,0.3736732449323149,0.5629833095806048,4.312537059739271,-1589.5415163929686,True,3.0892896943588042e-15,Distance (k=6),Distance,without_single_atom_contributions,False,False,False,False,False
5,CC1N2CC2(C#C)C1=O,16,6,6,0.5686785511343828,0.5686785511343828,0.0,0.4335594743406263,0.27023815358594394,0.296202372072253,18.986259179603863,-1657.6014506101653,True,5.613607680966959e-16,Distance (k=6),Distance,without_single_atom_contributions,False,False,False,False,False
6,O=CC1OCC11CCO1,17,6,6,0.5520241625311931,0.5520241625311931,0.0,0.33711439042583474,0.42981954420935836,0.2330660653637882,24.757996713375118,-1678.5267873027476,True,2.8699524601413764e-16,Distance (k=6),Distance,without_single_atom_contributions,False,False,False,False,False
7,CC12COCC1(C)C2O,21,6,6,0.33792779002366347,0.33792779002366347,0.0,0.1833887715888714,0.30907803686827084,0.5075331915418728,-0.9582831744772141,-1979.9513730289436,True,1.1469686868537864e-14,Distance (k=6),Distance,without_single_atom_contributions,False,False,False,False,False
8,CNC(=O)CC1CN1,18,6,6,0.6583707217316054,0.6583707217316054,0.0,0.44156861372320383,0.43360421601510934,0.12482717026041645,2.6366930561521884,-1672.265060659945,True,6.73706344084349e-16,Distance (k=6),Distance,without_single_atom_contributions,False,False,False,False,False
9,CC12C3C(CN13)OC2=O,16,6,6,0.43733085132281974,0.43733085132281974,0.0,0.2479522271077495,0.37875724842901487,0.3732905244623914,-1.6838901683310934,-1616.450102641286,True,1.846096929140451e-15,Distance (k=6),Distance,without_single_atom_contributions,False,False,False,False,False
10,COC12C(C)C1CC2C,23,6,6,0.49026516426252004,0.49026516426252004,0.0,0.24978293168667806,0.48096446515023944,0.2692526031619991,9.008961511740576,-2151.239339876484,True,1.5774131898026784e-15,Distance (k=6),Distance,without_single_atom_contributions,False,False,False,False,False
11,CC1C2CC2(C)C1=NO,20,6,6,0.3222682240418035,0.3222682240418035,0.0,0.10111347779768956,0.4423094924872864,0.45657702971431796,33.38591039790339,-1917.874688367481,True,4.2565425192214824e-16,Distance (k=6),Distance,without_single_atom_contributions,False,False,False,False,False
12,NC(C#C)(C#N)C1CO1,15,6,6,0.4620654534347919,0.4620654534347919,0.0,0.2964288693018987,0.33127316826460795,0.3722979624326095,32.29489123173883,-1554.3734179798228,True,0.0,Distance (k=6),Distance,without_single_atom_contributions,False,False,False,False,False
13,CCCC1=NC=NN=N1,17,6,6,0.6244126575623927,0.6244126575623927,0.0,0.5219901245248654,0.2048450660734065,0.273164809400492,15.807805114993277,-1649.3419384453355,True,4.494885473263297e-16,Distance (k=6),Distance,without_single_atom_contributions,False,False,False,False,False
14,O=CC1=CC(=O)C(=O)C1,13,6,6,0.3997446197802508,0.3997446197802508,0.0,0.18897858290601377,0.4215320737468516,0.38948934334591784,-50.45568278163597,-1418.2535495454308,True,2.8165023108846067e-16,Distance (k=6),Distance,without_single_atom_contributions,False,False,False,False,False
15,OC12C=CC3OC1C2O3,15,6,6,0.34910014353800967,0.34910014353800967,0.0,0.12387048574729671,0.4504593155800667,0.4256701986716172,8.686721758681735,-1548.3901684240898,True,8.179641935023252e-16,Distance (k=6),Distance,without_single_atom_contributions,False,False,False,False,False
16,CCC(COC=N)=NO,19,6,6,0.7191875755412106,0.7191875755412106,0.0,0.6030717420646857,0.23223166695141528,0.16469659098267306,35.985776923989086,-1773.4953077682608,True,3.9490198433618297e-16,Distance (k=6),Distance,without_single_atom_contributions,False,False,False,False,False
17,N#CC12OCC(O1)C=C2,14,6,6,0.420453833616623,0.420453833616623,0.0,0.3288995145586754,0.18310863811457692,0.48799184732575906,-14.397062486315564,-1486.313483762627,True,1.2338328329659906e-16,Distance (k=6),Distance,without_single_atom_contributions,False,False,False,False,False
18,NC(=O)C(=O)C(O)CO,16,6,6,0.6662281549678751,0.6662281549678751,0.0,0.5181188212908093,0.29621866735224167,0.1856625113555316,-9.421013178792297,-1534.1474067035278,True,5.656578986791453e-16,Distance (k=6),Distance,without_single_atom_contributions,False,False,False,False,False
19,CC1=NCC(O1)C(N)=O,17,6,6,0.6416971904944178,0.6416971904944178,0.0,0.5409935670705678,0.20140724684583974,0.2575991860821973,-34.86142178571703,-1643.3586888896023,True,0.0,Distance (k=6),Distance,without_single_atom_contributions,False,False,False,False,False
0,CC1=C(N)C=NO1,13,6,6,0.3486356598788742,0.25632796757118187,0.9230769230769231,0.06729796767018854,0.5626753844159534,0.3700266479127946,8.03289248474122,-1269.610227825433,True,1.1056769667665745e-15,Random (k=6),Random,without_single_atom_contributions,False,False,False,False,False
1,CC#CC1CC(C)C1O,21,6,6,0.18541184824876167,0.061602324439237854,1.2380952380952381,0.037851147664417356,0.2951214011678525,0.667027451167103,1.5235452888552419,-2021.1027209978224,True,1.8946465752946892e-15,Random (k=6),Random,without_single_atom_contributions,False,False,False,False,False
2,C1OC11C2C3CN2C13,15,6,6,0.24445799049638017,0.15112465716304685,0.9333333333333333,0.07606603591273217,0.3367839091665365,0.5871500549201617,82.88587696587113,-1515.21985553297,True,5.14352573757636e-16,Random (k=6),Random,without_single_atom_contributions,False,False,False,False,False
3,C1NC2C3COCC12O3,18,6,6,0.20266325507274666,0.08044103285052442,1.2222222222222223,0.032931263814487195,0.3394639825157464,0.627604753669187,36.63757831488394,-1746.5867215199432,True,3.878764746137734e-16,Random (k=6),Random,without_single_atom_contributions,False,False,False,False,False
4,O=C1CC2(CC1O2)C#C,15,6,6,0.3111056496088523,0.23110564960885227,0.8,0.1013978312425459,0.419415636731659,0.47918653202507977,4.312537059739271,-1589.5415163929686,True,1.6476211703246957e-15,Random (k=6),Random,without_single_atom_contributions,False,False,False,False,False
5,CC1N2CC2(C#C)C1=O,16,6,6,0.2795464757104266,0.17954647571042662,1.0,0.04352698218554448,0.47203898704890973,0.48443403076490493,18.986259179603863,-1657.6014506101653,True,1.1227215361933919e-15,Random (k=6),Random,without_single_atom_contributions,False,False,False,False,False
6,O=CC1OCC11CCO1,17,6,6,0.26640666761324844,0.1722890205544249,0.9411764705882353,0.08402125591547685,0.3647708233945872,0.551207920689219,24.757996713375118,-1678.5267873027476,True,2.8699524601413764e-16,Random (k=6),Random,without_single_atom_contributions,False,False,False,False,False
7,CC12COCC1(C)C2O,21,6,6,0.21891771239084798,0.08558437905751465,1.3333333333333333,0.01896520296287824,0.39990501885510166,0.5811297781813918,-0.9582831744772141,-1979.9513730289436,True,1.2744096520597626e-15,Random (k=6),Random,without_single_atom_contributions,False,False,False,False,False
8,CNC(=O)CC1CN1,18,6,6,0.2836981561204605,0.16147593389823828,1.2222222222222223,0.028588273590849075,0.5102197650582123,0.4611919613501807,2.6366930561521884,-1672.265060659945,True,2.5263987903163084e-15,Random (k=6),Random,without_single_atom_contributions,False,False,False,False,False
9,CC12C3C(CN13)OC2=O,16,6,6,0.20984975235058134,0.09734975235058134,1.125,0.02159193290593092,0.3765156388885377,0.601892428204959,-1.6838901683310934,-1616.450102641286,True,2.3735531946091513e-15,Random (k=6),Random,without_single_atom_contributions,False,False,False,False,False
10,COC12C(C)C1CC2C,23,6,6,0.2396990327974664,0.14404685888442292,0.9565217391304348,0.06635630879260034,0.34668544800835926,0.5869582431980107,9.008961511740576,-2151.239339876484,True,1.1830598923520089e-15,Random (k=6),Random,without_single_atom_contributions,False,False,False,False,False
11,CC1C2CC2(C)C1=NO,20,6,6,0.35272728135068676,0.2527272813506868,1.0,0.04804290810071596,0.6093687464991786,0.3425883453995332,33.38591039790339,-1917.874688367481,True,2.1282712596107412e-16,Random (k=6),Random,without_single_atom_contributions,False,False,False,False,False
12,NC(C#C)(C#N)C1CO1,15,6,6,0.18671138986887303,0.06671138986887304,1.2,0.0,0.3734227797365792,0.6265772202625456,32.29489123173883,-1554.3734179798228,True,0.0,Random (k=6),Random,without_single_atom_contributions,False,False,False,False,False
13,CCCC1=NC=NN=N1,17,6,6,0.22043644325722597,0.09102467855134361,1.2941176470588236,0.0,0.4408728865134423,0.5591271134858005,15.807805114993277,-1649.3419384453355,True,1.1237213683158243e-16,Random (k=6),Random,without_single_atom_contributions,False,False,False,False,False
14,O=CC1=CC(=O)C(=O)C1,13,6,6,0.32065309686425086,0.24373001994117394,0.7692307692307693,0.05025617008178404,0.5407938535640455,0.4089499763535044,-50.45568278163597,-1418.2535495454308,True,2.8165023108846067e-16,Random (k=6),Random,without_single_atom_contributions,False,False,False,False,False
15,OC12C=CC3OC1C2O3,15,6,6,0.20701303011963254,0.10034636345296587,1.0666666666666667,0.042829663697301755,0.3283667328436568,0.6288036034582879,8.686721758681735,-1548.3901684240898,True,2.044910483755813e-16,Random (k=6),Random,without_single_atom_contributions,False,False,False,False,False
16,CCC(COC=N)=NO,19,6,6,0.31204335916450293,0.18572756969081872,1.263157894736842,0.02662283799324644,0.5708410423415718,0.40253611966447583,35.985776923989086,-1773.4953077682608,True,3.9490198433618297e-16,Random (k=6),Random,without_single_atom_contributions,False,False,False,False,False
17,N#CC12OCC(O1)C=C2,14,6,6,0.43995954109270324,0.3828166839498461,0.5714285714285714,0.1529244464902302,0.5740701892037433,0.27300536430512445,-14.397062486315564,-1486.313483762627,True,2.467665665931981e-16,Random (k=6),Random,without_single_atom_contributions,False,False,False,False,False
18,NC(=O)C(=O)C(O)CO,16,6,6,0.3224949145668432,0.20999491456684322,1.125,0.12249641098649995,0.3999970071596856,0.4775065818530637,-9.421013178792297,-1534.1474067035278,True,7.542105315721938e-16,Random (k=6),Random,without_single_atom_contributions,False,False,False,False,False
19,CC1=NCC(O1)C(N)=O,17,6,6,0.1814591339757384,0.07557678103456192,1.0588235294117647,0.0010751250635270737,0.3607680178234076,0.6381568571123041,-34.86142178571703,-1643.3586888896023,True,0.0,Random (k=6),Random,without_single_atom_contributions,False,False,False,False,False
0,CC1=C(N)C=NO1,13,6,6,0.6377587000893371,0.6069894693201063,0.3076923076923077,0.5294250012294459,0.21666739771823795,0.25390760105115784,8.03289248474122,-1269.610227825433,True,0.0,Greedy-Random (k=6),Greedy-Random,without_single_atom_contributions,True,False,False,True,True
1,CC#CC1CC(C)C1O,21,6,6,0.6344389615758869,0.5772961044330297,0.5714285714285714,0.43222606680657616,0.40442578953618885,0.16334814365541064,1.5235452888552419,-2021.1027209978224,True,8.744522655206258e-16,Greedy-Random (k=6),Greedy-Random,without_single_atom_contributions,True,False,False,True,True
2,C1OC11C2C3CN2C13,15,6,6,0.9065644495638349,0.8932311162305016,0.13333333333333333,0.845152992282596,0.12282291456139727,0.03202409315519641,82.88587696587113,-1515.21985553297,True,3.42901715838424e-16,Greedy-Random (k=6),Greedy-Random,without_single_atom_contributions,True,False,False,True,True
3,C1NC2C3COCC12O3,18,6,6,0.7567831623833151,0.7123387179388707,0.4444444444444444,0.6833615785457107,0.14684316767326755,0.16979525377956578,36.63757831488394,-1746.5867215199432,True,1.939382373068867e-16,Greedy-Random (k=6),Greedy-Random,without_single_atom_contributions,True,False,False,True,True
4,O=C1CC2(CC1O2)C#C,15,6,6,0.4874946437286894,0.4474946437286894,0.4,0.30283387170461906,0.36932154404650064,0.32784458424765023,4.312537059739271,-1589.5415163929686,True,2.0595264629058696e-16,Greedy-Random (k=6),Greedy-Random,without_single_atom_contributions,True,False,False,True,True
5,CC1N2CC2(C#C)C1=O,16,6,6,0.6985593570125711,0.6610593570125711,0.375,0.5541468115405435,0.2888250909420717,0.15702809751589716,18.986259179603863,-1657.6014506101653,True,5.613607680966959e-16,Greedy-Random (k=6),Greedy-Random,without_single_atom_contributions,True,False,False,True,True
6,O=CC1OCC11CCO1,17,6,6,0.6463176180179225,0.5992587944885108,0.47058823529411764,0.4792961496574593,0.33404293671943197,0.18666091362198795,24.757996713375118,-1678.5267873027476,True,1.4349762300706882e-16,Greedy-Random (k=6),Greedy-Random,without_single_atom_contributions,True,False,False,True,True
7,CC12COCC1(C)C2O,21,6,6,0.4861662206664065,0.4242614587616446,0.6190476190476191,0.2820609604790786,0.4082105203726196,0.3097285191467747,-0.9582831744772141,-1979.9513730289436,True,4.634216916580955e-16,Greedy-Random (k=6),Greedy-Random,without_single_atom_contributions,True,False,False,True,True
8,CNC(=O)CC1CN1,18,6,6,0.6496721051428659,0.6052276606984215,0.4444444444444444,0.3973670908978384,0.504610028487996,0.0980228806126214,2.6366930561521884,-1672.265060659945,True,2.863251962358483e-15,Greedy-Random (k=6),Greedy-Random,without_single_atom_contributions,True,False,False,True,True
9,CC12C3C(CN13)OC2=O,16,6,6,0.703109748581078,0.690609748581078,0.125,0.6115994470389108,0.18302060308202373,0.2053799498773324,-1.6838901683310934,-1616.450102641286,True,2.6372813273435013e-15,Greedy-Random (k=6),Greedy-Random,without_single_atom_contributions,True,False,False,True,True
10,COC12C(C)C1CC2C,23,6,6,0.6162618914991281,0.5466966741078237,0.6956521739130435,0.3468188605075053,0.5388860619810814,0.11429507750979018,9.008961511740576,-2151.239339876484,True,1.5774131898026784e-15,Greedy-Random (k=6),Greedy-Random,without_single_atom_contributions,True,False,False,True,True
11,CC1C2CC2(C)C1=NO,20,6,6,0.5498706965632619,0.4698706965632619,0.8,0.21267254411190886,0.6743963049017283,0.11293115098562953,33.38591039790339,-1917.874688367481,True,2.1282712596107412e-16,Greedy-Random (k=6),Greedy-Random,without_single_atom_contributions,True,False,False,True,True
12,NC(C#C)(C#N)C1CO1,15,6,6,0.7223427392832398,0.7090094059499065,0.13333333333333333,0.5529376565676379,0.3388101654296357,0.10825217800155036,32.29489123173883,-1554.3734179798228,True,6.600512111893335e-16,Greedy-Random (k=6),Greedy-Random,without_single_atom_contributions,True,False,False,True,True
13,CCCC1=NC=NN=N1,17,6,6,0.7788301221408238,0.731771298611412,0.47058823529411764,0.6597554488992141,0.23814934648133967,0.10209520461803642,15.807805114993277,-1649.3419384453355,True,0.0,Greedy-Random (k=6),Greedy-Random,without_single_atom_contributions,True,False,False,True,True
14,O=CC1=CC(=O)C(=O)C1,13,6,6,0.5620464746929849,0.5620464746929849,0.0,0.39564635658760067,0.3328002362094564,0.2715534072019589,-50.45568278163597,-1418.2535495454308,True,2.8165023108846067e-16,Greedy-Random (k=6),Greedy-Random,without_single_atom_contributions,True,False,False,True,True
15,OC12C=CC3OC1C2O3,15,6,6,0.5386284627131473,0.4986284627131473,0.4,0.32668939330112673,0.4238781388226664,0.2494324678751758,8.686721758681735,-1548.3901684240898,True,4.089820967511626e-16,Greedy-Random (k=6),Greedy-Random,without_single_atom_contributions,True,False,False,True,True
16,CCC(COC=N)=NO,19,6,6,0.6588588367692756,0.5957009420324335,0.631578947368421,0.4887231492152476,0.340271375106629,0.1710054756770531,35.985776923989086,-1773.4953077682608,True,1.9745099216809149e-16,Greedy-Random (k=6),Greedy-Random,without_single_atom_contributions,True,False,False,True,True
17,N#CC12OCC(O1)C=C2,14,6,6,0.46741837397020075,0.4102755168273436,0.5714285714285714,0.1615901915267876,0.6116563648855555,0.22675344358670374,-14.397062486315564,-1486.313483762627,True,2.467665665931981e-16,Greedy-Random (k=6),Greedy-Random,without_single_atom_contributions,True,False,False,True,True
18,NC(=O)C(=O)C(O)CO,16,6,6,0.7299875207306213,0.7049875207306213,0.25,0.5959209994188052,0.2681330426221196,0.13594595795794062,-9.421013178792297,-1534.1474067035278,True,7.542105315721938e-16,Greedy-Random (k=6),Greedy-Random,without_single_atom_contributions,True,False,False,True,True
19,CC1=NCC(O1)C(N)=O,17,6,6,0.7286219392549186,0.6933278216078598,0.35294117647058826,0.618115627701129,0.22101262310517106,0.1608717491918939,-34.86142178571703,-1643.3586888896023,True,2.038192074108625e-16,Greedy-Random (k=6),Greedy-Random,without_single_atom_contributions,True,False,False,True,True
0,CC1=C(N)C=NO1,13,6,6,0.6275804958227825,0.6275804958227825,0.0,0.551290453638735,0.15258008436654352,0.2961294619935577,8.03289248474122,-1269.610227825433,True,0.0,Greedy-Distance (k=6),Greedy-Distance,without_single_atom_contributions,False,True,False,True,True
1,CC#CC1CC(C)C1O,21,6,6,0.6921520441484632,0.6826282346246537,0.09523809523809523,0.5577513814130435,0.26880132546839763,0.17344729311672757,1.5235452888552419,-2021.1027209978224,True,8.744522655206258e-16,Greedy-Distance (k=6),Greedy-Distance,without_single_atom_contributions,False,True,False,True,True
2,C1OC11C2C3CN2C13,15,6,6,0.9249343392691856,0.9249343392691856,0.0,0.86681980313928,0.11622907225867639,0.016951124601192705,82.88587696587113,-1515.21985553297,True,0.0,Greedy-Distance (k=6),Greedy-Distance,without_single_atom_contributions,False,True,False,True,True
3,C1NC2C3COCC12O3,18,6,6,0.715670687223875,0.715670687223875,0.0,0.5901622280873656,0.2510169182715286,0.1588208536399882,36.63757831488394,-1746.5867215199432,True,1.939382373068867e-16,Greedy-Distance (k=6),Greedy-Distance,without_single_atom_contributions,False,True,False,True,True
4,O=C1CC2(CC1O2)C#C,15,6,6,0.6414518389811659,0.6414518389811659,0.0,0.4417990506505543,0.3993055766593084,0.15889537268870127,4.312537059739271,-1589.5415163929686,True,4.119052925811739e-15,Greedy-Distance (k=6),Greedy-Distance,without_single_atom_contributions,False,True,False,True,True
5,CC1N2CC2(C#C)C1=O,16,6,6,0.7896547035422063,0.7896547035422063,0.0,0.6039827303535754,0.37134394637565726,0.024673323269563896,18.986259179603863,-1657.6014506101653,True,5.613607680966959e-16,Greedy-Distance (k=6),Greedy-Distance,without_single_atom_contributions,False,True,False,True,True
6,O=CC1OCC11CCO1,17,6,6,0.6938001005204405,0.6938001005204405,0.0,0.541670339642773,0.30425952175393495,0.15407013860224203,24.757996713375118,-1678.5267873027476,True,0.0,Greedy-Distance (k=6),Greedy-Distance,without_single_atom_contributions,False,True,False,True,True
7,CC12COCC1(C)C2O,21,6,6,0.7054123238065539,0.7054123238065539,0.0,0.4638942279563483,0.4830361916977598,0.05306958034390319,-0.9582831744772141,-1979.9513730289436,True,2.2012530353759536e-15,Greedy-Distance (k=6),Greedy-Distance,without_single_atom_contributions,False,True,False,True,True
8,CNC(=O)CC1CN1,18,6,6,0.8179303143035197,0.8179303143035197,0.0,0.7296053384342753,0.17664995173602738,0.0937447098278514,2.6366930561521884,-1672.265060659945,True,2.694825376337396e-15,Greedy-Distance (k=6),Greedy-Distance,without_single_atom_contributions,False,True,False,True,True
9,CC12C3C(CN13)OC2=O,16,6,6,0.645438787812355,0.645438787812355,0.0,0.4552619153313205,0.38035374496078045,0.16438433970693275,-1.6838901683310934,-1616.450102641286,True,1.503250356585796e-14,Greedy-Distance (k=6),Greedy-Distance,without_single_atom_contributions,False,True,False,True,True
10,COC12C(C)C1CC2C,23,6,6,0.8267229606522961,0.8267229606522961,0.0,0.7589093039647409,0.1356273133729405,0.10546338266069125,9.008961511740576,-2151.239339876484,True,2.3661197847040177e-15,Greedy-Distance (k=6),Greedy-Distance,without_single_atom_contributions,False,True,False,True,True
11,CC1C2CC2(C)C1=NO,20,6,6,0.7718917054676312,0.7718917054676312,0.0,0.6421643766240034,0.25945465768572323,0.09838096568912401,33.38591039790339,-1917.874688367481,True,0.0,Greedy-Distance (k=6),Greedy-Distance,without_single_atom_contributions,False,True,False,True,True
12,NC(C#C)(C#N)C1CO1,15,6,6,0.6173698382954707,0.6173698382954707,0.0,0.40925156610268054,0.4162365443844974,0.17451188951200994,32.29489123173883,-1554.3734179798228,True,4.4003414079288894e-16,Greedy-Distance (k=6),Greedy-Distance,without_single_atom_contributions,False,True,False,True,True
13,CCCC1=NC=NN=N1,17,6,6,0.7332929229382552,0.7215282170559023,0.11764705882352941,0.660778045372627,0.1450297551295918,0.19419219949653263,15.807805114993277,-1649.3419384453355,True,2.2474427366316485e-16,Greedy-Distance (k=6),Greedy-Distance,without_single_atom_contributions,False,True,False,True,True
14,O=CC1=CC(=O)C(=O)C1,13,6,6,0.6607247590077532,0.6607247590077532,0.0,0.49425643041135275,0.33293665719114335,0.1728069123962608,-50.45568278163597,-1418.2535495454308,True,1.4082511554423034e-16,Greedy-Distance (k=6),Greedy-Distance,without_single_atom_contributions,False,True,False,True,True
15,OC12C=CC3OC1C2O3,15,6,6,0.7249699566892828,0.7249699566892828,0.0,0.5029943426969875,0.4439512279822548,0.05305442931900579,8.686721758681735,-1548.3901684240898,True,8.179641935023252e-16,Greedy-Distance (k=6),Greedy-Distance,without_single_atom_contributions,False,True,False,True,True
16,CCC(COC=N)=NO,19,6,6,0.7378047677345542,0.7378047677345542,0.0,0.6268637367998998,0.22188206186782222,0.15125420133116307,35.985776923989086,-1773.4953077682608,True,5.923529765042744e-16,Greedy-Distance (k=6),Greedy-Distance,without_single_atom_contributions,False,True,False,True,True
17,N#CC12OCC(O1)C=C2,14,6,6,0.47536912856636676,0.47536912856636676,0.0,0.38426922395886254,0.1821998092137143,0.43353096682645265,-14.397062486315564,-1486.313483762627,True,3.701498498897972e-16,Greedy-Distance (k=6),Greedy-Distance,without_single_atom_contributions,False,True,False,True,True
18,NC(=O)C(=O)C(O)CO,16,6,6,0.7361292647631349,0.7236292647631349,0.125,0.6202630465789598,0.23173243636671326,0.1480045170530994,-9.421013178792297,-1534.1474067035278,True,5.656578986791453e-16,Greedy-Distance (k=6),Greedy-Distance,without_single_atom_contributions,False,True,False,True,True
19,CC1=NCC(O1)C(N)=O,17,6,6,0.7320829364826085,0.7320829364826085,0.0,0.6262758497100044,0.21161417354257467,0.16210997674544572,-34.86142178571703,-1643.3586888896023,True,0.0,Greedy-Distance (k=6),Greedy-Distance,without_single_atom_contributions,False,True,False,True,True
0,CC1=C(N)C=NO1,13,6,6,0.7185248021657616,0.7185248021657616,0.0,0.6540549496970673,0.1289397049354339,0.21700534536603283,8.03289248474122,-1269.610227825433,True,2.211353933533149e-16,Metropolis-Hastings (k=6),Metropolis-Hastings,without_single_atom_contributions,False,False,True,False,True
1,CC#CC1CC(C)C1O,21,6,6,0.7854392258571415,0.775915416333332,0.09523809523809523,0.649505864515642,0.2718667226792215,0.07862741280230333,1.5235452888552419,-2021.1027209978224,True,8.744522655206258e-16,Metropolis-Hastings (k=6),Metropolis-Hastings,without_single_atom_contributions,False,False,True,False,True
2,C1OC11C2C3CN2C13,15,6,6,0.9249343392691856,0.9249343392691856,0.0,0.86681980313928,0.11622907225867639,0.016951124601192705,82.88587696587113,-1515.21985553297,True,0.0,Metropolis-Hastings (k=6),Metropolis-Hastings,without_single_atom_contributions,False,False,True,False,True
3,C1NC2C3COCC12O3,18,6,6,0.8177368960741075,0.8177368960741075,0.0,0.7025615928226687,0.23035060650148806,0.06708780067480113,36.63757831488394,-1746.5867215199432,True,1.939382373068867e-16,Metropolis-Hastings (k=6),Metropolis-Hastings,without_single_atom_contributions,False,False,True,False,True
4,O=C1CC2(CC1O2)C#C,15,6,6,0.7064153618992983,0.7064153618992983,0.0,0.5861944781071627,0.2404417675825883,0.17336375430898687,4.312537059739271,-1589.5415163929686,True,1.8535738166152826e-15,Metropolis-Hastings (k=6),Metropolis-Hastings,without_single_atom_contributions,False,False,True,False,True
5,CC1N2CC2(C#C)C1=O,16,6,6,0.7896547035422063,0.7896547035422063,0.0,0.6039827303535754,0.37134394637565726,0.024673323269563896,18.986259179603863,-1657.6014506101653,True,5.613607680966959e-16,Metropolis-Hastings (k=6),Metropolis-Hastings,without_single_atom_contributions,False,False,True,False,True
6,O=CC1OCC11CCO1,17,6,6,0.8203645636191593,0.8203645636191593,0.0,0.7180838325444422,0.2045614621469837,0.07735470530673631,24.757996713375118,-1678.5267873027476,True,8.609857380424129e-16,Metropolis-Hastings (k=6),Metropolis-Hastings,without_single_atom_contributions,False,False,True,False,True
7,CC12COCC1(C)C2O,21,6,6,0.7054123238065539,0.7054123238065539,0.0,0.4638942279563483,0.4830361916977598,0.05306958034390319,-0.9582831744772141,-1979.9513730289436,True,2.2012530353759536e-15,Metropolis-Hastings (k=6),Metropolis-Hastings,without_single_atom_contributions,False,False,True,False,True
8,CNC(=O)CC1CN1,18,6,6,0.840367876092947,0.829256764981836,0.1111111111111111,0.7875152293115573,0.10570529356052635,0.10677947712622647,2.6366930561521884,-1672.265060659945,True,2.863251962358483e-15,Metropolis-Hastings (k=6),Metropolis-Hastings,without_single_atom_contributions,False,False,True,False,True
9,CC12C3C(CN13)OC2=O,16,6,6,0.7879546439596163,0.7879546439596163,0.0,0.6805602218925333,0.21478884413281785,0.10465093397363764,-1.6838901683310934,-1616.450102641286,True,7.648115849296154e-15,Metropolis-Hastings (k=6),Metropolis-Hastings,without_single_atom_contributions,False,False,True,False,True
10,COC12C(C)C1CC2C,23,6,6,0.8377773772354099,0.8290817250614969,0.08695652173913043,0.7810181371309686,0.11351848020671283,0.10546338266069125,9.008961511740576,-2151.239339876484,True,2.3661197847040177e-15,Metropolis-Hastings (k=6),Metropolis-Hastings,without_single_atom_contributions,False,False,True,False,True
11,CC1C2CC2(C)C1=NO,20,6,6,0.7757378584709325,0.7757378584709325,0.0,0.632182352952733,0.2871110110348967,0.08070663601124362,33.38591039790339,-1917.874688367481,True,0.0,Metropolis-Hastings (k=6),Metropolis-Hastings,without_single_atom_contributions,False,False,True,False,True
12,NC(C#C)(C#N)C1CO1,15,6,6,0.7322068283930525,0.7322068283930525,0.0,0.552360911192997,0.3596918343985677,0.0879472544072779,32.29489123173883,-1554.3734179798228,True,0.0,Metropolis-Hastings (k=6),Metropolis-Hastings,without_single_atom_contributions,False,False,True,False,True
13,CCCC1=NC=NN=N1,17,6,6,0.7177361503401883,0.7177361503401883,0.0,0.5540708129155357,0.32733067484728967,0.11859851223566294,15.807805114993277,-1649.3419384453355,True,1.1237213683158243e-16,Metropolis-Hastings (k=6),Metropolis-Hastings,without_single_atom_contributions,False,False,True,False,True
14,O=CC1=CC(=O)C(=O)C1,13,6,6,0.7059948559668087,0.7059948559668087,0.0,0.5545575037102509,0.30287470451149323,0.14256779177703918,-50.45568278163597,-1418.2535495454308,True,2.8165023108846067e-16,Metropolis-Hastings (k=6),Metropolis-Hastings,without_single_atom_contributions,False,False,True,False,True
15,OC12C=CC3OC1C2O3,15,6,6,0.7219332780240072,0.7219332780240072,0.0,0.5368339577510334,0.3701986405441552,0.09296740170346714,8.686721758681735,-1548.3901684240898,True,1.6359283870046504e-15,Metropolis-Hastings (k=6),Metropolis-Hastings,without_single_atom_contributions,False,False,True,False,True
16,CCC(COC=N)=NO,19,6,6,0.796293418907028,0.796293418907028,0.0,0.6859998103752907,0.2205872170618752,0.0934129725616347,35.985776923989086,-1773.4953077682608,True,5.923529765042744e-16,Metropolis-Hastings (k=6),Metropolis-Hastings,without_single_atom_contributions,False,False,True,False,True
17,N#CC12OCC(O1)C=C2,14,6,6,0.649305472393002,0.649305472393002,0.0,0.48434533429049736,0.32992027620223985,0.1857343895051857,-14.397062486315564,-1486.313483762627,True,6.169164164829953e-16,Metropolis-Hastings (k=6),Metropolis-Hastings,without_single_atom_contributions,False,False,True,False,True
18,NC(=O)C(=O)C(O)CO,16,6,6,0.7522521640340903,0.7397521640340904,0.125,0.6172411170225465,0.2700220940214644,0.1127367889547715,-9.421013178792297,-1534.1474067035278,True,1.1313157973582906e-15,Metropolis-Hastings (k=6),Metropolis-Hastings,without_single_atom_contributions,False,False,True,False,True
19,CC1=NCC(O1)C(N)=O,17,6,6,0.7864886091096338,0.7864886091096338,0.0,0.6450750113956814,0.2828271954251778,0.07209779317709548,-34.86142178571703,-1643.3586888896023,True,0.0,Metropolis-Hastings (k=6),Metropolis-Hastings,without_single_atom_contributions,False,False,True,False,True
0,CC1=C(N)C=NO1,13,7,7,0.3430574073415289,0.3430574073415289,0.0,0.12851515657472098,0.42908450153251215,0.44240034189193905,8.03289248474122,-1269.610227825433,True,2.211353933533149e-16,Distance (k=7),Distance,without_single_atom_contributions,False,False,False,False,False
1,CC#CC1CC(C)C1O,21,7,7,0.5009834423685446,0.5009834423685446,0.0,0.3214638988152022,0.35903908710508714,0.3194970140785124,1.5235452888552419,-2021.1027209978224,True,3.2063249735756283e-15,Distance (k=7),Distance,without_single_atom_contributions,False,False,False,False,False
2,C1OC11C2C3CN2C13,15,7,7,0.35137052239898586,0.35137052239898586,0.0,0.1538071780830416,0.39512668863112843,0.45106613328525985,82.88587696587113,-1515.21985553297,True,5.14352573757636e-16,Distance (k=7),Distance,without_single_atom_contributions,False,False,False,False,False
3,C1NC2C3COCC12O3,18,7,7,0.34556014729978174,0.34556014729978174,0.0,0.2346636320742159,0.22179303044989324,0.5435433374749621,36.63757831488394,-1746.5867215199432,True,3.878764746137734e-16,Distance (k=7),Distance,without_single_atom_contributions,False,False,False,False,False
4,O=C1CC2(CC1O2)C#C,15,7,7,0.4636024541405814,0.4636024541405814,0.0,0.2569000621898694,0.41340478389985585,0.3296951539090987,4.312537059739271,-1589.5415163929686,True,1.2357158777435218e-15,Distance (k=7),Distance,without_single_atom_contributions,False,False,False,False,False
5,CC1N2CC2(C#C)C1=O,16,7,7,0.34703737562704645,0.34703737562704645,0.0,0.1517188977061695,0.39063695584085795,0.4576441464523005,18.986259179603863,-1657.6014506101653,True,7.484810241289279e-16,Distance (k=7),Distance,without_single_atom_contributions,False,False,False,False,False
6,O=CC1OCC11CCO1,17,7,7,0.3854858329643762,0.3854858329643762,0.0,0.1461632679139354,0.4786451300997982,0.37519160198545387,24.757996713375118,-1678.5267873027476,True,4.3049286902120643e-16,Distance (k=7),Distance,without_single_atom_contributions,False,False,False,False,False
7,CC12COCC1(C)C2O,21,7,7,0.38243766940762264,0.38243766940762264,0.0,0.27977127125486695,0.20533279630377957,0.5148959324400546,-0.9582831744772141,-1979.9513730289436,True,6.835469951956908e-15,Distance (k=7),Distance,without_single_atom_contributions,False,False,False,False,False
8,CNC(=O)CC1CN1,18,7,7,0.6122145173519531,0.6122145173519531,0.0,0.40317542208287305,0.4180781905367595,0.17874638737931703,2.6366930561521884,-1672.265060659945,True,2.189545618274134e-15,Distance (k=7),Distance,without_single_atom_contributions,False,False,False,False,False
9,CC12C3C(CN13)OC2=O,16,7,7,0.25417540731666227,0.25417540731666227,0.0,0.12451593934925823,0.25931893593393973,0.6161651247161507,-1.6838901683310934,-1616.450102641286,True,2.3735531946091513e-15,Distance (k=7),Distance,without_single_atom_contributions,False,False,False,False,False
10,COC12C(C)C1CC2C,23,7,7,0.3567420274360071,0.3567420274360071,0.0,0.23493444426273724,0.24361516634533598,0.5214503893910241,9.008961511740576,-2151.239339876484,True,3.943532974506696e-16,Distance (k=7),Distance,without_single_atom_contributions,False,False,False,False,False
11,CC1C2CC2(C)C1=NO,20,7,7,0.38715658413316206,0.38715658413316206,0.0,0.18119445404335047,0.4119242601785537,0.40688128577729377,33.38591039790339,-1917.874688367481,True,6.384813778832224e-16,Distance (k=7),Distance,without_single_atom_contributions,False,False,False,False,False
12,NC(C#C)(C#N)C1CO1,15,7,7,0.4782920271079359,0.4782920271079359,0.0,0.2528217446482746,0.4509405649182318,0.2962376904326755,32.29489123173883,-1554.3734179798228,True,2.2001707039644447e-16,Distance (k=7),Distance,without_single_atom_contributions,False,False,False,False,False
13,CCCC1=NC=NN=N1,17,7,7,0.4780568104978858,0.4780568104978858,0.0,0.27786547582248505,0.40038266934929667,0.3217518548270897,15.807805114993277,-1649.3419384453355,True,1.1237213683158243e-16,Distance (k=7),Distance,without_single_atom_contributions,False,False,False,False,False
14,O=CC1=CC(=O)C(=O)C1,13,7,7,0.3714064807967195,0.3714064807967195,0.0,0.19815936317672495,0.34649423523895034,0.45534640158354567,-50.45568278163597,-1418.2535495454308,True,2.8165023108846067e-16,Distance (k=7),Distance,without_single_atom_contributions,False,False,False,False,False
15,OC12C=CC3OC1C2O3,15,7,7,0.41154412574545957,0.41154412574545957,0.0,0.18822328785494213,0.44664167577969277,0.3651350363643585,8.686721758681735,-1548.3901684240898,True,0.0,Distance (k=7),Distance,without_single_atom_contributions,False,False,False,False,False
16,CCC(COC=N)=NO,19,7,7,0.4919451898934635,0.4919451898934635,0.0,0.27573080982458326,0.4324287601366005,0.29184043003794624,35.985776923989086,-1773.4953077682608,True,5.923529765042744e-16,Distance (k=7),Distance,without_single_atom_contributions,False,False,False,False,False
17,N#CC12OCC(O1)C=C2,14,7,7,0.2744603707481923,0.2744603707481923,0.0,0.0700219927964161,0.40887675590234623,0.521101251300333,-14.397062486315564,-1486.313483762627,True,1.2338328329659906e-16,Distance (k=7),Distance,without_single_atom_contributions,False,False,False,False,False
18,NC(=O)C(=O)C(O)CO,16,7,7,0.5141558299327629,0.5141558299327629,0.0,0.32616486740016964,0.3759819250638337,0.29785320753498207,-9.421013178792297,-1534.1474067035278,True,1.319868430251339e-15,Distance (k=7),Distance,without_single_atom_contributions,False,False,False,False,False
19,CC1=NCC(O1)C(N)=O,17,7,7,0.5141267718788088,0.5141267718788088,0.0,0.296536703787288,0.4351801361817891,0.2682831600299834,-34.86142178571703,-1643.3586888896023,True,0.0,Distance (k=7),Distance,without_single_atom_contributions,False,False,False,False,False
0,CC1=C(N)C=NO1,13,7,7,0.27648085368939523,0.1995577767663183,0.7692307692307693,0.029951736405993395,0.49305823456574477,0.4769900290274677,8.03289248474122,-1269.610227825433,True,0.0,Random (k=7),Random,without_single_atom_contributions,False,False,False,False,False
1,CC#CC1CC(C)C1O,21,7,7,0.22964793104669567,0.10583840723717186,1.2380952380952381,0.028397308741606613,0.40250124460917447,0.5691014466484662,1.5235452888552419,-2021.1027209978224,True,2.040388619548127e-15,Random (k=7),Random,without_single_atom_contributions,False,False,False,False,False
2,C1OC11C2C3CN2C13,15,7,7,0.21930456547743363,0.12597123214410028,0.9333333333333333,0.015390859493956945,0.40782741196627353,0.5767817285392597,82.88587696587113,-1515.21985553297,True,5.14352573757636e-16,Random (k=7),Random,without_single_atom_contributions,False,False,False,False,False
3,C1NC2C3COCC12O3,18,7,7,0.22668553548773204,0.13779664659884316,0.8888888888888888,0.1039553483271947,0.24546037432028575,0.6505842773519278,36.63757831488394,-1746.5867215199432,True,1.939382373068867e-16,Random (k=7),Random,without_single_atom_contributions,False,False,False,False,False
4,O=C1CC2(CC1O2)C#C,15,7,7,0.18161897628094348,0.0749523096142768,1.0666666666666667,0.0,0.36323795256113345,0.6367620474383014,4.312537059739271,-1589.5415163929686,True,6.178579388717609e-16,Random (k=7),Random,without_single_atom_contributions,False,False,False,False,False
5,CC1N2CC2(C#C)C1=O,16,7,7,0.19838736578539243,0.09838736578539242,1.0,0.021818060942677492,0.35313860968465877,0.6250433293720854,18.986259179603863,-1657.6014506101653,True,5.613607680966959e-16,Random (k=7),Random,without_single_atom_contributions,False,False,False,False,False
6,O=CC1OCC11CCO1,17,7,7,0.19646579845700404,0.09058344551582756,1.0588235294117647,0.016319942483067732,0.36029171194715176,0.6233883455692398,24.757996713375118,-1678.5267873027476,True,0.0,Random (k=7),Random,without_single_atom_contributions,False,False,False,False,False
7,CC12COCC1(C)C2O,21,7,7,0.23235081078615716,0.12758890602425238,1.0476190476190477,0.07252081797022371,0.31965998563095144,0.6078191963981383,-0.9582831744772141,-1979.9513730289436,True,1.2744096520597626e-15,Random (k=7),Random,without_single_atom_contributions,False,False,False,False,False
8,CNC(=O)CC1CN1,18,7,7,0.28422655553171144,0.18422655553171144,1.0,0.09745134139409402,0.3735504282742067,0.5289982303309282,2.6366930561521884,-1672.265060659945,True,2.021119032253047e-15,Random (k=7),Random,without_single_atom_contributions,False,False,False,False,False
9,CC12C3C(CN13)OC2=O,16,7,7,0.22778528629882358,0.14028528629882359,0.875,0.04491172033064873,0.3657471319356918,0.589341147733166,-1.6838901683310934,-1616.450102641286,True,2.3735531946091513e-15,Random (k=7),Random,without_single_atom_contributions,False,False,False,False,False
10,COC12C(C)C1CC2C,23,7,7,0.2962153781320787,0.17447624769729608,1.2173913043478262,0.06086781510784634,0.47069512604757324,0.46843705884391174,9.008961511740576,-2151.239339876484,True,1.971766487253348e-16,Random (k=7),Random,without_single_atom_contributions,False,False,False,False,False
11,CC1C2CC2(C)C1=NO,20,7,7,0.34881525014695325,0.2588152501469532,0.9,0.08322114601796934,0.5311882082571028,0.3855906457242791,33.38591039790339,-1917.874688367481,True,4.2565425192214824e-16,Random (k=7),Random,without_single_atom_contributions,False,False,False,False,False
12,NC(C#C)(C#N)C1CO1,15,7,7,0.21422341775872544,0.10755675109205877,1.0666666666666667,0.0,0.42844683551630713,0.5715531644828351,32.29489123173883,-1554.3734179798228,True,0.0,Random (k=7),Random,without_single_atom_contributions,False,False,False,False,False
13,CCCC1=NC=NN=N1,17,7,7,0.25104848220798415,0.14516612926680766,1.0588235294117647,0.027809213665865893,0.4464785370830081,0.5257122492502047,15.807805114993277,-1649.3419384453355,True,1.1237213683158243e-16,Random (k=7),Random,without_single_atom_contributions,False,False,False,False,False
14,O=CC1=CC(=O)C(=O)C1,13,7,7,0.3724060515086805,0.32625220535483435,0.46153846153846156,0.14194557352476148,0.4609209559670194,0.39713347050760506,-50.45568278163597,-1418.2535495454308,True,1.4082511554423034e-16,Random (k=7),Random,without_single_atom_contributions,False,False,False,False,False
15,OC12C=CC3OC1C2O3,15,7,7,0.1919363231967212,0.08526965653005451,1.0666666666666667,0.0,0.3838726463924201,0.6161273536068131,8.686721758681735,-1548.3901684240898,True,2.044910483755813e-16,Random (k=7),Random,without_single_atom_contributions,False,False,False,False,False
16,CCC(COC=N)=NO,19,7,7,0.28792767570705974,0.17213820202284918,1.1578947368421053,0.023334837319762117,0.5291856767737705,0.44747948590584885,35.985776923989086,-1773.4953077682608,True,3.9490198433618297e-16,Random (k=7),Random,without_single_atom_contributions,False,False,False,False,False
17,N#CC12OCC(O1)C=C2,14,7,7,0.1831155485210932,0.0974012628068075,0.8571428571428571,0.028810017982615496,0.30861106107627956,0.6625789209405981,-14.397062486315564,-1486.313483762627,True,3.701498498897972e-16,Random (k=7),Random,without_single_atom_contributions,False,False,False,False,False
18,NC(=O)C(=O)C(O)CO,16,7,7,0.36501193531774195,0.27751193531774193,0.875,0.1598052965456328,0.41041327754311635,0.42978142591042434,-9.421013178792297,-1534.1474067035278,True,5.656578986791453e-16,Random (k=7),Random,without_single_atom_contributions,False,False,False,False,False
19,CC1=NCC(O1)C(N)=O,17,7,7,0.24054718969305489,0.1346648367518784,1.0588235294117647,0.020011277148238308,0.441071825088749,0.5389168977623496,-34.86142178571703,-1643.3586888896023,True,0.0,Random (k=7),Random,without_single_atom_contributions,False,False,False,False,False
0,CC1=C(N)C=NO1,13,7,7,0.5415147849541134,0.526130169569498,0.15384615384615385,0.35713625932165577,0.36875705126345965,0.27410668941379285,8.03289248474122,-1269.610227825433,True,2.211353933533149e-16,Greedy-Random (k=7),Greedy-Random,without_single_atom_contributions,True,False,False,True,True
1,CC#CC1CC(C)C1O,21,7,7,0.4748637005715128,0.3986732243810366,0.7619047619047619,0.20536486393720194,0.5389976732669193,0.255637462794602,1.5235452888552419,-2021.1027209978224,True,7.870070389685633e-15,Greedy-Random (k=7),Greedy-Random,without_single_atom_contributions,True,False,False,True,True
2,C1OC11C2C3CN2C13,15,7,7,0.7580668776085052,0.7447335442751719,0.13333333333333333,0.6269827595943478,0.2621682360272861,0.11084900437759458,82.88587696587113,-1515.21985553297,True,3.42901715838424e-16,Greedy-Random (k=7),Greedy-Random,without_single_atom_contributions,True,False,False,True,True
3,C1NC2C3COCC12O3,18,7,7,0.48247599223541515,0.4491426589020818,0.3333333333333333,0.24360095018132857,0.4777500841072188,0.27864896571073683,36.63757831488394,-1746.5867215199432,True,3.878764746137734e-16,Greedy-Random (k=7),Greedy-Random,without_single_atom_contributions,True,False,False,True,True
4,O=C1CC2(CC1O2)C#C,15,7,7,0.6674914608934869,0.6541581275601536,0.13333333333333333,0.5284669568621044,0.27804900806113403,0.19348403507553855,4.312537059739271,-1589.5415163929686,True,1.4416685240341087e-15,Greedy-Random (k=7),Greedy-Random,without_single_atom_contributions,True,False,False,True,True
5,CC1N2CC2(C#C)C1=O,16,7,7,0.5626728568882344,0.5251728568882345,0.375,0.3547781985040629,0.4157893167670934,0.22943248472790648,18.986259179603863,-1657.6014506101653,True,5.613607680966959e-16,Greedy-Random (k=7),Greedy-Random,without_single_atom_contributions,True,False,False,True,True
6,O=CC1OCC11CCO1,17,7,7,0.4999324118387581,0.47640300007405223,0.23529411764705882,0.19265106989945013,0.6145626838773046,0.19278624622226173,24.757996713375118,-1678.5267873027476,True,8.609857380424129e-16,Greedy-Random (k=7),Greedy-Random,without_single_atom_contributions,True,False,False,True,True
7,CC12COCC1(C)C2O,21,7,7,0.5155559015663101,0.4488892348996435,0.6666666666666666,0.25031169074904924,0.5304884216330208,0.21919988761680423,-0.9582831744772141,-1979.9513730289436,True,1.9116144780896438e-14,Greedy-Random (k=7),Greedy-Random,without_single_atom_contributions,True,False,False,True,True
8,CNC(=O)CC1CN1,18,7,7,0.6190170778516078,0.5745726334071634,0.4444444444444444,0.4140010707016151,0.4100320142985461,0.17596691499875938,2.6366930561521884,-1672.265060659945,True,5.052797580632617e-16,Greedy-Random (k=7),Greedy-Random,without_single_atom_contributions,True,False,False,True,True
9,CC12C3C(CN13)OC2=O,16,7,7,0.45908678172513695,0.39658678172513695,0.625,0.30416935947619983,0.30983484449672616,0.3859957960262129,-1.6838901683310934,-1616.450102641286,True,1.582368796406101e-15,Greedy-Random (k=7),Greedy-Random,without_single_atom_contributions,True,False,False,True,True
10,COC12C(C)C1CC2C,23,7,7,0.5198680325418298,0.45030281515052545,0.6956521739130435,0.3400337093900194,0.3596686463025554,0.30029764430662625,9.008961511740576,-2151.239339876484,True,1.1830598923520089e-15,Greedy-Random (k=7),Greedy-Random,without_single_atom_contributions,True,False,False,True,True
11,CC1C2CC2(C)C1=NO,20,7,7,0.5326286053128738,0.5026286053128738,0.3,0.25013007229748707,0.5649970660297322,0.18487286167199976,33.38591039790339,-1917.874688367481,True,0.0,Greedy-Random (k=7),Greedy-Random,without_single_atom_contributions,True,False,False,True,True
12,NC(C#C)(C#N)C1CO1,15,7,7,0.6258538517856858,0.5991871851190191,0.26666666666666666,0.5380989197970037,0.17550986397592996,0.2863912162259908,32.29489123173883,-1554.3734179798228,True,0.0,Greedy-Random (k=7),Greedy-Random,without_single_atom_contributions,True,False,False,True,True
13,CCCC1=NC=NN=N1,17,7,7,0.5422714237526604,0.48344789434089563,0.5882352941176471,0.3898298840802249,0.3048830793428807,0.3052870365754018,15.807805114993277,-1649.3419384453355,True,0.0,Greedy-Random (k=7),Greedy-Random,without_single_atom_contributions,True,False,False,True,True
14,O=CC1=CC(=O)C(=O)C1,13,7,7,0.6203025434170834,0.6203025434170834,0.0,0.4795085855922431,0.2815879156486426,0.23890349875833583,-50.45568278163597,-1418.2535495454308,True,4.2247534663269103e-16,Greedy-Random (k=7),Greedy-Random,without_single_atom_contributions,True,False,False,True,True
15,OC12C=CC3OC1C2O3,15,7,7,0.5164253479359161,0.48975868126924943,0.26666666666666666,0.3754207348734699,0.28200922612369883,0.342570039001936,8.686721758681735,-1548.3901684240898,True,1.4314373386290691e-15,Greedy-Random (k=7),Greedy-Random,without_single_atom_contributions,True,False,False,True,True
16,CCC(COC=N)=NO,19,7,7,0.7252217596507166,0.6936428122822955,0.3157894736842105,0.5747785871621967,0.3008863449755063,0.12433506786114673,35.985776923989086,-1773.4953077682608,True,1.9745099216809149e-16,Greedy-Random (k=7),Greedy-Random,without_single_atom_contributions,True,False,False,True,True
17,N#CC12OCC(O1)C=C2,14,7,7,0.5307754220181712,0.516489707732457,0.14285714285714285,0.4480797086288538,0.16539142677726687,0.38652886459285346,-14.397062486315564,-1486.313483762627,True,1.2338328329659906e-16,Greedy-Random (k=7),Greedy-Random,without_single_atom_contributions,True,False,False,True,True
18,NC(=O)C(=O)C(O)CO,16,7,7,0.6600356057189294,0.6350356057189294,0.25,0.49084830026013293,0.3383746109158937,0.17077708882269893,-9.421013178792297,-1534.1474067035278,True,1.1313157973582906e-15,Greedy-Random (k=7),Greedy-Random,without_single_atom_contributions,True,False,False,True,True
19,CC1=NCC(O1)C(N)=O,17,7,7,0.5691217185951004,0.5455923068303945,0.23529411764705882,0.3005165092754427,0.5372104186380964,0.16227307208554667,-34.86142178571703,-1643.3586888896023,True,4.07638414821725e-16,Greedy-Random (k=7),Greedy-Random,without_single_atom_contributions,True,False,False,True,True
0,CC1=C(N)C=NO1,13,7,7,0.36773288879833244,0.36773288879833244,0.0,0.17297635949379794,0.38951305860797114,0.43751058189740755,8.03289248474122,-1269.610227825433,True,2.211353933533149e-16,Greedy-Distance (k=7),Greedy-Distance,without_single_atom_contributions,False,True,False,True,True
1,CC#CC1CC(C)C1O,21,7,7,0.5573367327362971,0.538289113688678,0.19047619047619047,0.34023356275819155,0.43420633995495206,0.2255600972859121,1.5235452888552419,-2021.1027209978224,True,1.486568851385064e-14,Greedy-Distance (k=7),Greedy-Distance,without_single_atom_contributions,False,True,False,True,True
2,C1OC11C2C3CN2C13,15,7,7,0.8251094066421262,0.8251094066421262,0.0,0.6756077320398066,0.2990033492037246,0.025388918755782766,82.88587696587113,-1515.21985553297,True,3.42901715838424e-16,Greedy-Distance (k=7),Greedy-Distance,without_single_atom_contributions,False,True,False,True,True
3,C1NC2C3COCC12O3,18,7,7,0.8394843959787242,0.8394843959787242,0.0,0.7382874630781688,0.20239386579945876,0.059318671121133384,36.63757831488394,-1746.5867215199432,True,5.818147119206601e-16,Greedy-Distance (k=7),Greedy-Distance,without_single_atom_contributions,False,True,False,True,True
4,O=C1CC2(CC1O2)C#C,15,7,7,0.5925635729976232,0.5925635729976232,0.0,0.39991548253823056,0.38529618091714124,0.21478833654339524,4.312537059739271,-1589.5415163929686,True,1.8535738166152826e-15,Greedy-Distance (k=7),Greedy-Distance,without_single_atom_contributions,False,True,False,True,True
5,CC1N2CC2(C#C)C1=O,16,7,7,0.5281668003276582,0.5281668003276582,0.0,0.34569819423326537,0.3649372121875347,0.2893645935782617,18.986259179603863,-1657.6014506101653,True,7.484810241289279e-16,Greedy-Distance (k=7),Greedy-Distance,without_single_atom_contributions,False,True,False,True,True
6,O=CC1OCC11CCO1,17,7,7,0.4962394238241132,0.4962394238241132,0.0,0.2634989646811748,0.4654809182847448,0.2710201170332315,24.757996713375118,-1678.5267873027476,True,2.8699524601413764e-16,Greedy-Distance (k=7),Greedy-Distance,without_single_atom_contributions,False,True,False,True,True
7,CC12COCC1(C)C2O,21,7,7,0.6249995051802758,0.5869042670850377,0.38095238095238093,0.3805255953109427,0.4889478197376285,0.13052658495065056,-0.9582831744772141,-1979.9513730289436,True,3.2091952147323113e-14,Greedy-Distance (k=7),Greedy-Distance,without_single_atom_contributions,False,True,False,True,True
8,CNC(=O)CC1CN1,18,7,7,0.7798806695046698,0.7798806695046698,0.0,0.6586135278639691,0.24253428327981238,0.09885218885502678,2.6366930561521884,-1672.265060659945,True,2.021119032253047e-15,Greedy-Distance (k=7),Greedy-Distance,without_single_atom_contributions,False,True,False,True,True
9,CC12C3C(CN13)OC2=O,16,7,7,0.5876109194322238,0.5876109194322238,0.0,0.39500506105887945,0.3852117167455412,0.21978322219471888,-1.6838901683310934,-1616.450102641286,True,7.911843982030505e-15,Greedy-Distance (k=7),Greedy-Distance,without_single_atom_contributions,False,True,False,True,True
10,COC12C(C)C1CC2C,23,7,7,0.7780705973313161,0.7693749451574031,0.08695652173913043,0.6686848750357104,0.21877144458884917,0.11254368037366869,9.008961511740576,-2151.239339876484,True,3.943532974506696e-16,Greedy-Distance (k=7),Greedy-Distance,without_single_atom_contributions,False,True,False,True,True
11,CC1C2CC2(C)C1=NO,20,7,7,0.7236174151635838,0.7236174151635838,0.0,0.6120599792740151,0.2231148717778336,0.16482514894717357,33.38591039790339,-1917.874688367481,True,6.384813778832224e-16,Greedy-Distance (k=7),Greedy-Distance,without_single_atom_contributions,False,True,False,True,True
12,NC(C#C)(C#N)C1CO1,15,7,7,0.715958864507162,0.715958864507162,0.0,0.5377961302359693,0.3563254685411774,0.10587840122194732,32.29489123173883,-1554.3734179798228,True,8.800682815857779e-16,Greedy-Distance (k=7),Greedy-Distance,without_single_atom_contributions,False,True,False,True,True
13,CCCC1=NC=NN=N1,17,7,7,0.6301925749289835,0.6301925749289835,0.0,0.5309578611796479,0.19846942749718863,0.2705727113220515,15.807805114993277,-1649.3419384453355,True,1.1237213683158243e-16,Greedy-Distance (k=7),Greedy-Distance,without_single_atom_contributions,False,True,False,True,True
14,O=CC1=CC(=O)C(=O)C1,13,7,7,0.5809461876340682,0.5809461876340682,0.0,0.47558221806243406,0.21072793914235735,0.31368984279452533,-50.45568278163597,-1418.2535495454308,True,1.4082511554423034e-16,Greedy-Distance (k=7),Greedy-Distance,without_single_atom_contributions,False,True,False,True,True
15,OC12C=CC3OC1C2O3,15,7,7,0.6713047803511011,0.6713047803511011,0.0,0.4583523450732194,0.42590487055449344,0.1157427843713348,8.686721758681735,-1548.3901684240898,True,8.179641935023252e-16,Greedy-Distance (k=7),Greedy-Distance,without_single_atom_contributions,False,True,False,True,True
16,CCC(COC=N)=NO,19,7,7,0.7515327291062123,0.7515327291062123,0.0,0.6574887251346151,0.18808800794182226,0.1544232669225335,35.985776923989086,-1773.4953077682608,True,1.9745099216809149e-16,Greedy-Distance (k=7),Greedy-Distance,without_single_atom_contributions,False,True,False,True,True
17,N#CC12OCC(O1)C=C2,14,7,7,0.520420004944528,0.520420004944528,0.0,0.4402677898499109,0.16030443018785406,0.39942777996119994,-14.397062486315564,-1486.313483762627,True,2.467665665931981e-16,Greedy-Distance (k=7),Greedy-Distance,without_single_atom_contributions,False,True,False,True,True
18,NC(=O)C(=O)C(O)CO,16,7,7,0.5524032896668607,0.5524032896668607,0.0,0.3764657557610999,0.35187506781007966,0.271659176427739,-9.421013178792297,-1534.1474067035278,True,7.542105315721938e-16,Greedy-Distance (k=7),Greedy-Distance,without_single_atom_contributions,False,True,False,True,True
19,CC1=NCC(O1)C(N)=O,17,7,7,0.7008248096579436,0.7008248096579436,0.0,0.5604607424780355,0.2807281343571326,0.15881112316281928,-34.86142178571703,-1643.3586888896023,True,2.038192074108625e-16,Greedy-Distance (k=7),Greedy-Distance,without_single_atom_contributions,False,True,False,True,True
0,CC1=C(N)C=NO1,13,7,7,0.6222039271512984,0.6222039271512984,0.0,0.4456082532948286,0.3531913477108296,0.2012003989927594,8.03289248474122,-1269.610227825433,True,4.422707867066298e-16,Metropolis-Hastings (k=7),Metropolis-Hastings,without_single_atom_contributions,False,False,True,False,True
1,CC#CC1CC(C)C1O,21,7,7,0.7082221553743581,0.7082221553743581,0.0,0.5115388387090924,0.3933666333277181,0.0950945279610795,1.5235452888552419,-2021.1027209978224,True,0.0,Metropolis-Hastings (k=7),Metropolis-Hastings,without_single_atom_contributions,False,False,True,False,True
2,C1OC11C2C3CN2C13,15,7,7,0.9182261797241499,0.9182261797241499,0.0,0.8584688150785391,0.11951472929011261,0.022016455630516633,82.88587696587113,-1515.21985553297,True,3.42901715838424e-16,Metropolis-Hastings (k=7),Metropolis-Hastings,without_single_atom_contributions,False,False,True,False,True
3,C1NC2C3COCC12O3,18,7,7,0.7771841423578517,0.7771841423578517,0.0,0.691684513105217,0.1709992585036387,0.13731622838992133,36.63757831488394,-1746.5867215199432,True,1.939382373068867e-16,Metropolis-Hastings (k=7),Metropolis-Hastings,without_single_atom_contributions,False,False,True,False,True
4,O=C1CC2(CC1O2)C#C,15,7,7,0.7060408510718914,0.7060408510718914,0.0,0.5317937397732182,0.3484942225958248,0.11971203762981578,4.312537059739271,-1589.5415163929686,True,1.4416685240341087e-15,Metropolis-Hastings (k=7),Metropolis-Hastings,without_single_atom_contributions,False,False,True,False,True
5,CC1N2CC2(C#C)C1=O,16,7,7,0.7476626211205795,0.7476626211205795,0.0,0.5844923485339777,0.32634054517203226,0.08916710629311167,18.986259179603863,-1657.6014506101653,True,1.8712025603223196e-16,Metropolis-Hastings (k=7),Metropolis-Hastings,without_single_atom_contributions,False,False,True,False,True
6,O=CC1OCC11CCO1,17,7,7,0.7330757136438799,0.721311007761527,0.11764705882352941,0.5677365658001177,0.330678295686365,0.10158513851264767,24.757996713375118,-1678.5267873027476,True,2.8699524601413764e-16,Metropolis-Hastings (k=7),Metropolis-Hastings,without_single_atom_contributions,False,False,True,False,True
7,CC12COCC1(C)C2O,21,7,7,0.6823467974570733,0.6632991784094542,0.19047619047619047,0.4416268502720497,0.48143989436891454,0.07693325535818632,-0.9582831744772141,-1979.9513730289436,True,4.36774944387755e-14,Metropolis-Hastings (k=7),Metropolis-Hastings,without_single_atom_contributions,False,False,True,False,True
8,CNC(=O)CC1CN1,18,7,7,0.7925842683962365,0.7814731572851255,0.1111111111111111,0.69942879588621,0.18631094501796425,0.11426025909425917,2.6366930561521884,-1672.265060659945,True,1.6842658602108724e-16,Metropolis-Hastings (k=7),Metropolis-Hastings,without_single_atom_contributions,False,False,True,False,True
9,CC12C3C(CN13)OC2=O,16,7,7,0.7698873423033749,0.7698873423033749,0.0,0.6671357975957988,0.20550308941372813,0.127361112989405,-1.6838901683310934,-1616.450102641286,True,2.6372813273435015e-16,Metropolis-Hastings (k=7),Metropolis-Hastings,without_single_atom_contributions,False,False,True,False,True
10,COC12C(C)C1CC2C,23,7,7,0.7463370070935197,0.7463370070935197,0.0,0.6436832404445099,0.20530753329618864,0.1510092262579281,9.008961511740576,-2151.239339876484,True,3.154826379605357e-15,Metropolis-Hastings (k=7),Metropolis-Hastings,without_single_atom_contributions,False,False,True,False,True
11,CC1C2CC2(C)C1=NO,20,7,7,0.7550195955707824,0.7550195955707824,0.0,0.6354128459023344,0.23921349933561825,0.12537365476108916,33.38591039790339,-1917.874688367481,True,2.1282712596107412e-16,Metropolis-Hastings (k=7),Metropolis-Hastings,without_single_atom_contributions,False,False,True,False,True
12,NC(C#C)(C#N)C1CO1,15,7,7,0.715958864507162,0.715958864507162,0.0,0.5377961302359693,0.3563254685411774,0.10587840122194732,32.29489123173883,-1554.3734179798228,True,8.800682815857779e-16,Metropolis-Hastings (k=7),Metropolis-Hastings,without_single_atom_contributions,False,False,True,False,True
13,CCCC1=NC=NN=N1,17,7,7,0.6884891093582192,0.6884891093582192,0.0,0.5619733979626127,0.2530314227896775,0.18499517924655817,15.807805114993277,-1649.3419384453355,True,5.618606841579122e-16,Metropolis-Hastings (k=7),Metropolis-Hastings,without_single_atom_contributions,False,False,True,False,True
14,O=CC1=CC(=O)C(=O)C1,13,7,7,0.639181867708038,0.639181867708038,0.0,0.4930257283378007,0.29231227873940707,0.2146619929219917,-50.45568278163597,-1418.2535495454308,True,2.8165023108846067e-16,Metropolis-Hastings (k=7),Metropolis-Hastings,without_single_atom_contributions,False,False,True,False,True
15,OC12C=CC3OC1C2O3,15,7,7,0.6792597572776699,0.6792597572776699,0.0,0.48703508674021095,0.3844493410738261,0.12851557218514426,8.686721758681735,-1548.3901684240898,True,4.089820967511626e-16,Metropolis-Hastings (k=7),Metropolis-Hastings,without_single_atom_contributions,False,False,True,False,True
16,CCC(COC=N)=NO,19,7,7,0.7119276152386411,0.7119276152386411,0.0,0.6209249148666562,0.1820054007425434,0.1970696843897307,35.985776923989086,-1773.4953077682608,True,3.9490198433618297e-16,Metropolis-Hastings (k=7),Metropolis-Hastings,without_single_atom_contributions,False,False,True,False,True
17,N#CC12OCC(O1)C=C2,14,7,7,0.5811195660849247,0.5811195660849247,0.0,0.30181831558933,0.5586025009897533,0.1395791834198397,-14.397062486315564,-1486.313483762627,True,1.2338328329659906e-16,Metropolis-Hastings (k=7),Metropolis-Hastings,without_single_atom_contributions,False,False,True,False,True
18,NC(=O)C(=O)C(O)CO,16,7,7,0.7004033065252769,0.7004033065252769,0.0,0.5778490184484798,0.24510857615191192,0.17704240539834643,-9.421013178792297,-1534.1474067035278,True,3.771052657860969e-16,Metropolis-Hastings (k=7),Metropolis-Hastings,without_single_atom_contributions,False,False,True,False,True
19,CC1=NCC(O1)C(N)=O,17,7,7,0.7162708588759413,0.7045061529935884,0.11764705882352941,0.5979608324495157,0.236620052850056,0.1654191146983319,-34.86142178571703,-1643.3586888896023,True,0.0,Metropolis-Hastings (k=7),Metropolis-Hastings,without_single_atom_contributions,False,False,True,False,True
