mol_idx,smiles,n_atoms,k_requested,n_partitions,raw_score,connectivity_penalty,adjusted_score,within_frac,between_frac,higher_frac,prediction,validation_passed,validation_error,strategy,method,is_greedy_random,is_greedy_distance,is_greedy,is_metropolis_hastings,connectivity_weight
0,CC1=C(N)C=NO1,13,2,2,0.9990012639540917,0.0,0.9990012639540917,0.998002527908157,0.0019974720917639703,0.0,-1261.5773353406917,True,5.406890304869291e-16,Distance (k=2),Distance,False,False,False,False,0.1
1,CC#CC1CC(C)C1O,21,2,2,0.9997214597417187,0.0,0.9997214597417187,0.9994429194834209,0.0005570805165296132,0.0,-2019.579175708967,True,2.2516936020931387e-16,Distance (k=2),Distance,False,False,False,False,0.1
2,C1OC11C2C3CN2C13,15,2,2,0.9851868493788455,0.0,0.9851868493788455,0.9703736987576689,0.029626301242265406,0.0,-1432.333978567099,True,1.587434766231545e-16,Distance (k=2),Distance,False,False,False,False,0.1
3,C1NC2C3COCC12O3,18,2,2,0.9985564464379428,0.0,0.9985564464379428,0.9971128928758662,0.0028871071240755813,0.0,-1709.9491432050593,True,9.307971143043888e-16,Distance (k=2),Distance,False,False,False,False,0.1
4,O=C1CC2(CC1O2)C#C,15,2,2,0.9963622744699442,0.0,0.9963622744699442,0.9927245489398677,0.007275451060070017,0.0,-1585.2289793332293,True,5.737308071136939e-16,Distance (k=2),Distance,False,False,False,False,0.1
5,CC1N2CC2(C#C)C1=O,16,2,2,0.9994698297471437,0.0,0.9994698297471437,0.9989396594942669,0.0010603405056720573,0.0,-1638.6151914305615,True,6.937982652434522e-16,Distance (k=2),Distance,False,False,False,False,0.1
6,O=CC1OCC11CCO1,17,2,2,0.997403344882362,0.0,0.997403344882362,0.994806689764704,0.005193310235236118,0.0,-1653.7687905893724,True,8.249291318244791e-16,Distance (k=2),Distance,False,False,False,False,0.1
7,CC12COCC1(C)C2O,21,2,2,0.9998549189152355,0.0,0.9998549189152355,0.999709837830454,0.00029016216949550395,0.0,-1980.9096562034208,True,5.739122799749517e-16,Distance (k=2),Distance,False,False,False,False,0.1
8,CNC(=O)CC1CN1,18,2,2,0.9991132573353053,0.0,0.9991132573353053,0.9982265146705905,0.0017734853293496888,0.0,-1669.6283676037929,True,1.3618220668443674e-16,Distance (k=2),Distance,False,False,False,False,0.1
9,CC12C3C(CN13)OC2=O,16,2,2,0.999665517951089,0.0,0.999665517951089,0.9993310359021578,0.000668964097780526,0.0,-1618.1339928096172,True,1.5456757233884204e-15,Distance (k=2),Distance,False,False,False,False,0.1
10,COC12C(C)C1CC2C,23,2,2,0.9978437793655942,0.0,0.9978437793655942,0.9956875587311728,0.004312441268780953,0.0,-2142.2303783647435,True,1.485942636400758e-15,Distance (k=2),Distance,False,False,False,False,0.1
11,CC1C2CC2(C)C1=NO,20,2,2,0.9960663075715037,0.0,0.9960663075715037,0.9921326151429901,0.007867384856957626,0.0,-1884.4887779695775,True,0.0,Distance (k=2),Distance,False,False,False,False,0.1
12,NC(C#C)(C#N)C1CO1,15,2,2,0.9979587283860258,0.0,0.9979587283860258,0.9959174567720298,0.004082543227905037,0.0,-1522.078526748084,True,2.9876733880347196e-16,Distance (k=2),Distance,False,False,False,False,0.1
13,CCCC1=NC=NN=N1,17,2,2,0.9989947988974631,0.0,0.9989947988974631,0.9979895977949059,0.002010402205033095,0.0,-1633.5341333303422,True,5.567650428697528e-16,Distance (k=2),Distance,False,False,False,False,0.1
14,O=CC1=CC(=O)C(=O)C1,13,2,2,0.9964428106725393,0.0,0.9964428106725393,0.9928856213450556,0.007114378654876121,0.0,-1468.7092323270667,True,0.0,Distance (k=2),Distance,False,False,False,False,0.1
15,OC12C=CC3OC1C2O3,15,2,2,0.9915257053119061,0.0,0.9915257053119061,0.9830514106237905,0.01694858937614453,0.0,-1539.7034466654081,True,4.430210426604852e-16,Distance (k=2),Distance,False,False,False,False,0.1
16,CCC(COC=N)=NO,19,2,2,0.9974549540594116,0.0,0.9974549540594116,0.9949099081188039,0.005090091881138614,0.0,-1737.5095308442717,True,2.617236583821627e-16,Distance (k=2),Distance,False,False,False,False,0.1
17,N#CC12OCC(O1)C=C2,14,2,2,0.9975694624070989,0.0,0.9975694624070989,0.9951389248141758,0.004861075185758146,0.0,-1500.7105462489424,True,6.060427202608582e-16,Distance (k=2),Distance,False,False,False,False,0.1
18,NC(=O)C(=O)C(O)CO,16,2,2,0.9975047066671321,0.0,0.9975047066671321,0.9950094133342428,0.004990586665693174,0.0,-1543.56841988232,True,1.4730391767185289e-16,Distance (k=2),Distance,False,False,False,False,0.1
19,CC1=NCC(O1)C(N)=O,17,2,2,0.9992080688979676,0.0,0.9992080688979676,0.9984161377959154,0.0015838622040250045,0.0,-1678.2201106753193,True,0.0,Distance (k=2),Distance,False,False,False,False,0.1
0,CC1=C(N)C=NO1,13,2,2,0.9987746231880944,0.3076923076923077,0.9680053924188636,0.9975492463761626,0.0024507536237585426,0.0,-1261.5773353406917,True,3.6045935365795276e-16,Random (k=2),Random,False,False,False,False,0.1
1,CC#CC1CC(C)C1O,21,2,2,0.9986708783079518,1.0,0.8986708783079518,0.997341756615887,0.002658243384063678,0.0,-2019.579175708967,True,6.755080806279416e-16,Random (k=2),Random,False,False,False,False,0.1
2,C1OC11C2C3CN2C13,15,2,2,0.9775088609444961,1.3333333333333333,0.8441755276111628,0.9550177218889709,0.044982278110965515,0.0,-1432.333978567099,True,1.587434766231545e-16,Random (k=2),Random,False,False,False,False,0.1
3,C1NC2C3COCC12O3,18,2,2,0.9908985991268086,0.7777777777777778,0.9131208213490307,0.9817971982535981,0.018202801746345428,0.0,-1709.9491432050593,True,6.64855081645992e-16,Random (k=2),Random,False,False,False,False,0.1
4,O=C1CC2(CC1O2)C#C,15,2,2,0.9981204127154939,0.8,0.9181204127154938,0.9962408254309668,0.0037591745689705336,0.0,-1585.2289793332293,True,1.4343270177842348e-16,Random (k=2),Random,False,False,False,False,0.1
5,CC1N2CC2(C#C)C1=O,16,2,2,0.9933388037826875,0.75,0.9183388037826874,0.9866776075653545,0.013322392434584402,0.0,-1638.6151914305615,True,1.3875965304869043e-16,Random (k=2),Random,False,False,False,False,0.1
6,O=CC1OCC11CCO1,17,2,2,0.9925384531316537,0.47058823529411764,0.9454796296022419,0.9850769062632876,0.01492309373665368,0.0,-1653.7687905893724,True,2.7497637727482635e-16,Random (k=2),Random,False,False,False,False,0.1
7,CC12COCC1(C)C2O,21,2,2,0.998587574211054,0.7619047619047619,0.9223970980205778,0.9971751484220915,0.002824851577858249,0.0,-1980.9096562034208,True,4.591298239799613e-16,Random (k=2),Random,False,False,False,False,0.1
8,CNC(=O)CC1CN1,18,2,2,0.9973579623958516,0.8333333333333334,0.9140246290625182,0.9947159247916834,0.005284075208256715,0.0,-1669.6283676037929,True,1.3618220668443674e-16,Random (k=2),Random,False,False,False,False,0.1
9,CC12C3C(CN13)OC2=O,16,2,2,0.9955606068680525,0.875,0.9080606068680525,0.9911212137360843,0.00887878626385384,0.0,-1618.1339928096172,True,4.2154792456047825e-16,Random (k=2),Random,False,False,False,False,0.1
10,COC12C(C)C1CC2C,23,2,2,0.999205133301959,0.9130434782608695,0.907900785475872,0.9984102666039025,0.0015897333960508463,0.0,-2142.2303783647435,True,1.0613875974291129e-15,Random (k=2),Random,False,False,False,False,0.1
11,CC1C2CC2(C)C1=NO,20,2,2,0.989627713339929,1.0,0.8896277133399291,0.9792554266798411,0.020744573320107998,0.0,-1884.4887779695775,True,4.826214474743677e-16,Random (k=2),Random,False,False,False,False,0.1
12,NC(C#C)(C#N)C1CO1,15,2,2,0.9994383396804393,0.5333333333333333,0.9461050063471059,0.9988766793608566,0.0011233206390776948,0.0,-1522.078526748084,True,1.4938366940173598e-16,Random (k=2),Random,False,False,False,False,0.1
13,CCCC1=NC=NN=N1,17,2,2,0.9955573582851177,0.8235294117647058,0.9132044171086471,0.9911147165702153,0.008885283429724606,0.0,-1633.5341333303422,True,0.0,Random (k=2),Random,False,False,False,False,0.1
14,O=CC1=CC(=O)C(=O)C1,13,2,2,0.9879170058060361,0.3076923076923077,0.9571477750368054,0.9758340116120495,0.024165988387882285,0.0,-1468.7092323270667,True,1.5481190588211863e-16,Random (k=2),Random,False,False,False,False,0.1
15,OC12C=CC3OC1C2O3,15,2,2,0.9986917210280027,0.5333333333333333,0.9453583876946694,0.997383442055984,0.002616557943951317,0.0,-1539.7034466654081,True,1.476736808868284e-16,Random (k=2),Random,False,False,False,False,0.1
16,CCC(COC=N)=NO,19,2,2,0.984607379886401,0.7368421052631579,0.9109231693600852,0.9692147597727842,0.030785240227161854,0.0,-1737.5095308442717,True,1.3086182919108136e-16,Random (k=2),Random,False,False,False,False,0.1
17,N#CC12OCC(O1)C=C2,14,2,2,0.993606389103494,0.14285714285714285,0.9793206748177797,0.9872127782069657,0.012787221792967632,0.0,-1500.7105462489424,True,0.0,Random (k=2),Random,False,False,False,False,0.1
18,NC(=O)C(=O)C(O)CO,16,2,2,0.9967769261945639,0.6875,0.928026926194564,0.9935538523891065,0.0064461476108294774,0.0,-1543.56841988232,True,4.4191175301555866e-16,Random (k=2),Random,False,False,False,False,0.1
19,CC1=NCC(O1)C(N)=O,17,2,2,0.9878837765764814,0.7058823529411765,0.9172955412823638,0.9757675531529431,0.02423244684699722,0.0,-1678.2201106753193,True,1.3548501415092854e-16,Random (k=2),Random,False,False,False,False,0.1
0,CC1=C(N)C=NO1,13,2,2,0.9991839576729583,0.0,0.9991839576729583,0.9983679153458903,0.0016320846540304095,0.0,-1261.5773353406917,True,0.0,Greedy-Random (k=2),Greedy-Random,True,False,True,False,0.1
1,CC#CC1CC(C)C1O,21,2,2,0.999699527712373,0.2857142857142857,0.9711280991409444,0.9993990554247294,0.0006009445752210624,0.0,-2019.579175708967,True,6.755080806279416e-16,Greedy-Random (k=2),Greedy-Random,True,False,True,False,0.1
2,C1OC11C2C3CN2C13,15,2,2,0.9998855969782289,0.0,0.9998855969782289,0.9997711939564345,0.00022880604349561877,0.0,-1432.333978567099,True,9.524608597389272e-16,Greedy-Random (k=2),Greedy-Random,True,False,True,False,0.1
3,C1NC2C3COCC12O3,18,2,2,0.9976057250990337,0.0,0.9976057250990337,0.9952114501980478,0.004788549801894216,0.0,-1709.9491432050593,True,0.0,Greedy-Random (k=2),Greedy-Random,True,False,True,False,0.1
4,O=C1CC2(CC1O2)C#C,15,2,2,0.9999914519263396,0.0,0.9999914519263396,0.9999829038526583,1.7096147278566384e-05,0.0,-1585.2289793332293,True,7.171635088921174e-16,Greedy-Random (k=2),Greedy-Random,True,False,True,False,0.1
5,CC1N2CC2(C#C)C1=O,16,2,2,0.9971140638769708,0.0,0.9971140638769708,0.9942281277539213,0.0057718722460183116,0.0,-1638.6151914305615,True,6.937982652434522e-16,Greedy-Random (k=2),Greedy-Random,True,False,True,False,0.1
6,O=CC1OCC11CCO1,17,2,2,0.9974467934988636,0.0,0.9974467934988636,0.9948935869977072,0.005106413002232846,0.0,-1653.7687905893724,True,1.2373936977367187e-15,Greedy-Random (k=2),Greedy-Random,True,False,True,False,0.1
7,CC12COCC1(C)C2O,21,2,2,0.9988880232845346,0.0,0.9988880232845346,0.9977760465690526,0.0022239534308971165,0.0,-1980.9096562034208,True,1.033042103954913e-15,Greedy-Random (k=2),Greedy-Random,True,False,True,False,0.1
8,CNC(=O)CC1CN1,18,2,2,0.9996377483591582,0.0,0.9996377483591582,0.9992754967182966,0.0007245032816434969,0.0,-1669.6283676037929,True,2.723644133688735e-16,Greedy-Random (k=2),Greedy-Random,True,False,True,False,0.1
9,CC12C3C(CN13)OC2=O,16,2,2,0.9967279730317715,0.1875,0.9779779730317715,0.9934559460635227,0.006544053936416294,0.0,-1618.1339928096172,True,1.4051597485349275e-16,Greedy-Random (k=2),Greedy-Random,True,False,True,False,0.1
10,COC12C(C)C1CC2C,23,2,2,0.997771113803506,0.08695652173913043,0.989075461629593,0.9955422276069968,0.004457772392956909,0.0,-2142.2303783647435,True,1.485942636400758e-15,Greedy-Random (k=2),Greedy-Random,True,False,True,False,0.1
11,CC1C2CC2(C)C1=NO,20,2,2,0.9976683513836299,0.0,0.9976683513836299,0.9953367027672423,0.004663297232705141,0.0,-1884.4887779695775,True,6.032768093429597e-16,Greedy-Random (k=2),Greedy-Random,True,False,True,False,0.1
12,NC(C#C)(C#N)C1CO1,15,2,2,0.9978582570036579,0.0,0.9978582570036579,0.9957165140072941,0.004283485992640836,0.0,-1522.078526748084,True,2.9876733880347196e-16,Greedy-Random (k=2),Greedy-Random,True,False,True,False,0.1
13,CCCC1=NC=NN=N1,17,2,2,0.9993684262962814,0.0,0.9993684262962814,0.9987368525925425,0.0012631474073964224,0.0,-1633.5341333303422,True,8.351475643046293e-16,Greedy-Random (k=2),Greedy-Random,True,False,True,False,0.1
14,O=CC1=CC(=O)C(=O)C1,13,2,2,0.9969498920679903,0.15384615384615385,0.9815652766833749,0.9938997841359584,0.006100215863974368,0.0,-1468.7092323270667,True,1.5481190588211863e-16,Greedy-Random (k=2),Greedy-Random,True,False,True,False,0.1
15,OC12C=CC3OC1C2O3,15,2,2,0.9994934762019695,0.0,0.9994934762019695,0.9989869524039172,0.0010130475960179084,0.0,-1539.7034466654081,True,1.476736808868284e-16,Greedy-Random (k=2),Greedy-Random,True,False,True,False,0.1
16,CCC(COC=N)=NO,19,2,2,0.9984787149341715,0.0,0.9984787149341715,0.996957429868324,0.003042570131618735,0.0,-1737.5095308442717,True,3.92585487573244e-16,Greedy-Random (k=2),Greedy-Random,True,False,True,False,0.1
17,N#CC12OCC(O1)C=C2,14,2,2,0.9943596991162554,0.0,0.9943596991162554,0.9887193982324887,0.011280601767444725,0.0,-1500.7105462489424,True,1.5151068006521456e-16,Greedy-Random (k=2),Greedy-Random,True,False,True,False,0.1
18,NC(=O)C(=O)C(O)CO,16,2,2,0.9989788548710329,0.0,0.9989788548710329,0.9979577097420442,0.002042290257890908,0.0,-1543.56841988232,True,1.4730391767185289e-16,Greedy-Random (k=2),Greedy-Random,True,False,True,False,0.1
19,CC1=NCC(O1)C(N)=O,17,2,2,0.997911736709593,0.0,0.997911736709593,0.9958234734191661,0.004176526580774315,0.0,-1678.2201106753193,True,0.0,Greedy-Random (k=2),Greedy-Random,True,False,True,False,0.1
0,CC1=C(N)C=NO1,13,2,2,0.9990012639540917,0.0,0.9990012639540917,0.998002527908157,0.0019974720917639703,0.0,-1261.5773353406917,True,5.406890304869291e-16,Greedy-Distance (k=2),Greedy-Distance,False,True,True,False,0.1
1,CC#CC1CC(C)C1O,21,2,2,0.9997214597417187,0.0,0.9997214597417187,0.9994429194834209,0.0005570805165296132,0.0,-2019.579175708967,True,2.2516936020931387e-16,Greedy-Distance (k=2),Greedy-Distance,False,True,True,False,0.1
2,C1OC11C2C3CN2C13,15,2,2,0.9851868493788455,0.0,0.9851868493788455,0.9703736987576689,0.029626301242265406,0.0,-1432.333978567099,True,1.587434766231545e-16,Greedy-Distance (k=2),Greedy-Distance,False,True,True,False,0.1
3,C1NC2C3COCC12O3,18,2,2,0.9990551442996298,0.0,0.9990551442996298,0.9981102885992401,0.0018897114007014825,0.0,-1709.9491432050593,True,1.329710163291984e-15,Greedy-Distance (k=2),Greedy-Distance,False,True,True,False,0.1
4,O=C1CC2(CC1O2)C#C,15,2,2,0.9963622744699442,0.0,0.9963622744699442,0.9927245489398677,0.007275451060070017,0.0,-1585.2289793332293,True,5.737308071136939e-16,Greedy-Distance (k=2),Greedy-Distance,False,True,True,False,0.1
5,CC1N2CC2(C#C)C1=O,16,2,2,0.9994698297471437,0.0,0.9994698297471437,0.9989396594942669,0.0010603405056720573,0.0,-1638.6151914305615,True,6.937982652434522e-16,Greedy-Distance (k=2),Greedy-Distance,False,True,True,False,0.1
6,O=CC1OCC11CCO1,17,2,2,0.999761805440993,0.0,0.999761805440993,0.9995236108819658,0.00047638911797375514,0.0,-1653.7687905893724,True,2.7497637727482635e-16,Greedy-Distance (k=2),Greedy-Distance,False,True,True,False,0.1
7,CC12COCC1(C)C2O,21,2,2,0.9998549189152355,0.0,0.9998549189152355,0.999709837830454,0.00029016216949550395,0.0,-1980.9096562034208,True,5.739122799749517e-16,Greedy-Distance (k=2),Greedy-Distance,False,True,True,False,0.1
8,CNC(=O)CC1CN1,18,2,2,0.9991132573353053,0.0,0.9991132573353053,0.9982265146705905,0.0017734853293496888,0.0,-1669.6283676037929,True,1.3618220668443674e-16,Greedy-Distance (k=2),Greedy-Distance,False,True,True,False,0.1
9,CC12C3C(CN13)OC2=O,16,2,2,0.999665517951089,0.0,0.999665517951089,0.9993310359021578,0.000668964097780526,0.0,-1618.1339928096172,True,1.5456757233884204e-15,Greedy-Distance (k=2),Greedy-Distance,False,True,True,False,0.1
10,COC12C(C)C1CC2C,23,2,2,0.9978437793655942,0.0,0.9978437793655942,0.9956875587311728,0.004312441268780953,0.0,-2142.2303783647435,True,1.485942636400758e-15,Greedy-Distance (k=2),Greedy-Distance,False,True,True,False,0.1
11,CC1C2CC2(C)C1=NO,20,2,2,0.9960663075715037,0.0,0.9960663075715037,0.9921326151429901,0.007867384856957626,0.0,-1884.4887779695775,True,0.0,Greedy-Distance (k=2),Greedy-Distance,False,True,True,False,0.1
12,NC(C#C)(C#N)C1CO1,15,2,2,0.9989734973267947,0.0,0.9989734973267947,0.9979469946535677,0.0020530053463667986,0.0,-1522.078526748084,True,2.9876733880347196e-16,Greedy-Distance (k=2),Greedy-Distance,False,True,True,False,0.1
13,CCCC1=NC=NN=N1,17,2,2,0.9989947988974631,0.0,0.9989947988974631,0.9979895977949059,0.002010402205033095,0.0,-1633.5341333303422,True,5.567650428697528e-16,Greedy-Distance (k=2),Greedy-Distance,False,True,True,False,0.1
14,O=CC1=CC(=O)C(=O)C1,13,2,2,0.9964428106725393,0.0,0.9964428106725393,0.9928856213450556,0.007114378654876121,0.0,-1468.7092323270667,True,0.0,Greedy-Distance (k=2),Greedy-Distance,False,True,True,False,0.1
15,OC12C=CC3OC1C2O3,15,2,2,0.9998358112364848,0.0,0.9998358112364848,0.9996716224729479,0.0003283775269870812,0.0,-1539.7034466654081,True,0.0,Greedy-Distance (k=2),Greedy-Distance,False,True,True,False,0.1
16,CCC(COC=N)=NO,19,2,2,0.9974549540594116,0.0,0.9974549540594116,0.9949099081188039,0.005090091881138614,0.0,-1737.5095308442717,True,2.617236583821627e-16,Greedy-Distance (k=2),Greedy-Distance,False,True,True,False,0.1
17,N#CC12OCC(O1)C=C2,14,2,2,0.9997849071783937,0.0,0.9997849071783937,0.9995698143567652,0.00043018564316829,0.0,-1500.7105462489424,True,3.030213601304291e-16,Greedy-Distance (k=2),Greedy-Distance,False,True,True,False,0.1
18,NC(=O)C(=O)C(O)CO,16,2,2,0.9982854941754317,0.0,0.9982854941754317,0.9965709883508416,0.003429011649093581,0.0,-1543.56841988232,True,1.4730391767185289e-16,Greedy-Distance (k=2),Greedy-Distance,False,True,True,False,0.1
19,CC1=NCC(O1)C(N)=O,17,2,2,0.9992080688979676,0.0,0.9992080688979676,0.9984161377959154,0.0015838622040250045,0.0,-1678.2201106753193,True,0.0,Greedy-Distance (k=2),Greedy-Distance,False,True,True,False,0.1
0,CC1=C(N)C=NO1,13,2,2,0.9990012639540917,0.0,0.9990012639540917,0.998002527908157,0.0019974720917639703,0.0,-1261.5773353406917,True,5.406890304869291e-16,Metropolis-Hastings (k=2),Metropolis-Hastings,False,False,False,True,0.1
1,CC#CC1CC(C)C1O,21,2,2,0.9999156177839083,0.0,0.9999156177839083,0.9998312355678001,0.00016876443215036368,0.0,-2019.579175708967,True,5.629234005232846e-16,Metropolis-Hastings (k=2),Metropolis-Hastings,False,False,False,True,0.1
2,C1OC11C2C3CN2C13,15,2,2,0.9985292297061887,0.0,0.9985292297061887,0.997058459412354,0.0029415405875761174,0.0,-1432.333978567099,True,1.269947812985236e-15,Metropolis-Hastings (k=2),Metropolis-Hastings,False,False,False,True,0.1
3,C1NC2C3COCC12O3,18,2,2,0.999631168522536,0.0,0.999631168522536,0.9992623370450524,0.0007376629548890539,0.0,-1709.9491432050593,True,3.989130489875952e-16,Metropolis-Hastings (k=2),Metropolis-Hastings,False,False,False,True,0.1
4,O=C1CC2(CC1O2)C#C,15,2,2,0.9999914519263396,0.0,0.9999914519263396,0.9999829038526583,1.7096147278566384e-05,0.0,-1585.2289793332293,True,7.171635088921174e-16,Metropolis-Hastings (k=2),Metropolis-Hastings,False,False,False,True,0.1
5,CC1N2CC2(C#C)C1=O,16,2,2,0.9995494401037354,0.0,0.9995494401037354,0.9990988802074504,0.0009011197924886488,0.0,-1638.6151914305615,True,5.550386121947617e-16,Metropolis-Hastings (k=2),Metropolis-Hastings,False,False,False,True,0.1
6,O=CC1OCC11CCO1,17,2,2,0.999761805440993,0.0,0.999761805440993,0.9995236108819658,0.00047638911797375514,0.0,-1653.7687905893724,True,2.7497637727482635e-16,Metropolis-Hastings (k=2),Metropolis-Hastings,False,False,False,True,0.1
7,CC12COCC1(C)C2O,21,2,2,0.9998549189152355,0.0,0.9998549189152355,0.999709837830454,0.00029016216949550395,0.0,-1980.9096562034208,True,5.739122799749517e-16,Metropolis-Hastings (k=2),Metropolis-Hastings,False,False,False,True,0.1
8,CNC(=O)CC1CN1,18,2,2,0.9994434869189665,0.0,0.9994434869189665,0.998886973837913,0.0011130261620270613,0.0,-1669.6283676037929,True,1.3618220668443674e-16,Metropolis-Hastings (k=2),Metropolis-Hastings,False,False,False,True,0.1
9,CC12C3C(CN13)OC2=O,16,2,2,0.999969319839269,0.0,0.999969319839269,0.9999386396785173,6.136032142081676e-05,0.0,-1618.1339928096172,True,1.2646437736814349e-15,Metropolis-Hastings (k=2),Metropolis-Hastings,False,False,False,True,0.1
10,COC12C(C)C1CC2C,23,2,2,0.9996222523798317,0.0,0.9996222523798317,0.9992445047596478,0.0007554952403055447,0.0,-2142.2303783647435,True,8.491100779432902e-16,Metropolis-Hastings (k=2),Metropolis-Hastings,False,False,False,True,0.1
11,CC1C2CC2(C)C1=NO,20,2,2,0.9980714909792638,0.0,0.9980714909792638,0.9961429819585098,0.0038570180414371066,0.0,-1884.4887779695775,True,6.032768093429597e-16,Metropolis-Hastings (k=2),Metropolis-Hastings,False,False,False,True,0.1
12,NC(C#C)(C#N)C1CO1,15,2,2,0.9989734973267947,0.0,0.9989734973267947,0.9979469946535677,0.0020530053463667986,0.0,-1522.078526748084,True,2.9876733880347196e-16,Metropolis-Hastings (k=2),Metropolis-Hastings,False,False,False,True,0.1
13,CCCC1=NC=NN=N1,17,2,2,0.9989947988974631,0.0,0.9989947988974631,0.9979895977949059,0.002010402205033095,0.0,-1633.5341333303422,True,5.567650428697528e-16,Metropolis-Hastings (k=2),Metropolis-Hastings,False,False,False,True,0.1
14,O=CC1=CC(=O)C(=O)C1,13,2,2,0.9985774868958082,0.0,0.9985774868958082,0.9971549737915936,0.002845026208338625,0.0,-1468.7092323270667,True,0.0,Metropolis-Hastings (k=2),Metropolis-Hastings,False,False,False,True,0.1
15,OC12C=CC3OC1C2O3,15,2,2,0.9999905739034401,0.0,0.9999905739034401,0.9999811478068585,1.8852193076489114e-05,0.0,-1539.7034466654081,True,0.0,Metropolis-Hastings (k=2),Metropolis-Hastings,False,False,False,True,0.1
16,CCC(COC=N)=NO,19,2,2,0.9974549540594116,0.0,0.9974549540594116,0.9949099081188039,0.005090091881138614,0.0,-1737.5095308442717,True,2.617236583821627e-16,Metropolis-Hastings (k=2),Metropolis-Hastings,False,False,False,True,0.1
17,N#CC12OCC(O1)C=C2,14,2,2,0.9999958396793436,0.0,0.9999958396793436,0.9999916793586648,8.32064126847244e-06,0.0,-1500.7105462489424,True,1.5151068006521456e-16,Metropolis-Hastings (k=2),Metropolis-Hastings,False,False,False,True,0.1
18,NC(=O)C(=O)C(O)CO,16,2,2,0.9989788548710329,0.0,0.9989788548710329,0.9979577097420442,0.002042290257890908,0.0,-1543.56841988232,True,1.4730391767185289e-16,Metropolis-Hastings (k=2),Metropolis-Hastings,False,False,False,True,0.1
19,CC1=NCC(O1)C(N)=O,17,2,2,0.9992659525954686,0.0,0.9992659525954686,0.9985319051909175,0.0014680948090230422,0.0,-1678.2201106753193,True,1.3548501415092854e-16,Metropolis-Hastings (k=2),Metropolis-Hastings,False,False,False,True,0.1
0,CC1=C(N)C=NO1,13,3,3,0.9943258416806647,0.0,0.9943258416806647,0.9919237469765435,0.004804189408137504,0.003272063615240279,-1261.5773353406917,True,5.406890304869291e-16,Distance (k=3),Distance,False,False,False,False,0.1
1,CC#CC1CC(C)C1O,21,3,3,0.993774541556049,0.0,0.993774541556049,0.9907312510598587,0.0060865809923153595,0.0031821679477769165,-2019.579175708967,True,5.629234005232846e-16,Distance (k=3),Distance,False,False,False,False,0.1
2,C1OC11C2C3CN2C13,15,3,3,0.9696372166402313,0.0,0.9696372166402313,0.9470676194655717,0.04513919434923437,0.007793186185130412,-1432.333978567099,True,3.17486953246309e-16,Distance (k=3),Distance,False,False,False,False,0.1
3,C1NC2C3COCC12O3,18,3,3,0.9968515115672361,0.0,0.9968515115672361,0.9943941324366719,0.0049147582610510505,0.0006911093022190272,-1709.9491432050593,True,3.989130489875952e-16,Distance (k=3),Distance,False,False,False,False,0.1
4,O=C1CC2(CC1O2)C#C,15,3,3,0.9966470170202077,0.0,0.9966470170202077,0.9939278015237122,0.005438430992907434,0.0006337674833176654,-1585.2289793332293,True,1.4343270177842348e-16,Distance (k=3),Distance,False,False,False,False,0.1
5,CC1N2CC2(C#C)C1=O,16,3,3,0.9971487857953475,0.0,0.9971487857953475,0.9943710530373819,0.005555465515849862,7.348144670721485e-05,-1638.6151914305615,True,1.3875965304869043e-16,Distance (k=3),Distance,False,False,False,False,0.1
6,O=CC1OCC11CCO1,17,3,3,0.9944056249075981,0.0,0.9944056249075981,0.9907705712209495,0.007270107373217494,0.001959321405773308,-1653.7687905893724,True,6.874409431870659e-16,Distance (k=3),Distance,False,False,False,False,0.1
7,CC12COCC1(C)C2O,21,3,3,0.9887917622960165,0.0,0.9887917622960165,0.984797979608496,0.007987565374974687,0.007214455016479578,-1980.9096562034208,True,5.739122799749517e-16,Distance (k=3),Distance,False,False,False,False,0.1
8,CNC(=O)CC1CN1,18,3,3,0.9980037754918257,0.0,0.9980037754918257,0.9965816126679735,0.0028443256476249706,0.0005740616843417933,-1669.6283676037929,True,1.3618220668443674e-16,Distance (k=3),Distance,False,False,False,False,0.1
9,CC12C3C(CN13)OC2=O,16,3,3,0.9982803105113796,0.0,0.9982803105113796,0.9973359405286231,0.0018887399654310044,0.0007753195058843515,-1618.1339928096172,True,7.025798742674638e-16,Distance (k=3),Distance,False,False,False,False,0.1
10,COC12C(C)C1CC2C,23,3,3,0.9913355896030059,0.0,0.9913355896030059,0.9859141427299394,0.010842893746072436,0.003242963523942533,-2142.2303783647435,True,8.491100779432902e-16,Distance (k=3),Distance,False,False,False,False,0.1
11,CC1C2CC2(C)C1=NO,20,3,3,0.9940547777324027,0.0,0.9940547777324027,0.9917821738037733,0.0045452078571888805,0.0036726183389854936,-1884.4887779695775,True,1.2065536186859193e-16,Distance (k=3),Distance,False,False,False,False,0.1
12,NC(C#C)(C#N)C1CO1,15,3,3,0.9864034820910161,0.0,0.9864034820910161,0.9767219515582337,0.01936306106548059,0.003914987376222543,-1522.078526748084,True,1.4938366940173598e-16,Distance (k=3),Distance,False,False,False,False,0.1
13,CCCC1=NC=NN=N1,17,3,3,0.9939740824751334,0.0,0.9939740824751334,0.9917760528765259,0.004396059197133929,0.003827887926279313,-1633.5341333303422,True,6.959563035871911e-16,Distance (k=3),Distance,False,False,False,False,0.1
14,O=CC1=CC(=O)C(=O)C1,13,3,3,0.9920418219023946,0.0,0.9920418219023946,0.9880881710850675,0.007907301634564805,0.004004527280300542,-1468.7092323270667,True,1.238495247056949e-15,Distance (k=3),Distance,False,False,False,False,0.1
15,OC12C=CC3OC1C2O3,15,3,3,0.9909678078799389,0.0,0.9909678078799389,0.9820812065042581,0.01777320275127659,0.0001455907444014925,-1539.7034466654081,True,1.476736808868284e-16,Distance (k=3),Distance,False,False,False,False,0.1
16,CCC(COC=N)=NO,19,3,3,0.9979641804614935,0.0,0.9979641804614935,0.9977532489931746,0.00042186293656125163,0.0018248880702067208,-1737.5095308442717,True,2.617236583821627e-16,Distance (k=3),Distance,False,False,False,False,0.1
17,N#CC12OCC(O1)C=C2,14,3,3,0.9913846796419684,0.0,0.9913846796419684,0.986059551339346,0.010650256605156097,0.0032901920554314623,-1500.7105462489424,True,1.5151068006521456e-16,Distance (k=3),Distance,False,False,False,False,0.1
18,NC(=O)C(=O)C(O)CO,16,3,3,0.9967801209614212,0.0,0.9967801209614212,0.9948633761470227,0.003833489628710588,0.0013031342242018696,-1543.56841988232,True,2.9460783534370577e-16,Distance (k=3),Distance,False,False,False,False,0.1
19,CC1=NCC(O1)C(N)=O,17,3,3,0.9953287318423761,0.0,0.9953287318423761,0.9940370702113352,0.002583323262002331,0.003379606526602993,-1678.2201106753193,True,1.3548501415092854e-16,Distance (k=3),Distance,False,False,False,False,0.1
0,CC1=C(N)C=NO1,13,3,3,0.9685402515649445,1.0769230769230769,0.8608479438726369,0.9496213926690793,0.037837717791630254,0.012540889539215163,-1261.5773353406917,True,5.406890304869291e-16,Random (k=3),Random,False,False,False,False,0.1
1,CC#CC1CC(C)C1O,21,3,3,0.992319913619768,1.1428571428571428,0.8780341993340537,0.9891866694801466,0.006266488279177654,0.004546842240626861,-2019.579175708967,True,7.880927607325985e-16,Random (k=3),Random,False,False,False,False,0.1
2,C1OC11C2C3CN2C13,15,3,3,0.9766223533645745,0.9333333333333333,0.8832890200312411,0.9666258532606774,0.019993000207707154,0.013381146531550068,-1432.333978567099,True,0.0,Random (k=3),Random,False,False,False,False,0.1
3,C1NC2C3COCC12O3,18,3,3,0.9896877918756171,0.7777777777777778,0.9119100140978393,0.9841785534231918,0.01101847690477484,0.004802969671976678,-1709.9491432050593,True,3.989130489875952e-16,Random (k=3),Random,False,False,False,False,0.1
4,O=C1CC2(CC1O2)C#C,15,3,3,0.991882799422715,0.5333333333333333,0.9385494660893816,0.9876429972682425,0.00847960430886192,0.0038773984228332886,-1585.2289793332293,True,1.4343270177842348e-16,Random (k=3),Random,False,False,False,False,0.1
5,CC1N2CC2(C#C)C1=O,16,3,3,0.9939710606557216,1.0,0.8939710606557216,0.9932091911283469,0.0015237390546682414,0.0052670698169239236,-1638.6151914305615,True,2.7751930609738085e-16,Random (k=3),Random,False,False,False,False,0.1
6,O=CC1OCC11CCO1,17,3,3,0.9752964333434959,0.7647058823529411,0.8988258451082018,0.960669289787962,0.029254287110991904,0.010076423100989185,-1653.7687905893724,True,2.7497637727482635e-16,Random (k=3),Random,False,False,False,False,0.1
7,CC12COCC1(C)C2O,21,3,3,0.9981773494470633,1.1428571428571428,0.8838916351613489,0.9967998788830076,0.0027549411280442322,0.0004451799888978794,-1980.9096562034208,True,4.591298239799613e-16,Random (k=3),Random,False,False,False,False,0.1
8,CNC(=O)CC1CN1,18,3,3,0.991639162801517,1.1111111111111112,0.8805280516904058,0.987516503478102,0.008245318646750996,0.004238177875087634,-1669.6283676037929,True,1.3618220668443674e-16,Random (k=3),Random,False,False,False,False,0.1
9,CC12C3C(CN13)OC2=O,16,3,3,0.9695073231063353,1.0,0.8695073231063353,0.9491934003956488,0.04062784542129452,0.01017875418299786,-1618.1339928096172,True,2.810319497069855e-16,Random (k=3),Random,False,False,False,False,0.1
10,COC12C(C)C1CC2C,23,3,3,0.9794598895200396,0.782608695652174,0.9011990199548222,0.9693814539285839,0.020156871182851706,0.010461674888519675,-2142.2303783647435,True,1.0613875974291129e-15,Random (k=3),Random,False,False,False,False,0.1
11,CC1C2CC2(C)C1=NO,20,3,3,0.9869173449820429,0.9,0.8969173449820429,0.9813262260693035,0.01118223782541039,0.007491536105234946,-1884.4887779695775,True,3.619660856057758e-16,Random (k=3),Random,False,False,False,False,0.1
12,NC(C#C)(C#N)C1CO1,15,3,3,0.9941345798855309,0.9333333333333333,0.9008012465521975,0.9920594545214733,0.004150250728028543,0.0037902947504331393,-1522.078526748084,True,1.4938366940173598e-16,Random (k=3),Random,False,False,False,False,0.1
13,CCCC1=NC=NN=N1,17,3,3,0.9645414762420185,1.2352941176470589,0.8410120644773126,0.9465927551328599,0.03589744221824088,0.017509802648842047,-1633.5341333303422,True,1.391912607174382e-16,Random (k=3),Random,False,False,False,False,0.1
14,O=CC1=CC(=O)C(=O)C1,13,3,3,0.9900731820470335,0.6153846153846154,0.928534720508572,0.9849875397389886,0.010171284616000325,0.004841175644943944,-1468.7092323270667,True,1.5481190588211863e-16,Random (k=3),Random,False,False,False,False,0.1
15,OC12C=CC3OC1C2O3,15,3,3,0.9697143448703177,0.9333333333333333,0.8763810115369843,0.9557721346493241,0.027884420441905033,0.016343444908709273,-1539.7034466654081,True,1.476736808868284e-16,Random (k=3),Random,False,False,False,False,0.1
16,CCC(COC=N)=NO,19,3,3,0.9811576971617811,1.1578947368421053,0.8653682234775706,0.9655553518356113,0.031204690652267247,0.0032399575120671993,-1737.5095308442717,True,1.3086182919108136e-16,Random (k=3),Random,False,False,False,False,0.1
17,N#CC12OCC(O1)C=C2,14,3,3,0.9913492987812323,1.1428571428571428,0.877063584495518,0.9895457451748311,0.0036071072127136813,0.00684714761238859,-1500.7105462489424,True,1.5151068006521456e-16,Random (k=3),Random,False,False,False,False,0.1
18,NC(=O)C(=O)C(O)CO,16,3,3,0.994080729524535,1.0,0.894080729524535,0.9899806132440147,0.008200232560954944,0.0018191541949661464,-1543.56841988232,True,5.892156706874115e-16,Random (k=3),Random,False,False,False,False,0.1
19,CC1=NCC(O1)C(N)=O,17,3,3,0.9889221744286866,0.5882352941176471,0.9300986450169219,0.9807397149010859,0.01636491905512206,0.0028953660437326663,-1678.2201106753193,True,0.0,Random (k=3),Random,False,False,False,False,0.1
0,CC1=C(N)C=NO1,13,3,3,0.9991811588087581,0.0,0.9991811588087581,0.99836231761749,0.0016376823824311533,0.0,-1261.5773353406917,True,9.01148384144882e-16,Greedy-Random (k=3),Greedy-Random,True,False,True,False,0.1
1,CC#CC1CC(C)C1O,21,3,3,0.9986966142095935,0.09523809523809523,0.9891728046857841,0.9983198835690243,0.0007534612810725459,0.0009266551498538557,-2019.579175708967,True,5.629234005232846e-16,Greedy-Random (k=3),Greedy-Random,True,False,True,False,0.1
2,C1OC11C2C3CN2C13,15,3,3,0.979577833447622,0.0,0.979577833447622,0.9623346638686658,0.034486339157825646,0.0031789969734435292,-1432.333978567099,True,1.587434766231545e-16,Greedy-Random (k=3),Greedy-Random,True,False,True,False,0.1
3,C1NC2C3COCC12O3,18,3,3,0.9966872472473772,0.0,0.9966872472473772,0.9943287287441109,0.004717037006454828,0.0009542342493758725,-1709.9491432050593,True,3.989130489875952e-16,Greedy-Random (k=3),Greedy-Random,True,False,True,False,0.1
4,O=C1CC2(CC1O2)C#C,15,3,3,0.9935524429435499,0.0,0.9935524429435499,0.9898220614753648,0.007460762936287143,0.002717175588285851,-1585.2289793332293,True,1.4343270177842348e-16,Greedy-Random (k=3),Greedy-Random,True,False,True,False,0.1
5,CC1N2CC2(C#C)C1=O,16,3,3,0.9933090530355676,0.0,0.9933090530355676,0.9890427599041519,0.008532586262751015,0.002424653833036827,-1638.6151914305615,True,2.7751930609738085e-16,Greedy-Random (k=3),Greedy-Random,True,False,True,False,0.1
6,O=CC1OCC11CCO1,17,3,3,0.9962170089049525,0.0,0.9962170089049525,0.9931984150261143,0.006037187757596744,0.0007643972162292377,-1653.7687905893724,True,1.0999055090993054e-15,Greedy-Random (k=3),Greedy-Random,True,False,True,False,0.1
7,CC12COCC1(C)C2O,21,3,3,0.9979475580715911,0.09523809523809523,0.9884237485477816,0.9964544801468423,0.0029861558494306264,0.000559364003676966,-1980.9096562034208,True,4.591298239799613e-16,Greedy-Random (k=3),Greedy-Random,True,False,True,False,0.1
8,CNC(=O)CC1CN1,18,3,3,0.9957719226939808,0.1111111111111111,0.9846608115828698,0.991886839162605,0.007770167062671793,0.0003429937746632937,-1669.6283676037929,True,1.3618220668443674e-16,Greedy-Random (k=3),Greedy-Random,True,False,True,False,0.1
9,CC12C3C(CN13)OC2=O,16,3,3,0.9932066931590341,0.0,0.9932066931590341,0.9895749988950712,0.007263388527844645,0.003161612577023193,-1618.1339928096172,True,5.62063899413971e-16,Greedy-Random (k=3),Greedy-Random,True,False,True,False,0.1
10,COC12C(C)C1CC2C,23,3,3,0.9958571963253354,0.0,0.9958571963253354,0.9944237327328675,0.0028669271848738463,0.002709340082212259,-2142.2303783647435,True,1.485942636400758e-15,Greedy-Random (k=3),Greedy-Random,True,False,True,False,0.1
11,CC1C2CC2(C)C1=NO,20,3,3,0.9931046193731731,0.15,0.9781046193731731,0.9910877242555356,0.004033790235204925,0.004878485509206898,-1884.4887779695775,True,1.2065536186859193e-16,Greedy-Random (k=3),Greedy-Random,True,False,True,False,0.1
12,NC(C#C)(C#N)C1CO1,15,3,3,0.9885477914867096,0.13333333333333333,0.9752144581533763,0.9849454526345783,0.0072046777041771095,0.00784986966118058,-1522.078526748084,True,1.4938366940173598e-16,Greedy-Random (k=3),Greedy-Random,True,False,True,False,0.1
13,CCCC1=NC=NN=N1,17,3,3,0.9984167270550538,0.0,0.9984167270550538,0.9968334541100873,0.003166545889851847,0.0,-1633.5341333303422,True,5.567650428697528e-16,Greedy-Random (k=3),Greedy-Random,True,False,True,False,0.1
14,O=CC1=CC(=O)C(=O)C1,13,3,3,0.9961128765500141,0.0,0.9961128765500141,0.992973705596393,0.006278341907151805,0.0007479524963873419,-1468.7092323270667,True,0.0,Greedy-Random (k=3),Greedy-Random,True,False,True,False,0.1
15,OC12C=CC3OC1C2O3,15,3,3,0.994551425195831,0.0,0.994551425195831,0.9891836572252739,0.010735535941028747,8.080683363338441e-05,-1539.7034466654081,True,2.953473617736568e-16,Greedy-Random (k=3),Greedy-Random,True,False,True,False,0.1
16,CCC(COC=N)=NO,19,3,3,0.9956766357412296,0.0,0.9956766357412296,0.9931577704173927,0.005037730647596928,0.0018044989349527965,-1737.5095308442717,True,2.617236583821627e-16,Greedy-Random (k=3),Greedy-Random,True,False,True,False,0.1
17,N#CC12OCC(O1)C=C2,14,3,3,0.9945031756166133,0.0,0.9945031756166133,0.9926830594933272,0.003640232246483619,0.00367670826012271,-1500.7105462489424,True,1.5151068006521456e-16,Greedy-Random (k=3),Greedy-Random,True,False,True,False,0.1
18,NC(=O)C(=O)C(O)CO,16,3,3,0.9955666916954135,0.1875,0.9768166916954134,0.994435417986413,0.0022625474179145512,0.0033020345956076185,-1543.56841988232,True,7.365195883592644e-16,Greedy-Random (k=3),Greedy-Random,True,False,True,False,0.1
19,CC1=NCC(O1)C(N)=O,17,3,3,0.9974005296445673,0.0,0.9974005296445673,0.9953867868009019,0.004027485687251706,0.0005857275117871013,-1678.2201106753193,True,2.709700283018571e-16,Greedy-Random (k=3),Greedy-Random,True,False,True,False,0.1
0,CC1=C(N)C=NO1,13,3,3,0.9943258416806647,0.0,0.9943258416806647,0.9919237469765435,0.004804189408137504,0.003272063615240279,-1261.5773353406917,True,5.406890304869291e-16,Greedy-Distance (k=3),Greedy-Distance,False,True,True,False,0.1
1,CC#CC1CC(C)C1O,21,3,3,0.993774541556049,0.0,0.993774541556049,0.9907312510598587,0.0060865809923153595,0.0031821679477769165,-2019.579175708967,True,5.629234005232846e-16,Greedy-Distance (k=3),Greedy-Distance,False,True,True,False,0.1
2,C1OC11C2C3CN2C13,15,3,3,0.999256740287302,0.0,0.999256740287302,0.9985519767784857,0.0014095270175394112,3.849620390500746e-05,-1432.333978567099,True,9.524608597389272e-16,Greedy-Distance (k=3),Greedy-Distance,False,True,True,False,0.1
3,C1NC2C3COCC12O3,18,3,3,0.9980320095956133,0.0,0.9980320095956133,0.9967077077040606,0.0026486037830274448,0.0006436885128534828,-1709.9491432050593,True,1.329710163291984e-15,Greedy-Distance (k=3),Greedy-Distance,False,True,True,False,0.1
4,O=C1CC2(CC1O2)C#C,15,3,3,0.9966470170202077,0.0,0.9966470170202077,0.9939278015237122,0.005438430992907434,0.0006337674833176654,-1585.2289793332293,True,1.4343270177842348e-16,Greedy-Distance (k=3),Greedy-Distance,False,True,True,False,0.1
5,CC1N2CC2(C#C)C1=O,16,3,3,0.9971487857953475,0.0,0.9971487857953475,0.9943710530373819,0.005555465515849862,7.348144670721485e-05,-1638.6151914305615,True,1.3875965304869043e-16,Greedy-Distance (k=3),Greedy-Distance,False,True,True,False,0.1
6,O=CC1OCC11CCO1,17,3,3,0.9947754903149971,0.0,0.9947754903149971,0.9902699407208122,0.009011099188290133,0.0007189600908378956,-1653.7687905893724,True,4.1246456591223956e-16,Greedy-Distance (k=3),Greedy-Distance,False,True,True,False,0.1
7,CC12COCC1(C)C2O,21,3,3,0.9887917622960165,0.0,0.9887917622960165,0.984797979608496,0.007987565374974687,0.007214455016479578,-1980.9096562034208,True,5.739122799749517e-16,Greedy-Distance (k=3),Greedy-Distance,False,True,True,False,0.1
8,CNC(=O)CC1CN1,18,3,3,0.9980037754918257,0.0,0.9980037754918257,0.9965816126679735,0.0028443256476249706,0.0005740616843417933,-1669.6283676037929,True,1.3618220668443674e-16,Greedy-Distance (k=3),Greedy-Distance,False,True,True,False,0.1
9,CC12C3C(CN13)OC2=O,16,3,3,0.9982803105113796,0.0,0.9982803105113796,0.9973359405286231,0.0018887399654310044,0.0007753195058843515,-1618.1339928096172,True,7.025798742674638e-16,Greedy-Distance (k=3),Greedy-Distance,False,True,True,False,0.1
10,COC12C(C)C1CC2C,23,3,3,0.9913355896030059,0.0,0.9913355896030059,0.9859141427299394,0.010842893746072436,0.003242963523942533,-2142.2303783647435,True,8.491100779432902e-16,Greedy-Distance (k=3),Greedy-Distance,False,True,True,False,0.1
11,CC1C2CC2(C)C1=NO,20,3,3,0.9940547777324027,0.0,0.9940547777324027,0.9917821738037733,0.0045452078571888805,0.0036726183389854936,-1884.4887779695775,True,1.2065536186859193e-16,Greedy-Distance (k=3),Greedy-Distance,False,True,True,False,0.1
12,NC(C#C)(C#N)C1CO1,15,3,3,0.9978468972605268,0.0,0.9978468972605268,0.9960472830112896,0.003599228498386574,0.0003534884902580596,-1522.078526748084,True,0.0,Greedy-Distance (k=3),Greedy-Distance,False,True,True,False,0.1
13,CCCC1=NC=NN=N1,17,3,3,0.9939740824751334,0.0,0.9939740824751334,0.9917760528765259,0.004396059197133929,0.003827887926279313,-1633.5341333303422,True,6.959563035871911e-16,Greedy-Distance (k=3),Greedy-Distance,False,True,True,False,0.1
14,O=CC1=CC(=O)C(=O)C1,13,3,3,0.9929908631056884,0.0,0.9929908631056884,0.9916581126028118,0.002665501005662375,0.00567638639145768,-1468.7092323270667,True,1.3933071529390678e-15,Greedy-Distance (k=3),Greedy-Distance,False,True,True,False,0.1
15,OC12C=CC3OC1C2O3,15,3,3,0.9909678078799389,0.0,0.9909678078799389,0.9820812065042581,0.01777320275127659,0.0001455907444014925,-1539.7034466654081,True,1.476736808868284e-16,Greedy-Distance (k=3),Greedy-Distance,False,True,True,False,0.1
16,CCC(COC=N)=NO,19,3,3,0.9979641804614935,0.0,0.9979641804614935,0.9977532489931746,0.00042186293656125163,0.0018248880702067208,-1737.5095308442717,True,2.617236583821627e-16,Greedy-Distance (k=3),Greedy-Distance,False,True,True,False,0.1
17,N#CC12OCC(O1)C=C2,14,3,3,0.9973781045752613,0.0,0.9973781045752613,0.9949319411856784,0.004892326779077217,0.00017573203517771708,-1500.7105462489424,True,1.5151068006521456e-16,Greedy-Distance (k=3),Greedy-Distance,False,True,True,False,0.1
18,NC(=O)C(=O)C(O)CO,16,3,3,0.9967801209614212,0.0,0.9967801209614212,0.9948633761470227,0.003833489628710588,0.0013031342242018696,-1543.56841988232,True,2.9460783534370577e-16,Greedy-Distance (k=3),Greedy-Distance,False,True,True,False,0.1
19,CC1=NCC(O1)C(N)=O,17,3,3,0.9953287318423761,0.0,0.9953287318423761,0.9940370702113352,0.002583323262002331,0.003379606526602993,-1678.2201106753193,True,1.3548501415092854e-16,Greedy-Distance (k=3),Greedy-Distance,False,True,True,False,0.1
0,CC1=C(N)C=NO1,13,3,3,0.9985480057648844,0.0,0.9985480057648844,0.9972968085388294,0.0025023944520042836,0.00020079700908707604,-1261.5773353406917,True,0.0,Metropolis-Hastings (k=3),Metropolis-Hastings,False,False,False,True,0.1
1,CC#CC1CC(C)C1O,21,3,3,0.9981392785779123,0.0,0.9981392785779123,0.9968981615029141,0.002482234149930727,0.0006196043471059108,-2019.579175708967,True,0.0,Metropolis-Hastings (k=3),Metropolis-Hastings,False,False,False,True,0.1
2,C1OC11C2C3CN2C13,15,3,3,0.999256740287302,0.0,0.999256740287302,0.9985519767784857,0.0014095270175394112,3.849620390500746e-05,-1432.333978567099,True,9.524608597389272e-16,Metropolis-Hastings (k=3),Metropolis-Hastings,False,False,False,True,0.1
3,C1NC2C3COCC12O3,18,3,3,0.9975746294978123,0.0,0.9975746294978123,0.9957929475084585,0.003563363978629464,0.0006436885128534829,-1709.9491432050593,True,1.1967391469627857e-15,Metropolis-Hastings (k=3),Metropolis-Hastings,False,False,False,True,0.1
4,O=C1CC2(CC1O2)C#C,15,3,3,0.9986958900866708,0.0,0.9986958900866708,0.9977459847021719,0.001899810768913689,0.0003542045288513032,-1585.2289793332293,True,5.737308071136939e-16,Metropolis-Hastings (k=3),Metropolis-Hastings,False,False,False,True,0.1
5,CC1N2CC2(C#C)C1=O,16,3,3,0.9971487857953475,0.0,0.9971487857953475,0.9943710530373819,0.005555465515849862,7.348144670721485e-05,-1638.6151914305615,True,1.3875965304869043e-16,Metropolis-Hastings (k=3),Metropolis-Hastings,False,False,False,True,0.1
6,O=CC1OCC11CCO1,17,3,3,0.997905464139374,0.0,0.997905464139374,0.9958109282787279,0.004189071721211543,0.0,-1653.7687905893724,True,5.499527545496527e-16,Metropolis-Hastings (k=3),Metropolis-Hastings,False,False,False,True,0.1
7,CC12COCC1(C)C2O,21,3,3,0.9887917622960165,0.0,0.9887917622960165,0.984797979608496,0.007987565374974687,0.007214455016479578,-1980.9096562034208,True,5.739122799749517e-16,Metropolis-Hastings (k=3),Metropolis-Hastings,False,False,False,True,0.1
8,CNC(=O)CC1CN1,18,3,3,0.9984630041693672,0.0,0.9984630041693672,0.9970187058567727,0.0028885966251095212,9.269751805830506e-05,-1669.6283676037929,True,1.3618220668443674e-16,Metropolis-Hastings (k=3),Metropolis-Hastings,False,False,False,True,0.1
9,CC12C3C(CN13)OC2=O,16,3,3,0.9982803105113796,0.0,0.9982803105113796,0.9973359405286231,0.0018887399654310044,0.0007753195058843515,-1618.1339928096172,True,7.025798742674638e-16,Metropolis-Hastings (k=3),Metropolis-Hastings,False,False,False,True,0.1
10,COC12C(C)C1CC2C,23,3,3,0.9985119631560803,0.0,0.9985119631560803,0.997158551966159,0.002706822379780205,0.0001346256540141942,-2142.2303783647435,True,1.485942636400758e-15,Metropolis-Hastings (k=3),Metropolis-Hastings,False,False,False,True,0.1
11,CC1C2CC2(C)C1=NO,20,3,3,0.9965829645311021,0.0,0.9965829645311021,0.9940559067387041,0.00505411558472572,0.0008899776765175475,-1884.4887779695775,True,8.445875330801436e-16,Metropolis-Hastings (k=3),Metropolis-Hastings,False,False,False,True,0.1
12,NC(C#C)(C#N)C1CO1,15,3,3,0.9978468972605268,0.0,0.9978468972605268,0.9960472830112896,0.003599228498386574,0.0003534884902580596,-1522.078526748084,True,0.0,Metropolis-Hastings (k=3),Metropolis-Hastings,False,False,False,True,0.1
13,CCCC1=NC=NN=N1,17,3,3,0.9994262272648048,0.0,0.9994262272648048,0.99910489663702,0.0006426612554877924,0.00025244210743093515,-1633.5341333303422,True,0.0,Metropolis-Hastings (k=3),Metropolis-Hastings,False,False,False,True,0.1
14,O=CC1=CC(=O)C(=O)C1,13,3,3,0.9982497490135795,0.0,0.9982497490135795,0.9967250650549863,0.003049367917096254,0.00022556702784970692,-1468.7092323270667,True,1.3933071529390678e-15,Metropolis-Hastings (k=3),Metropolis-Hastings,False,False,False,True,0.1
15,OC12C=CC3OC1C2O3,15,3,3,0.9941716204358416,0.0,0.9941716204358416,0.988894784262311,0.01055367234697613,0.0005515433906490625,-1539.7034466654081,True,1.476736808868284e-16,Metropolis-Hastings (k=3),Metropolis-Hastings,False,False,False,True,0.1
16,CCC(COC=N)=NO,19,3,3,0.9979641804614935,0.0,0.9979641804614935,0.9977532489931746,0.00042186293656125163,0.0018248880702067208,-1737.5095308442717,True,2.617236583821627e-16,Metropolis-Hastings (k=3),Metropolis-Hastings,False,False,False,True,0.1
17,N#CC12OCC(O1)C=C2,14,3,3,0.9983049406975523,0.0,0.9983049406975523,0.9970680399525989,0.0024738014898179426,0.00045815855751663004,-1500.7105462489424,True,0.0,Metropolis-Hastings (k=3),Metropolis-Hastings,False,False,False,True,0.1
18,NC(=O)C(=O)C(O)CO,16,3,3,0.9977459623193189,0.0,0.9977459623193189,0.9960753293262005,0.0033412659861506914,0.0005834046875841993,-1543.56841988232,True,2.9460783534370577e-16,Metropolis-Hastings (k=3),Metropolis-Hastings,False,False,False,True,0.1
19,CC1=NCC(O1)C(N)=O,17,3,3,0.9987823468009166,0.0,0.9987823468009166,0.9975646936018134,0.0024353063981271575,0.0,-1678.2201106753193,True,2.709700283018571e-16,Metropolis-Hastings (k=3),Metropolis-Hastings,False,False,False,True,0.1
0,CC1=C(N)C=NO1,13,4,4,0.9864159842432537,0.0,0.9864159842432537,0.9772306156014382,0.018370737283526204,0.004398647114956853,-1261.5773353406917,True,3.6045935365795276e-16,Distance (k=4),Distance,False,False,False,False,0.1
1,CC#CC1CC(C)C1O,21,4,4,0.9972595705154642,0.0,0.9972595705154642,0.9957319561083526,0.0030552288141572174,0.0012128150774408633,-2019.579175708967,True,5.629234005232846e-16,Distance (k=4),Distance,False,False,False,False,0.1
2,C1OC11C2C3CN2C13,15,4,4,0.9885592914121838,0.0,0.9885592914121838,0.9819946422436652,0.013129298336946548,0.004876059419320253,-1432.333978567099,True,1.587434766231545e-16,Distance (k=4),Distance,False,False,False,False,0.1
3,C1NC2C3COCC12O3,18,4,4,0.9846108767486405,0.0,0.9846108767486405,0.9742476285236182,0.020726496449969493,0.00502587502635596,-1709.9491432050593,True,1.1967391469627857e-15,Distance (k=4),Distance,False,False,False,False,0.1
4,O=C1CC2(CC1O2)C#C,15,4,4,0.9893245639122416,0.0,0.9893245639122416,0.9867026626897679,0.005243802444863905,0.008053534865305596,-1585.2289793332293,True,4.3029810533527043e-16,Distance (k=4),Distance,False,False,False,False,0.1
5,CC1N2CC2(C#C)C1=O,16,4,4,0.9847438316819694,0.0,0.9847438316819694,0.9768219748119611,0.01584371373993824,0.007334311448041677,-1638.6151914305615,True,6.937982652434522e-16,Distance (k=4),Distance,False,False,False,False,0.1
6,O=CC1OCC11CCO1,17,4,4,0.9835701694410588,0.0,0.9835701694410588,0.9781066493569234,0.010927040168192438,0.010966310474825306,-1653.7687905893724,True,4.1246456591223956e-16,Distance (k=4),Distance,False,False,False,False,0.1
7,CC12COCC1(C)C2O,21,4,4,0.9955715962725313,0.0,0.9955715962725313,0.9939130970477432,0.003316998449509108,0.002769904502697384,-1980.9096562034208,True,4.591298239799613e-16,Distance (k=4),Distance,False,False,False,False,0.1
8,CNC(=O)CC1CN1,18,4,4,0.9948455569078488,0.0,0.9948455569078488,0.9919881473132257,0.0057148191891670365,0.00229703349754785,-1669.6283676037929,True,0.0,Distance (k=4),Distance,False,False,False,False,0.1
9,CC12C3C(CN13)OC2=O,16,4,4,0.988889639087552,0.0,0.988889639087552,0.9851112097929086,0.007556858589205501,0.007331931617825019,-1618.1339928096172,True,4.2154792456047825e-16,Distance (k=4),Distance,False,False,False,False,0.1
10,COC12C(C)C1CC2C,23,4,4,0.9875255218156144,0.0,0.9875255218156144,0.9798871843123159,0.0152766750065363,0.0048361406811024245,-2142.2303783647435,True,1.0613875974291129e-15,Distance (k=4),Distance,False,False,False,False,0.1
11,CC1C2CC2(C)C1=NO,20,4,4,0.9924768438548243,0.0,0.9924768438548243,0.987946913535392,0.009059860638794121,0.002993225825761006,-1884.4887779695775,True,2.4131072373718386e-16,Distance (k=4),Distance,False,False,False,False,0.1
12,NC(C#C)(C#N)C1CO1,15,4,4,0.9946805590892525,0.0,0.9946805590892525,0.9927960084816928,0.0037691012150319336,0.003434890303209775,-1522.078526748084,True,1.4938366940173598e-16,Distance (k=4),Distance,False,False,False,False,0.1
13,CCCC1=NC=NN=N1,17,4,4,0.989710431210909,0.0,0.989710431210909,0.9837769205991912,0.01186702122335447,0.004356058177393576,-1633.5341333303422,True,1.391912607174382e-16,Distance (k=4),Distance,False,False,False,False,0.1
14,O=CC1=CC(=O)C(=O)C1,13,4,4,0.9814093244819319,0.0,0.9814093244819319,0.9682206198042886,0.02637740935519818,0.005401970840446941,-1468.7092323270667,True,1.5481190588211863e-16,Distance (k=4),Distance,False,False,False,False,0.1
15,OC12C=CC3OC1C2O3,15,4,4,0.9724174495548468,0.0,0.9724174495548468,0.9591999515255246,0.026434996058561824,0.014365052415851638,-1539.7034466654081,True,1.476736808868284e-16,Distance (k=4),Distance,False,False,False,False,0.1
16,CCC(COC=N)=NO,19,4,4,0.9957718317351439,0.0,0.9957718317351439,0.9938167921414366,0.003910079187338557,0.002273128671167631,-1737.5095308442717,True,2.617236583821627e-16,Distance (k=4),Distance,False,False,False,False,0.1
17,N#CC12OCC(O1)C=C2,14,4,4,0.9874294213606586,0.0,0.9874294213606586,0.981672679013026,0.01151348469517865,0.006813836291730428,-1500.7105462489424,True,0.0,Distance (k=4),Distance,False,False,False,False,0.1
18,NC(=O)C(=O)C(O)CO,16,4,4,0.9931695814689,0.0,0.9931695814689,0.9910614917643219,0.004216179409070222,0.004722328826543432,-1543.56841988232,True,2.9460783534370577e-16,Distance (k=4),Distance,False,False,False,False,0.1
19,CC1=NCC(O1)C(N)=O,17,4,4,0.9931039292054981,0.0,0.9931039292054981,0.9894153559092168,0.007377146592483514,0.0032074974982404677,-1678.2201106753193,True,0.0,Distance (k=4),Distance,False,False,False,False,0.1
0,CC1=C(N)C=NO1,13,4,4,0.9635144232738728,1.0769230769230769,0.8558221155815651,0.9382668182785564,0.05049520999053411,0.011237971730835414,-1261.5773353406917,True,5.406890304869291e-16,Random (k=4),Random,False,False,False,False,0.1
1,CC#CC1CC(C)C1O,21,4,4,0.981965521528236,1.4285714285714286,0.8391083786710931,0.976187345486669,0.011556352083069777,0.012256302430213003,-2019.579175708967,True,5.629234005232846e-16,Random (k=4),Random,False,False,False,False,0.1
2,C1OC11C2C3CN2C13,15,4,4,0.9483010199078595,1.0666666666666667,0.8416343532411928,0.935978638312317,0.024644763191001944,0.039376598496618676,-1432.333978567099,True,0.0,Random (k=4),Random,False,False,False,False,0.1
3,C1NC2C3COCC12O3,18,4,4,0.9686602863321353,1.1111111111111112,0.8575491752210241,0.95663101615968,0.024058540344837603,0.019310443495427532,-1709.9491432050593,True,3.989130489875952e-16,Random (k=4),Random,False,False,False,False,0.1
4,O=C1CC2(CC1O2)C#C,15,4,4,0.9617221425924151,1.0666666666666667,0.8550554759257484,0.9498288230843774,0.023786639015995065,0.02638453789956744,-1585.2289793332293,True,2.8686540355684697e-16,Random (k=4),Random,False,False,False,False,0.1
5,CC1N2CC2(C#C)C1=O,16,4,4,0.9812086975056075,1.25,0.8562086975056075,0.969519842025609,0.02337771095991773,0.007102447014413929,-1638.6151914305615,True,2.7751930609738085e-16,Random (k=4),Random,False,False,False,False,0.1
6,O=CC1OCC11CCO1,17,4,4,0.9557479779003603,1.411764705882353,0.8145715073121249,0.944270818917084,0.022954317966477157,0.03277486311638241,-1653.7687905893724,True,2.7497637727482635e-16,Random (k=4),Random,False,False,False,False,0.1
7,CC12COCC1(C)C2O,21,4,4,0.9736451434849897,1.4285714285714286,0.8307880006278467,0.9659228807322855,0.015444525505343488,0.01863259376232228,-1980.9096562034208,True,2.2956491198998065e-16,Random (k=4),Random,False,False,False,False,0.1
8,CNC(=O)CC1CN1,18,4,4,0.9562421026621944,1.1111111111111112,0.8451309915510833,0.9374128708228452,0.03765846367862423,0.024928665498474705,-1669.6283676037929,True,1.3618220668443674e-16,Random (k=4),Random,False,False,False,False,0.1
9,CC12C3C(CN13)OC2=O,16,4,4,0.9538021312191152,1.25,0.8288021312191152,0.9353772777224463,0.03684970699326073,0.02777301528423527,-1618.1339928096172,True,4.2154792456047825e-16,Random (k=4),Random,False,False,False,False,0.1
10,COC12C(C)C1CC2C,23,4,4,0.9696942718704888,1.0434782608695652,0.8653464457835323,0.9604713839332433,0.018445775874431712,0.021082840192280405,-2142.2303783647435,True,8.491100779432902e-16,Random (k=4),Random,False,False,False,False,0.1
11,CC1C2CC2(C)C1=NO,20,4,4,0.9746121960854177,1.2,0.8546121960854177,0.9598203370563225,0.029583718058123612,0.010595944885503776,-1884.4887779695775,True,4.826214474743677e-16,Random (k=4),Random,False,False,False,False,0.1
12,NC(C#C)(C#N)C1CO1,15,4,4,0.9692902309248298,1.0666666666666667,0.8626235642581631,0.9536531464485977,0.03127416895238202,0.015072684598958755,-1522.078526748084,True,0.0,Random (k=4),Random,False,False,False,False,0.1
13,CCCC1=NC=NN=N1,17,4,4,0.9742713814617122,0.9411764705882353,0.8801537344028887,0.9643081590144357,0.019926444894474902,0.015765396091030847,-1633.5341333303422,True,1.391912607174382e-16,Random (k=4),Random,False,False,False,False,0.1
14,O=CC1=CC(=O)C(=O)C1,13,4,4,0.9655632261095418,1.0769230769230769,0.8578709184172342,0.9458014908761515,0.039523470466693085,0.01467503865708966,-1468.7092323270667,True,3.0962381176423727e-16,Random (k=4),Random,False,False,False,False,0.1
15,OC12C=CC3OC1C2O3,15,4,4,0.9837193307259943,1.2,0.8637193307259943,0.9733013705163284,0.02083592041924797,0.005862709064360767,-1539.7034466654081,True,1.476736808868284e-16,Random (k=4),Random,False,False,False,False,0.1
16,CCC(COC=N)=NO,19,4,4,0.9633785877377585,1.1578947368421053,0.847589114053548,0.9456790523298867,0.03539907081567265,0.018921876854387284,-1737.5095308442717,True,1.3086182919108136e-16,Random (k=4),Random,False,False,False,False,0.1
17,N#CC12OCC(O1)C=C2,14,4,4,0.9665410609893037,0.7142857142857143,0.8951124895607323,0.9525400078743885,0.02800210622974468,0.019457885895802423,-1500.7105462489424,True,1.5151068006521456e-16,Random (k=4),Random,False,False,False,False,0.1
18,NC(=O)C(=O)C(O)CO,16,4,4,0.969430138936947,1.25,0.844430138936947,0.9530756186625396,0.03270904054873153,0.014215340788666334,-1543.56841988232,True,5.892156706874115e-16,Random (k=4),Random,False,False,False,False,0.1
19,CC1=NCC(O1)C(N)=O,17,4,4,0.9636152092669548,1.1764705882352942,0.8459681504434253,0.9499303912629153,0.027369636008001623,0.022699972729025138,-1678.2201106753193,True,1.3548501415092854e-16,Random (k=4),Random,False,False,False,False,0.1
0,CC1=C(N)C=NO1,13,4,4,0.9895451522491331,0.0,0.9895451522491331,0.9857117086707321,0.007666887156697878,0.006621404172491985,-1261.5773353406917,True,3.6045935365795276e-16,Greedy-Random (k=4),Greedy-Random,True,False,True,False,0.1
1,CC#CC1CC(C)C1O,21,4,4,0.996040699963434,0.2857142857142857,0.9674692713920054,0.9938453436599511,0.004390712606900218,0.0017639437330996132,-2019.579175708967,True,7.880927607325985e-16,Greedy-Random (k=4),Greedy-Random,True,False,True,False,0.1
2,C1OC11C2C3CN2C13,15,4,4,0.9722150099579793,0.0,0.9722150099579793,0.949965890198668,0.04449823951853763,0.005535870282730701,-1432.333978567099,True,1.587434766231545e-16,Greedy-Random (k=4),Greedy-Random,True,False,True,False,0.1
3,C1NC2C3COCC12O3,18,4,4,0.98611728282572,0.0,0.98611728282572,0.9776656238633613,0.01690331792464198,0.005431058211940094,-1709.9491432050593,True,5.318840653167937e-16,Greedy-Random (k=4),Greedy-Random,True,False,True,False,0.1
4,O=C1CC2(CC1O2)C#C,15,4,4,0.9862550334153316,0.0,0.9862550334153316,0.9790467279022511,0.01441661102607893,0.006536661071608503,-1585.2289793332293,True,2.8686540355684697e-16,Greedy-Random (k=4),Greedy-Random,True,False,True,False,0.1
5,CC1N2CC2(C#C)C1=O,16,4,4,0.9929609809314037,0.25,0.9679609809314037,0.9900911978427138,0.005739566177299655,0.004169235979926292,-1638.6151914305615,True,4.162789591460713e-16,Greedy-Random (k=4),Greedy-Random,True,False,True,False,0.1
6,O=CC1OCC11CCO1,17,4,4,0.9907926930969294,0.29411764705882354,0.961380928391047,0.9843374169964747,0.012910552200830896,0.0027520308026355604,-1653.7687905893724,True,4.1246456591223956e-16,Greedy-Random (k=4),Greedy-Random,True,False,True,False,0.1
7,CC12COCC1(C)C2O,21,4,4,0.9935902545773474,0.42857142857142855,0.9507331117202046,0.9919612037744869,0.0032581016056541234,0.004780694619808772,-1980.9096562034208,True,5.739122799749517e-16,Greedy-Random (k=4),Greedy-Random,True,False,True,False,0.1
8,CNC(=O)CC1CN1,18,4,4,0.9943971641848214,0.0,0.9943971641848214,0.9914762410523169,0.0058418462649300175,0.0026819126826938973,-1669.6283676037929,True,1.3618220668443674e-16,Greedy-Random (k=4),Greedy-Random,True,False,True,False,0.1
9,CC12C3C(CN13)OC2=O,16,4,4,0.9797800362867494,0.0,0.9797800362867494,0.9703461213503682,0.01886782987268149,0.010786048776889823,-1618.1339928096172,True,8.430958491209565e-16,Greedy-Random (k=4),Greedy-Random,True,False,True,False,0.1
10,COC12C(C)C1CC2C,23,4,4,0.9885644845187684,0.391304347826087,0.9494340497361597,0.9822518655587075,0.0126252379200616,0.0051228965211856286,-2142.2303783647435,True,1.0613875974291129e-15,Greedy-Random (k=4),Greedy-Random,True,False,True,False,0.1
11,CC1C2CC2(C)C1=NO,20,4,4,0.9895503187657958,0.25,0.9645503187657958,0.9860200358524391,0.0070605658266440835,0.0069193983208649685,-1884.4887779695775,True,3.619660856057758e-16,Greedy-Random (k=4),Greedy-Random,True,False,True,False,0.1
12,NC(C#C)(C#N)C1CO1,15,4,4,0.9887851544833658,0.26666666666666666,0.9621184878166992,0.9822181734096208,0.013133962147405377,0.004647864442910333,-1522.078526748084,True,0.0,Greedy-Random (k=4),Greedy-Random,True,False,True,False,0.1
13,CCCC1=NC=NN=N1,17,4,4,0.9895393927081001,0.0,0.9895393927081001,0.9847279000190052,0.009622985378109553,0.005649114602825097,-1633.5341333303422,True,2.783825214348764e-16,Greedy-Random (k=4),Greedy-Random,True,False,True,False,0.1
14,O=CC1=CC(=O)C(=O)C1,13,4,4,0.9788864267833066,0.0,0.9788864267833066,0.968505826510896,0.02076120054473305,0.01073297294430488,-1468.7092323270667,True,4.644357176463559e-16,Greedy-Random (k=4),Greedy-Random,True,False,True,False,0.1
15,OC12C=CC3OC1C2O3,15,4,4,0.9815001229810102,0.0,0.9815001229810102,0.9726166770201233,0.017766891921688358,0.00961643105812436,-1539.7034466654081,True,4.430210426604852e-16,Greedy-Random (k=4),Greedy-Random,True,False,True,False,0.1
16,CCC(COC=N)=NO,19,4,4,0.9907950008283327,0.21052631578947367,0.9697423692493854,0.9856580260825577,0.010273949491474928,0.004068024425911102,-1737.5095308442717,True,2.617236583821627e-16,Greedy-Random (k=4),Greedy-Random,True,False,True,False,0.1
17,N#CC12OCC(O1)C=C2,14,4,4,0.9947536185965968,0.0,0.9947536185965968,0.990438839822093,0.00862955754891867,0.0009316026289216797,-1500.7105462489424,True,3.030213601304291e-16,Greedy-Random (k=4),Greedy-Random,True,False,True,False,0.1
18,NC(=O)C(=O)C(O)CO,16,4,4,0.9899569248718931,0.25,0.9649569248718931,0.9823585389274463,0.01519677188880963,0.0024446891836810837,-1543.56841988232,True,7.365195883592644e-16,Greedy-Random (k=4),Greedy-Random,True,False,True,False,0.1
19,CC1=NCC(O1)C(N)=O,17,4,4,0.9922130067919009,0.17647058823529413,0.9745659479683715,0.9888863069465158,0.006653399690691932,0.0044602933627334125,-1678.2201106753193,True,0.0,Greedy-Random (k=4),Greedy-Random,True,False,True,False,0.1
0,CC1=C(N)C=NO1,13,4,4,0.9932734566385567,0.0,0.9932734566385567,0.9911855341438274,0.004175844989353805,0.004638620866740051,-1261.5773353406917,True,0.0,Greedy-Distance (k=4),Greedy-Distance,False,True,True,False,0.1
1,CC#CC1CC(C)C1O,21,4,4,0.9972595705154642,0.0,0.9972595705154642,0.9957319561083526,0.0030552288141572174,0.0012128150774408633,-2019.579175708967,True,5.629234005232846e-16,Greedy-Distance (k=4),Greedy-Distance,False,True,True,False,0.1
2,C1OC11C2C3CN2C13,15,4,4,0.9971825620483966,0.0,0.9971825620483966,0.995535731972445,0.0032936601518101126,0.0011706078756751447,-1432.333978567099,True,9.524608597389272e-16,Greedy-Distance (k=4),Greedy-Distance,False,True,True,False,0.1
3,C1NC2C3COCC12O3,18,4,4,0.9864650267925307,0.0,0.9864650267925307,0.975619498443118,0.02169105669875036,0.0026894448580754775,-1709.9491432050593,True,1.0637681306335873e-15,Greedy-Distance (k=4),Greedy-Distance,False,True,True,False,0.1
4,O=C1CC2(CC1O2)C#C,15,4,4,0.9893245639122416,0.0,0.9893245639122416,0.9867026626897679,0.005243802444863905,0.008053534865305596,-1585.2289793332293,True,4.3029810533527043e-16,Greedy-Distance (k=4),Greedy-Distance,False,True,True,False,0.1
5,CC1N2CC2(C#C)C1=O,16,4,4,0.9905980695153067,0.0,0.9905980695153067,0.9889168659456209,0.003362407139291001,0.007720726915027759,-1638.6151914305615,True,4.162789591460713e-16,Greedy-Distance (k=4),Greedy-Distance,False,True,True,False,0.1
6,O=CC1OCC11CCO1,17,4,4,0.9919239988457597,0.0,0.9919239988457597,0.9898457701949981,0.004156457301443828,0.005997772503498647,-1653.7687905893724,True,2.7497637727482635e-16,Greedy-Distance (k=4),Greedy-Distance,False,True,True,False,0.1
7,CC12COCC1(C)C2O,21,4,4,0.9955715962725313,0.0,0.9955715962725313,0.9939130970477432,0.003316998449509108,0.002769904502697384,-1980.9096562034208,True,4.591298239799613e-16,Greedy-Distance (k=4),Greedy-Distance,False,True,True,False,0.1
8,CNC(=O)CC1CN1,18,4,4,0.9948455569078488,0.0,0.9948455569078488,0.9919881473132257,0.0057148191891670365,0.00229703349754785,-1669.6283676037929,True,0.0,Greedy-Distance (k=4),Greedy-Distance,False,True,True,False,0.1
9,CC12C3C(CN13)OC2=O,16,4,4,0.988889639087552,0.0,0.988889639087552,0.9851112097929086,0.007556858589205501,0.007331931617825019,-1618.1339928096172,True,4.2154792456047825e-16,Greedy-Distance (k=4),Greedy-Distance,False,True,True,False,0.1
10,COC12C(C)C1CC2C,23,4,4,0.9891353154039496,0.0,0.9891353154039496,0.98277022150216,0.01273018780351816,0.004499590694276143,-2142.2303783647435,True,1.0613875974291129e-15,Greedy-Distance (k=4),Greedy-Distance,False,True,True,False,0.1
11,CC1C2CC2(C)C1=NO,20,4,4,0.9924768438548243,0.0,0.9924768438548243,0.987946913535392,0.009059860638794121,0.002993225825761006,-1884.4887779695775,True,2.4131072373718386e-16,Greedy-Distance (k=4),Greedy-Distance,False,True,True,False,0.1
12,NC(C#C)(C#N)C1CO1,15,4,4,0.9946805590892525,0.0,0.9946805590892525,0.9927960084816928,0.0037691012150319336,0.003434890303209775,-1522.078526748084,True,1.4938366940173598e-16,Greedy-Distance (k=4),Greedy-Distance,False,True,True,False,0.1
13,CCCC1=NC=NN=N1,17,4,4,0.9950874472669939,0.0,0.9950874472669939,0.9933943564770502,0.003386181579806326,0.003219461943082562,-1633.5341333303422,True,1.391912607174382e-16,Greedy-Distance (k=4),Greedy-Distance,False,True,True,False,0.1
14,O=CC1=CC(=O)C(=O)C1,13,4,4,0.9832784361022475,0.0,0.9832784361022475,0.9774304840091904,0.0116959041860263,0.010873611804717324,-1468.7092323270667,True,1.5481190588211863e-16,Greedy-Distance (k=4),Greedy-Distance,False,True,True,False,0.1
15,OC12C=CC3OC1C2O3,15,4,4,0.9874261189069005,0.0,0.9874261189069005,0.9802976589223183,0.01425691996907924,0.005445421108538647,-1539.7034466654081,True,0.0,Greedy-Distance (k=4),Greedy-Distance,False,True,True,False,0.1
16,CCC(COC=N)=NO,19,4,4,0.9957718317351439,0.0,0.9957718317351439,0.9938167921414366,0.003910079187338557,0.002273128671167631,-1737.5095308442717,True,2.617236583821627e-16,Greedy-Distance (k=4),Greedy-Distance,False,True,True,False,0.1
17,N#CC12OCC(O1)C=C2,14,4,4,0.9874294213606586,0.0,0.9874294213606586,0.981672679013026,0.01151348469517865,0.006813836291730428,-1500.7105462489424,True,0.0,Greedy-Distance (k=4),Greedy-Distance,False,True,True,False,0.1
18,NC(=O)C(=O)C(O)CO,16,4,4,0.9951647890210434,0.0,0.9951647890210434,0.992314168370723,0.00570124130055501,0.00198459032865751,-1543.56841988232,True,4.4191175301555866e-16,Greedy-Distance (k=4),Greedy-Distance,False,True,True,False,0.1
19,CC1=NCC(O1)C(N)=O,17,4,4,0.9931039292054981,0.0,0.9931039292054981,0.9894153559092168,0.007377146592483514,0.0032074974982404677,-1678.2201106753193,True,0.0,Greedy-Distance (k=4),Greedy-Distance,False,True,True,False,0.1
0,CC1=C(N)C=NO1,13,4,4,0.9932734566385567,0.0,0.9932734566385567,0.9911855341438274,0.004175844989353805,0.004638620866740051,-1261.5773353406917,True,0.0,Metropolis-Hastings (k=4),Metropolis-Hastings,False,False,False,True,0.1
1,CC#CC1CC(C)C1O,21,4,4,0.9986163652722343,0.0,0.9986163652722343,0.9974911183620354,0.0022504938203314426,0.00025838781758356867,-2019.579175708967,True,4.503387204186277e-16,Metropolis-Hastings (k=4),Metropolis-Hastings,False,False,False,True,0.1
2,C1OC11C2C3CN2C13,15,4,4,0.9971825620483966,0.0,0.9971825620483966,0.995535731972445,0.0032936601518101126,0.0011706078756751447,-1432.333978567099,True,9.524608597389272e-16,Metropolis-Hastings (k=4),Metropolis-Hastings,False,False,False,True,0.1
3,C1NC2C3COCC12O3,18,4,4,0.9963191196731888,0.0,0.9963191196731888,0.9937868746966754,0.005064489952948959,0.0011486353503172837,-1709.9491432050593,True,3.989130489875952e-16,Metropolis-Hastings (k=4),Metropolis-Hastings,False,False,False,True,0.1
4,O=C1CC2(CC1O2)C#C,15,4,4,0.9959823958277366,0.0,0.9959823958277366,0.9941778671936349,0.003609057268119952,0.002213075538182438,-1585.2289793332293,True,0.0,Metropolis-Hastings (k=4),Metropolis-Hastings,False,False,False,True,0.1
5,CC1N2CC2(C#C)C1=O,16,4,4,0.9973427778320735,0.0,0.9973427778320735,0.9956827003132194,0.0033201550376270646,0.0009971446490927246,-1638.6151914305615,True,2.7751930609738085e-16,Metropolis-Hastings (k=4),Metropolis-Hastings,False,False,False,True,0.1
6,O=CC1OCC11CCO1,17,4,4,0.9938507551585397,0.0,0.9938507551585397,0.9899887781884492,0.007723953940101111,0.0022872678713897615,-1653.7687905893724,True,2.7497637727482635e-16,Metropolis-Hastings (k=4),Metropolis-Hastings,False,False,False,True,0.1
7,CC12COCC1(C)C2O,21,4,4,0.9965669088962116,0.0,0.9965669088962116,0.9943585832298067,0.004416651332742146,0.0012247654374005813,-1980.9096562034208,True,3.4434736798497097e-16,Metropolis-Hastings (k=4),Metropolis-Hastings,False,False,False,True,0.1
8,CNC(=O)CC1CN1,18,4,4,0.9970360035397521,0.0,0.9970360035397521,0.9950414180333663,0.003989171012691844,0.0009694109538821878,-1669.6283676037929,True,2.723644133688735e-16,Metropolis-Hastings (k=4),Metropolis-Hastings,False,False,False,True,0.1
9,CC12C3C(CN13)OC2=O,16,4,4,0.9928937117505626,0.0,0.9928937117505626,0.9906160037096297,0.004555416081784484,0.004828580208524694,-1618.1339928096172,True,5.62063899413971e-16,Metropolis-Hastings (k=4),Metropolis-Hastings,False,False,False,True,0.1
10,COC12C(C)C1CC2C,23,4,4,0.9891353154039496,0.0,0.9891353154039496,0.98277022150216,0.01273018780351816,0.004499590694276143,-2142.2303783647435,True,1.0613875974291129e-15,Metropolis-Hastings (k=4),Metropolis-Hastings,False,False,False,True,0.1
11,CC1C2CC2(C)C1=NO,20,4,4,0.9924768438548243,0.0,0.9924768438548243,0.987946913535392,0.009059860638794121,0.002993225825761006,-1884.4887779695775,True,2.4131072373718386e-16,Metropolis-Hastings (k=4),Metropolis-Hastings,False,False,False,True,0.1
12,NC(C#C)(C#N)C1CO1,15,4,4,0.9967157730045919,0.0,0.9967157730045919,0.995245803439758,0.002939939129580375,0.0018142574305961433,-1522.078526748084,True,1.4938366940173598e-16,Metropolis-Hastings (k=4),Metropolis-Hastings,False,False,False,True,0.1
13,CCCC1=NC=NN=N1,17,4,4,0.9984544194022401,0.0,0.9984544194022401,0.9973634794452204,0.0021818799139579573,0.0004546406407606641,-1633.5341333303422,True,1.391912607174382e-16,Metropolis-Hastings (k=4),Metropolis-Hastings,False,False,False,True,0.1
14,O=CC1=CC(=O)C(=O)C1,13,4,4,0.9943664563735576,0.0,0.9943664563735576,0.9921871236243804,0.004358665498264072,0.003454210877287693,-1468.7092323270667,True,0.0,Metropolis-Hastings (k=4),Metropolis-Hastings,False,False,False,True,0.1
15,OC12C=CC3OC1C2O3,15,4,4,0.9894154415292423,0.0,0.9894154415292423,0.9793670383467155,0.020096806364968828,0.0005361552882518768,-1539.7034466654081,True,1.476736808868284e-16,Metropolis-Hastings (k=4),Metropolis-Hastings,False,False,False,True,0.1
16,CCC(COC=N)=NO,19,4,4,0.9980862247419156,0.0,0.9980862247419156,0.9969273303265869,0.002317788830581011,0.0007548808427748319,-1737.5095308442717,True,5.234473167643254e-16,Metropolis-Hastings (k=4),Metropolis-Hastings,False,False,False,True,0.1
17,N#CC12OCC(O1)C=C2,14,4,4,0.996254563827811,0.0,0.996254563827811,0.9933473130126346,0.005814501630264664,0.0008381853570346927,-1500.7105462489424,True,6.060427202608582e-16,Metropolis-Hastings (k=4),Metropolis-Hastings,False,False,False,True,0.1
18,NC(=O)C(=O)C(O)CO,16,4,4,0.9951647890210434,0.0,0.9951647890210434,0.992314168370723,0.00570124130055501,0.00198459032865751,-1543.56841988232,True,4.4191175301555866e-16,Metropolis-Hastings (k=4),Metropolis-Hastings,False,False,False,True,0.1
19,CC1=NCC(O1)C(N)=O,17,4,4,0.9963858439011825,0.0,0.9963858439011825,0.9930911205205173,0.006589446761251284,0.0003194327181721,-1678.2201106753193,True,0.0,Metropolis-Hastings (k=4),Metropolis-Hastings,False,False,False,True,0.1
0,CC1=C(N)C=NO1,13,5,5,0.981679784792724,0.0,0.981679784792724,0.9742972831097533,0.014765003365837305,0.010937713524331268,-1261.5773353406917,True,5.406890304869291e-16,Distance (k=5),Distance,False,False,False,False,0.1
1,CC#CC1CC(C)C1O,21,5,5,0.9825344634302619,0.0,0.9825344634302619,0.9809447039692174,0.00317951892202391,0.0158757771087101,-2019.579175708967,True,3.377540403139708e-16,Distance (k=5),Distance,False,False,False,False,0.1
2,C1OC11C2C3CN2C13,15,5,5,0.9782971688862893,0.0,0.9782971688862893,0.97016048450147,0.016273368769548633,0.013566146728914026,-1432.333978567099,True,3.17486953246309e-16,Distance (k=5),Distance,False,False,False,False,0.1
3,C1NC2C3COCC12O3,18,5,5,0.9831235622542139,0.0,0.9831235622542139,0.9714161567188715,0.023414811070610157,0.005169032210462217,-1709.9491432050593,True,7.978260979751904e-16,Distance (k=5),Distance,False,False,False,False,0.1
4,O=C1CC2(CC1O2)C#C,15,5,5,0.9793718658297447,0.0,0.9793718658297447,0.9723159624552268,0.014111806748953827,0.01357223079575796,-1585.2289793332293,True,2.8686540355684697e-16,Distance (k=5),Distance,False,False,False,False,0.1
5,CC1N2CC2(C#C)C1=O,16,5,5,0.9863453789779588,0.0,0.9863453789779588,0.9797810851805587,0.013128587594720964,0.0070903272246609405,-1638.6151914305615,True,4.162789591460713e-16,Distance (k=5),Distance,False,False,False,False,0.1
6,O=CC1OCC11CCO1,17,5,5,0.9884678012920775,0.0,0.9884678012920775,0.9805139875721853,0.015907627439706206,0.003578384988049899,-1653.7687905893724,True,4.1246456591223956e-16,Distance (k=5),Distance,False,False,False,False,0.1
7,CC12COCC1(C)C2O,21,5,5,0.9878650950751414,0.0,0.9878650950751414,0.9844038545412502,0.006922481067716002,0.008673664390984076,-1980.9096562034208,True,5.739122799749517e-16,Distance (k=5),Distance,False,False,False,False,0.1
8,CNC(=O)CC1CN1,18,5,5,0.9932228864546891,0.0,0.9932228864546891,0.9895252282022848,0.0073953165047298056,0.0030794552929262805,-1669.6283676037929,True,1.3618220668443674e-16,Distance (k=5),Distance,False,False,False,False,0.1
9,CC12C3C(CN13)OC2=O,16,5,5,0.9875531082859527,0.0,0.9875531082859527,0.9833363137030486,0.008433589165727439,0.00823009713116348,-1618.1339928096172,True,2.810319497069855e-16,Distance (k=5),Distance,False,False,False,False,0.1
10,COC12C(C)C1CC2C,23,5,5,0.988961291421532,0.0,0.988961291421532,0.9844512063459521,0.009020170151098874,0.0065286235029033066,-2142.2303783647435,True,8.491100779432902e-16,Distance (k=5),Distance,False,False,False,False,0.1
11,CC1C2CC2(C)C1=NO,20,5,5,0.9774941509344718,0.0,0.9774941509344718,0.9693224907320348,0.016343320404805645,0.014334188863108242,-1884.4887779695775,True,1.2065536186859193e-16,Distance (k=5),Distance,False,False,False,False,0.1
12,NC(C#C)(C#N)C1CO1,15,5,5,0.9753445598450957,0.0,0.9753445598450957,0.9599934384912405,0.030702242707628606,0.00930431880106946,-1522.078526748084,True,0.0,Distance (k=5),Distance,False,False,False,False,0.1
13,CCCC1=NC=NN=N1,17,5,5,0.9869989375043549,0.0,0.9869989375043549,0.980932741792426,0.012132391423777658,0.006934866783736229,-1633.5341333303422,True,1.391912607174382e-16,Distance (k=5),Distance,False,False,False,False,0.1
14,O=CC1=CC(=O)C(=O)C1,13,5,5,0.9728358621686798,0.0,0.9728358621686798,0.9659121596312374,0.01384740507479768,0.020240435293899586,-1468.7092323270667,True,3.0962381176423727e-16,Distance (k=5),Distance,False,False,False,False,0.1
15,OC12C=CC3OC1C2O3,15,5,5,0.9672634036855707,0.0,0.9672634036855707,0.9509487949896035,0.03262921739185119,0.01642198761848289,-1539.7034466654081,True,2.953473617736568e-16,Distance (k=5),Distance,False,False,False,False,0.1
16,CCC(COC=N)=NO,19,5,5,0.9729779406767681,0.0,0.9729779406767681,0.9593214982778286,0.02731288479780678,0.013365616924310542,-1737.5095308442717,True,1.3086182919108136e-16,Distance (k=5),Distance,False,False,False,False,0.1
17,N#CC12OCC(O1)C=C2,14,5,5,0.966915426853241,0.0,0.966915426853241,0.9561571396119598,0.021516574482477194,0.022326285905499288,-1500.7105462489424,True,1.5151068006521456e-16,Distance (k=5),Distance,False,False,False,False,0.1
18,NC(=O)C(=O)C(O)CO,16,5,5,0.9910522389071694,0.0,0.9910522389071694,0.9846678750217431,0.01276872777076774,0.0025633972074255895,-1543.56841988232,True,5.892156706874115e-16,Distance (k=5),Distance,False,False,False,False,0.1
19,CC1=NCC(O1)C(N)=O,17,5,5,0.9936157063336419,0.0,0.9936157063336419,0.9916682610971966,0.0038948904728114816,0.004436848429932555,-1678.2201106753193,True,1.3548501415092854e-16,Distance (k=5),Distance,False,False,False,False,0.1
0,CC1=C(N)C=NO1,13,5,5,0.9658238759010732,1.0769230769230769,0.8581315682087656,0.9524415269796079,0.026764697842831163,0.020793775177486307,-1261.5773353406917,True,5.406890304869291e-16,Random (k=5),Random,False,False,False,False,0.1
1,CC#CC1CC(C)C1O,21,5,5,0.9704942347707143,1.3333333333333333,0.837160901437381,0.9645240231749004,0.011940423191563476,0.023535553633488037,-2019.579175708967,True,6.755080806279416e-16,Random (k=5),Random,False,False,False,False,0.1
2,C1OC11C2C3CN2C13,15,5,5,0.9506797999033644,0.9333333333333333,0.857346466570031,0.9333671423599039,0.03462531508683775,0.03200754255319612,-1432.333978567099,True,0.0,Random (k=5),Random,False,False,False,False,0.1
3,C1NC2C3COCC12O3,18,5,5,0.9530366872061902,1.1111111111111112,0.841925576095079,0.9410873029614409,0.02389876848942647,0.03501392854907851,-1709.9491432050593,True,3.989130489875952e-16,Random (k=5),Random,False,False,False,False,0.1
4,O=C1CC2(CC1O2)C#C,15,5,5,0.9615151102621219,1.0666666666666667,0.8548484435954552,0.946333337696988,0.030363545130188935,0.023303117172764128,-1585.2289793332293,True,2.8686540355684697e-16,Random (k=5),Random,False,False,False,False,0.1
5,CC1N2CC2(C#C)C1=O,16,5,5,0.9716419039851109,0.75,0.8966419039851108,0.9636948725514844,0.015894062867174857,0.020411064581282102,-1638.6151914305615,True,2.7751930609738085e-16,Random (k=5),Random,False,False,False,False,0.1
6,O=CC1OCC11CCO1,17,5,5,0.9494009697687774,1.2941176470588236,0.8199892050628951,0.9399203990989738,0.018961141339532365,0.04111845956143765,-1653.7687905893724,True,2.7497637727482635e-16,Random (k=5),Random,False,False,False,False,0.1
7,CC12COCC1(C)C2O,21,5,5,0.9730818747903484,1.1428571428571428,0.858796160504634,0.9641115649738884,0.017940619632854978,0.017947815393207812,-1980.9096562034208,True,3.4434736798497097e-16,Random (k=5),Random,False,False,False,False,0.1
8,CNC(=O)CC1CN1,18,5,5,0.9747207968396993,1.0,0.8747207968396993,0.9627898519539524,0.023861889771416466,0.013348258274573034,-1669.6283676037929,True,1.3618220668443674e-16,Random (k=5),Random,False,False,False,False,0.1
9,CC12C3C(CN13)OC2=O,16,5,5,0.9765639588951035,0.875,0.8890639588951035,0.9664715940970615,0.020184729596004012,0.013343676306874476,-1618.1339928096172,True,4.2154792456047825e-16,Random (k=5),Random,False,False,False,False,0.1
10,COC12C(C)C1CC2C,23,5,5,0.9791579204144357,1.0434782608695652,0.8748100943274792,0.9748841627489202,0.00854751533097031,0.016568321920063852,-2142.2303783647435,True,8.491100779432902e-16,Random (k=5),Random,False,False,False,False,0.1
11,CC1C2CC2(C)C1=NO,20,5,5,0.9644114470446882,1.1,0.8544114470446882,0.9460233354519547,0.036776223185401746,0.017200441362594455,-1884.4887779695775,True,3.619660856057758e-16,Random (k=5),Random,False,False,False,False,0.1
12,NC(C#C)(C#N)C1CO1,15,5,5,0.9522389563176819,1.0666666666666667,0.8455722896510152,0.9321498621379818,0.04017818835931932,0.02767194950263833,-1522.078526748084,True,1.4938366940173598e-16,Random (k=5),Random,False,False,False,False,0.1
13,CCCC1=NC=NN=N1,17,5,5,0.9612419785826108,1.1764705882352942,0.8435949197590814,0.9459205826069153,0.030642791951314717,0.023436625441712673,-1633.5341333303422,True,1.391912607174382e-16,Random (k=5),Random,False,False,False,False,0.1
14,O=CC1=CC(=O)C(=O)C1,13,5,5,0.9544644791000755,0.6153846153846154,0.8929260175616139,0.9290698182251691,0.050789321749724774,0.02014086002504,-1468.7092323270667,True,3.0962381176423727e-16,Random (k=5),Random,False,False,False,False,0.1
15,OC12C=CC3OC1C2O3,15,5,5,0.954465243856407,1.0666666666666667,0.8477985771897403,0.9357728069752876,0.037384873762157766,0.026842319262493825,-1539.7034466654081,True,2.953473617736568e-16,Random (k=5),Random,False,False,False,False,0.1
16,CCC(COC=N)=NO,19,5,5,0.9631066855298432,1.263157894736842,0.836790896056159,0.9464564750888237,0.033300420881967954,0.020243104029155055,-1737.5095308442717,True,2.617236583821627e-16,Random (k=5),Random,False,False,False,False,0.1
17,N#CC12OCC(O1)C=C2,14,5,5,0.945952488832452,0.7142857142857143,0.8745239174038806,0.9311764904791713,0.02955199670647817,0.03927151281428806,-1500.7105462489424,True,1.5151068006521456e-16,Random (k=5),Random,False,False,False,False,0.1
18,NC(=O)C(=O)C(O)CO,16,5,5,0.9691248489737235,1.0,0.8691248489737236,0.9585674826472967,0.02111473265276984,0.020317784699870677,-1543.56841988232,True,5.892156706874115e-16,Random (k=5),Random,False,False,False,False,0.1
19,CC1=NCC(O1)C(N)=O,17,5,5,0.9537575893340048,1.1764705882352942,0.8361105305104753,0.9392908146004052,0.02893354946712308,0.03177563593241473,-1678.2201106753193,True,2.709700283018571e-16,Random (k=5),Random,False,False,False,False,0.1
0,CC1=C(N)C=NO1,13,5,5,0.9859855655479669,0.15384615384615385,0.9706009501633515,0.9804626342865148,0.01104586252279976,0.00849150319060712,-1261.5773353406917,True,3.6045935365795276e-16,Greedy-Random (k=5),Greedy-Random,True,False,True,False,0.1
1,CC#CC1CC(C)C1O,21,5,5,0.9974347334411752,0.09523809523809523,0.9879109239173657,0.9960763886920393,0.002716689498206181,0.0012069218097051611,-2019.579175708967,True,5.629234005232846e-16,Greedy-Random (k=5),Greedy-Random,True,False,True,False,0.1
2,C1OC11C2C3CN2C13,15,5,5,0.9705150868521603,0.0,0.9705150868521603,0.9480553141211085,0.04491954546201889,0.007025140416809363,-1432.333978567099,True,0.0,Greedy-Random (k=5),Greedy-Random,True,False,True,False,0.1
3,C1NC2C3COCC12O3,18,5,5,0.9861477114931251,0.1111111111111111,0.975036600382014,0.977472644052484,0.017350134881206798,0.0051772210662526215,-1709.9491432050593,True,3.989130489875952e-16,Greedy-Random (k=5),Greedy-Random,True,False,True,False,0.1
4,O=C1CC2(CC1O2)C#C,15,5,5,0.9823276300801648,0.0,0.9823276300801648,0.9786734340375584,0.007308392085130884,0.01401817387724917,-1585.2289793332293,True,1.4343270177842348e-16,Greedy-Random (k=5),Greedy-Random,True,False,True,False,0.1
5,CC1N2CC2(C#C)C1=O,16,5,5,0.9794370995025051,0.0,0.9794370995025051,0.9625894300813566,0.033695338842220104,0.0037152310763656463,-1638.6151914305615,True,6.937982652434522e-16,Greedy-Random (k=5),Greedy-Random,True,False,True,False,0.1
6,O=CC1OCC11CCO1,17,5,5,0.9892871359164871,0.29411764705882354,0.9598753712106047,0.9819192617537453,0.014735748325405279,0.0033449899207906035,-1653.7687905893724,True,4.1246456591223956e-16,Greedy-Random (k=5),Greedy-Random,True,False,True,False,0.1
7,CC12COCC1(C)C2O,21,5,5,0.9923544670158098,0.19047619047619047,0.9733068479681907,0.9889852735305775,0.006738386970397955,0.004276339498974566,-1980.9096562034208,True,3.4434736798497097e-16,Greedy-Random (k=5),Greedy-Random,True,False,True,False,0.1
8,CNC(=O)CC1CN1,18,5,5,0.9918935140390687,0.3333333333333333,0.9585601807057353,0.9865688568115882,0.010649314454881317,0.002781828733470895,-1669.6283676037929,True,0.0,Greedy-Random (k=5),Greedy-Random,True,False,True,False,0.1
9,CC12C3C(CN13)OC2=O,16,5,5,0.9749105272635568,0.125,0.9624105272635568,0.9570243940112085,0.035772266504616713,0.007203339484115073,-1618.1339928096172,True,2.810319497069855e-16,Greedy-Random (k=5),Greedy-Random,True,False,True,False,0.1
10,COC12C(C)C1CC2C,23,5,5,0.9800104260602837,0.2608695652173913,0.9539234695385446,0.9721064430986756,0.015807965923156368,0.012085590978123138,-2142.2303783647435,True,1.0613875974291129e-15,Greedy-Random (k=5),Greedy-Random,True,False,True,False,0.1
11,CC1C2CC2(C)C1=NO,20,5,5,0.9859080053994774,0.3,0.9559080053994774,0.980394080922098,0.011027848954689544,0.008578070123160505,-1884.4887779695775,True,4.826214474743677e-16,Greedy-Random (k=5),Greedy-Random,True,False,True,False,0.1
12,NC(C#C)(C#N)C1CO1,15,5,5,0.9892547185863587,0.0,0.9892547185863587,0.9878040830713137,0.0029012710300037664,0.009294645898617863,-1522.078526748084,True,0.0,Greedy-Random (k=5),Greedy-Random,True,False,True,False,0.1
13,CCCC1=NC=NN=N1,17,5,5,0.9912605477595781,0.11764705882352941,0.9794958418772252,0.9882712084389069,0.005978678641261408,0.005750112919771065,-1633.5341333303422,True,1.391912607174382e-16,Greedy-Random (k=5),Greedy-Random,True,False,True,False,0.1
14,O=CC1=CC(=O)C(=O)C1,13,5,5,0.9874943290514366,0.0,0.9874943290514366,0.9808979512200341,0.01319275566271564,0.005909293117183125,-1468.7092323270667,True,3.0962381176423727e-16,Greedy-Random (k=5),Greedy-Random,True,False,True,False,0.1
15,OC12C=CC3OC1C2O3,15,5,5,0.9910480335612011,0.0,0.9910480335612011,0.9886939898541098,0.004708087414096325,0.006597922731729349,-1539.7034466654081,True,0.0,Greedy-Random (k=5),Greedy-Random,True,False,True,False,0.1
16,CCC(COC=N)=NO,19,5,5,0.9894718800107473,0.47368421052631576,0.9421034589581156,0.9877485455127455,0.003446668995927414,0.00880478549127005,-1737.5095308442717,True,1.3086182919108136e-16,Greedy-Random (k=5),Greedy-Random,True,False,True,False,0.1
17,N#CC12OCC(O1)C=C2,14,5,5,0.9886934145867879,0.14285714285714285,0.9744077003010737,0.9863167011382742,0.004753426896939629,0.00892987196472046,-1500.7105462489424,True,1.5151068006521456e-16,Greedy-Random (k=5),Greedy-Random,True,False,True,False,0.1
18,NC(=O)C(=O)C(O)CO,16,5,5,0.9897474885941278,0.0,0.9897474885941278,0.9838697564836113,0.011755464220948312,0.004374779295376948,-1543.56841988232,True,4.4191175301555866e-16,Greedy-Random (k=5),Greedy-Random,True,False,True,False,0.1
19,CC1=NCC(O1)C(N)=O,17,5,5,0.9917971047038444,0.11764705882352941,0.9800323988214915,0.9891964375733642,0.005201334260881675,0.005602228165695085,-1678.2201106753193,True,1.3548501415092854e-16,Greedy-Random (k=5),Greedy-Random,True,False,True,False,0.1
0,CC1=C(N)C=NO1,13,5,5,0.9872325053199525,0.0,0.9872325053199525,0.982850594273338,0.008763822093124858,0.00838558363345904,-1261.5773353406917,True,5.406890304869291e-16,Greedy-Distance (k=5),Greedy-Distance,False,True,True,False,0.1
1,CC#CC1CC(C)C1O,21,5,5,0.9874700553699651,0.0,0.9874700553699651,0.981745652171335,0.0114488063971951,0.0068055414314210985,-2019.579175708967,True,3.377540403139708e-16,Greedy-Distance (k=5),Greedy-Distance,False,True,True,False,0.1
2,C1OC11C2C3CN2C13,15,5,5,0.9858755874361854,0.0,0.9858755874361854,0.9814287375338792,0.008893699804520585,0.009677562661531249,-1432.333978567099,True,7.937173831157726e-16,Greedy-Distance (k=5),Greedy-Distance,False,True,True,False,0.1
3,C1NC2C3COCC12O3,18,5,5,0.9831235622542139,0.0,0.9831235622542139,0.9714161567188715,0.023414811070610157,0.005169032210462217,-1709.9491432050593,True,7.978260979751904e-16,Greedy-Distance (k=5),Greedy-Distance,False,True,True,False,0.1
4,O=C1CC2(CC1O2)C#C,15,5,5,0.9842771318320934,0.0,0.9842771318320934,0.9777384775457411,0.01307730857262175,0.009184213881574997,-1585.2289793332293,True,4.3029810533527043e-16,Greedy-Distance (k=5),Greedy-Distance,False,True,True,False,0.1
5,CC1N2CC2(C#C)C1=O,16,5,5,0.9948277376855491,0.0,0.9948277376855491,0.992440983486323,0.004773508398371185,0.0027855081152450343,-1638.6151914305615,True,6.937982652434522e-16,Greedy-Distance (k=5),Greedy-Distance,False,True,True,False,0.1
6,O=CC1OCC11CCO1,17,5,5,0.9924278698927603,0.0,0.9924278698927603,0.9873375519478438,0.010180635889753943,0.002481812162342868,-1653.7687905893724,True,2.7497637727482635e-16,Greedy-Distance (k=5),Greedy-Distance,False,True,True,False,0.1
7,CC12COCC1(C)C2O,21,5,5,0.9889826481680988,0.0,0.9889826481680988,0.9846424701658527,0.008680356004425831,0.006677173829671877,-1980.9096562034208,True,4.591298239799613e-16,Greedy-Distance (k=5),Greedy-Distance,False,True,True,False,0.1
8,CNC(=O)CC1CN1,18,5,5,0.9932228864546891,0.0,0.9932228864546891,0.9895252282022848,0.0073953165047298056,0.0030794552929262805,-1669.6283676037929,True,1.3618220668443674e-16,Greedy-Distance (k=5),Greedy-Distance,False,True,True,False,0.1
9,CC12C3C(CN13)OC2=O,16,5,5,0.9875531082859527,0.0,0.9875531082859527,0.9833363137030486,0.008433589165727439,0.00823009713116348,-1618.1339928096172,True,2.810319497069855e-16,Greedy-Distance (k=5),Greedy-Distance,False,True,True,False,0.1
10,COC12C(C)C1CC2C,23,5,5,0.988961291421532,0.0,0.988961291421532,0.9844512063459521,0.009020170151098874,0.0065286235029033066,-2142.2303783647435,True,8.491100779432902e-16,Greedy-Distance (k=5),Greedy-Distance,False,True,True,False,0.1
11,CC1C2CC2(C)C1=NO,20,5,5,0.9895429729327793,0.0,0.9895429729327793,0.9826920870540594,0.013701771757370185,0.003606141188518323,-1884.4887779695775,True,3.619660856057758e-16,Greedy-Distance (k=5),Greedy-Distance,False,True,True,False,0.1
12,NC(C#C)(C#N)C1CO1,15,5,5,0.9865916770918092,0.0,0.9865916770918092,0.9771658337935895,0.018851686596354656,0.003982479609992254,-1522.078526748084,True,0.0,Greedy-Distance (k=5),Greedy-Distance,False,True,True,False,0.1
13,CCCC1=NC=NN=N1,17,5,5,0.9869989375043549,0.0,0.9869989375043549,0.980932741792426,0.012132391423777658,0.006934866783736229,-1633.5341333303422,True,1.391912607174382e-16,Greedy-Distance (k=5),Greedy-Distance,False,True,True,False,0.1
14,O=CC1=CC(=O)C(=O)C1,13,5,5,0.9728358621686798,0.0,0.9728358621686798,0.9659121596312374,0.01384740507479768,0.020240435293899586,-1468.7092323270667,True,3.0962381176423727e-16,Greedy-Distance (k=5),Greedy-Distance,False,True,True,False,0.1
15,OC12C=CC3OC1C2O3,15,5,5,0.9735410336442302,0.0,0.9735410336442302,0.9640819992779361,0.018918068732504803,0.0169999319894965,-1539.7034466654081,True,1.476736808868284e-16,Greedy-Distance (k=5),Greedy-Distance,False,True,True,False,0.1
16,CCC(COC=N)=NO,19,5,5,0.991161822115881,0.0,0.991161822115881,0.9858894341828572,0.01054477586597133,0.0035657899511143485,-1737.5095308442717,True,1.3086182919108136e-16,Greedy-Distance (k=5),Greedy-Distance,False,True,True,False,0.1
17,N#CC12OCC(O1)C=C2,14,5,5,0.9764454516122282,0.0,0.9764454516122282,0.9666883365180755,0.019514230188219156,0.01379743329364065,-1500.7105462489424,True,4.545320401956438e-16,Greedy-Distance (k=5),Greedy-Distance,False,True,True,False,0.1
18,NC(=O)C(=O)C(O)CO,16,5,5,0.9939829386520777,0.0,0.9939829386520777,0.9907131931441862,0.006539491015696927,0.002747315840052504,-1543.56841988232,True,4.4191175301555866e-16,Greedy-Distance (k=5),Greedy-Distance,False,True,True,False,0.1
19,CC1=NCC(O1)C(N)=O,17,5,5,0.9936157063336419,0.0,0.9936157063336419,0.9916682610971966,0.0038948904728114816,0.004436848429932555,-1678.2201106753193,True,1.3548501415092854e-16,Greedy-Distance (k=5),Greedy-Distance,False,True,True,False,0.1
0,CC1=C(N)C=NO1,13,5,5,0.9908957793686434,0.0,0.9908957793686434,0.9882019460337415,0.005387666669699061,0.0064103872964809995,-1261.5773353406917,True,1.8022967682897638e-16,Metropolis-Hastings (k=5),Metropolis-Hastings,False,False,False,True,0.1
1,CC#CC1CC(C)C1O,21,5,5,0.9963487630126141,0.0,0.9963487630126141,0.9941932168809444,0.0043110922632735365,0.0014956908557327495,-2019.579175708967,True,5.629234005232846e-16,Metropolis-Hastings (k=5),Metropolis-Hastings,False,False,False,True,0.1
2,C1OC11C2C3CN2C13,15,5,5,0.9957139932248421,0.0,0.9957139932248421,0.9926089404153201,0.006210105618950847,0.0011809539656592637,-1432.333978567099,True,9.524608597389272e-16,Metropolis-Hastings (k=5),Metropolis-Hastings,False,False,False,True,0.1
3,C1NC2C3COCC12O3,18,5,5,0.9960153250309939,0.0,0.9960153250309939,0.9947491192076532,0.00253241164660331,0.0027184691456851023,-1709.9491432050593,True,9.307971143043888e-16,Metropolis-Hastings (k=5),Metropolis-Hastings,False,False,False,True,0.1
4,O=C1CC2(CC1O2)C#C,15,5,5,0.9947189033400338,0.0,0.9947189033400338,0.9917823631240281,0.005873080431927731,0.0023445564439814794,-1585.2289793332293,True,7.171635088921174e-16,Metropolis-Hastings (k=5),Metropolis-Hastings,False,False,False,True,0.1
5,CC1N2CC2(C#C)C1=O,16,5,5,0.9948277376855491,0.0,0.9948277376855491,0.992440983486323,0.004773508398371185,0.0027855081152450343,-1638.6151914305615,True,6.937982652434522e-16,Metropolis-Hastings (k=5),Metropolis-Hastings,False,False,False,True,0.1
6,O=CC1OCC11CCO1,17,5,5,0.9964332746922256,0.0,0.9964332746922256,0.9940359925469726,0.004794564290425706,0.0011694431625414719,-1653.7687905893724,True,1.0999055090993054e-15,Metropolis-Hastings (k=5),Metropolis-Hastings,False,False,False,True,0.1
7,CC12COCC1(C)C2O,21,5,5,0.9967737848484967,0.0,0.9967737848484967,0.9955326403655441,0.0024822889658379023,0.0019850706685675995,-1980.9096562034208,True,5.739122799749517e-16,Metropolis-Hastings (k=5),Metropolis-Hastings,False,False,False,True,0.1
8,CNC(=O)CC1CN1,18,5,5,0.9932228864546891,0.0,0.9932228864546891,0.9895252282022848,0.0073953165047298056,0.0030794552929262805,-1669.6283676037929,True,1.3618220668443674e-16,Metropolis-Hastings (k=5),Metropolis-Hastings,False,False,False,True,0.1
9,CC12C3C(CN13)OC2=O,16,5,5,0.9933097717605549,0.0,0.9933097717605549,0.9887843761374752,0.009050791246078545,0.0021648326163856524,-1618.1339928096172,True,4.2154792456047825e-16,Metropolis-Hastings (k=5),Metropolis-Hastings,False,False,False,True,0.1
10,COC12C(C)C1CC2C,23,5,5,0.9972017509637711,0.0,0.9972017509637711,0.9946459578051815,0.005111586317117149,0.00024245587765494875,-2142.2303783647435,True,1.910497675372403e-15,Metropolis-Hastings (k=5),Metropolis-Hastings,False,False,False,True,0.1
11,CC1C2CC2(C)C1=NO,20,5,5,0.993023790622655,0.0,0.993023790622655,0.9881951531977979,0.009657274849643505,0.0021475719525055306,-1884.4887779695775,True,9.652428949487354e-16,Metropolis-Hastings (k=5),Metropolis-Hastings,False,False,False,True,0.1
12,NC(C#C)(C#N)C1CO1,15,5,5,0.9929196888105923,0.0,0.9929196888105923,0.9881280283800858,0.009583320860926756,0.0022886507589225925,-1522.078526748084,True,2.9876733880347196e-16,Metropolis-Hastings (k=5),Metropolis-Hastings,False,False,False,True,0.1
13,CCCC1=NC=NN=N1,17,5,5,0.9923675203468826,0.0,0.9923675203468826,0.990458362572502,0.0038183155486801214,0.005723321878757203,-1633.5341333303422,True,1.391912607174382e-16,Metropolis-Hastings (k=5),Metropolis-Hastings,False,False,False,True,0.1
14,O=CC1=CC(=O)C(=O)C1,13,5,5,0.9907518937405829,0.0,0.9907518937405829,0.9851492403353079,0.011205306810460261,0.0036454528541644566,-1468.7092323270667,True,1.5481190588211863e-16,Metropolis-Hastings (k=5),Metropolis-Hastings,False,False,False,True,0.1
15,OC12C=CC3OC1C2O3,15,5,5,0.9856791127844934,0.0,0.9856791127844934,0.9790252071663995,0.01330781123610249,0.007666981597434024,-1539.7034466654081,True,2.953473617736568e-16,Metropolis-Hastings (k=5),Metropolis-Hastings,False,False,False,True,0.1
16,CCC(COC=N)=NO,19,5,5,0.9914318010723907,0.0,0.9914318010723907,0.9878633970523504,0.007136808040004371,0.004999794907587981,-1737.5095308442717,True,0.0,Metropolis-Hastings (k=5),Metropolis-Hastings,False,False,False,True,0.1
17,N#CC12OCC(O1)C=C2,14,5,5,0.9890769479414304,0.0,0.9890769479414304,0.982314974387779,0.013523947107215207,0.004161078504940132,-1500.7105462489424,True,3.030213601304291e-16,Metropolis-Hastings (k=5),Metropolis-Hastings,False,False,False,True,0.1
18,NC(=O)C(=O)C(O)CO,16,5,5,0.9926087824145219,0.0,0.9926087824145219,0.9870494499149863,0.011118664998985575,0.0018318850859639904,-1543.56841988232,True,7.365195883592644e-16,Metropolis-Hastings (k=5),Metropolis-Hastings,False,False,False,True,0.1
19,CC1=NCC(O1)C(N)=O,17,5,5,0.9958359392161058,0.0,0.9958359392161058,0.9929515610554887,0.0057687563211553826,0.001279682623296681,-1678.2201106753193,True,1.3548501415092854e-16,Metropolis-Hastings (k=5),Metropolis-Hastings,False,False,False,True,0.1
0,CC1=C(N)C=NO1,13,6,6,0.9635603173332266,0.0,0.9635603173332266,0.9452960158657603,0.03652860293483429,0.018175381199331608,-1261.5773353406917,True,7.209187073159055e-16,Distance (k=6),Distance,False,False,False,False,0.1
1,CC#CC1CC(C)C1O,21,6,6,0.9851679244581614,0.0,0.9851679244581614,0.9780323870162089,0.014271074883840286,0.007696538099902262,-2019.579175708967,True,4.503387204186277e-16,Distance (k=6),Distance,False,False,False,False,0.1
2,C1OC11C2C3CN2C13,15,6,6,0.9536141966431645,0.0,0.9536141966431645,0.9355164165306106,0.036195560225024806,0.028288023244302383,-1432.333978567099,True,0.0,Distance (k=6),Distance,False,False,False,False,0.1
3,C1NC2C3COCC12O3,18,6,6,0.9533287499783211,0.0,0.9533287499783211,0.9400340092953571,0.026589481365856035,0.03337650933873302,-1709.9491432050593,True,3.989130489875952e-16,Distance (k=6),Distance,False,False,False,False,0.1
4,O=C1CC2(CC1O2)C#C,15,6,6,0.9413182050234824,0.0,0.9413182050234824,0.9266961499071805,0.02924411023252635,0.04405973986023512,-1585.2289793332293,True,1.4343270177842348e-16,Distance (k=6),Distance,False,False,False,False,0.1
5,CC1N2CC2(C#C)C1=O,16,6,6,0.9784909763086008,0.0,0.9784909763086008,0.9717528940000105,0.013476164617102084,0.014770941382828568,-1638.6151914305615,True,2.7751930609738085e-16,Distance (k=6),Distance,False,False,False,False,0.1
6,O=CC1OCC11CCO1,17,6,6,0.9749442086894994,0.0,0.9749442086894994,0.9629240639627561,0.024040289453410614,0.013035646583776248,-1653.7687905893724,True,2.7497637727482635e-16,Distance (k=6),Distance,False,False,False,False,0.1
7,CC12COCC1(C)C2O,21,6,6,0.9674623654560471,0.0,0.9674623654560471,0.9598675230372842,0.015189684837461508,0.02494279212520599,-1980.9096562034208,True,1.1478245599499032e-16,Distance (k=6),Distance,False,False,False,False,0.1
8,CNC(=O)CC1CN1,18,6,6,0.9845722777406248,0.0,0.9845722777406248,0.9747816569701975,0.01958124154077824,0.005637101488966823,-1669.6283676037929,True,1.3618220668443674e-16,Distance (k=6),Distance,False,False,False,False,0.1
9,CC12C3C(CN13)OC2=O,16,6,6,0.9612719291281909,0.0,0.9612719291281909,0.9482371487471275,0.026069560762049256,0.025693290490765065,-1618.1339928096172,True,2.810319497069855e-16,Distance (k=6),Distance,False,False,False,False,0.1
10,COC12C(C)C1CC2C,23,6,6,0.9789335286820541,0.0,0.9789335286820541,0.968994808194754,0.019877440974540316,0.011127750830660924,-2142.2303783647435,True,1.0613875974291129e-15,Distance (k=6),Distance,False,False,False,False,0.1
11,CC1C2CC2(C)C1=NO,20,6,6,0.953327400091773,0.0,0.953327400091773,0.938097382324547,0.030460035534387295,0.031442582141017195,-1884.4887779695775,True,3.619660856057758e-16,Distance (k=6),Distance,False,False,False,False,0.1
12,NC(C#C)(C#N)C1CO1,15,6,6,0.9627093696708604,0.0,0.9627093696708604,0.9512271314184183,0.022964476504802538,0.025808392076717823,-1522.078526748084,True,0.0,Distance (k=6),Distance,False,False,False,False,0.1
13,CCCC1=NC=NN=N1,17,6,6,0.9817729298128145,0.0,0.9817729298128145,0.9768024143361528,0.009941030953243318,0.013256554710543943,-1633.5341333303422,True,0.0,Distance (k=6),Distance,False,False,False,False,0.1
14,O=CC1=CC(=O)C(=O)C1,13,6,6,0.9671233037548878,0.0,0.9671233037548878,0.9555793989413004,0.023087809627085714,0.02133279143154724,-1468.7092323270667,True,1.5481190588211863e-16,Distance (k=6),Distance,False,False,False,False,0.1
15,OC12C=CC3OC1C2O3,15,6,6,0.9609029099726879,0.0,0.9609029099726879,0.9473742171637375,0.027057385617819212,0.025568397218382055,-1539.7034466654081,True,1.476736808868284e-16,Distance (k=6),Distance,False,False,False,False,0.1
16,CCC(COC=N)=NO,19,6,6,0.9871463134211836,0.0,0.9871463134211836,0.9818313187829589,0.01062998927637425,0.007538691940610648,-1737.5095308442717,True,2.617236583821627e-16,Distance (k=6),Distance,False,False,False,False,0.1
17,N#CC12OCC(O1)C=C2,14,6,6,0.9625708455423853,0.0,0.9625708455423853,0.9566579417082239,0.011825807668237166,0.03151625062347494,-1500.7105462489424,True,0.0,Distance (k=6),Distance,False,False,False,False,0.1
18,NC(=O)C(=O)C(O)CO,16,6,6,0.9852017865377892,0.0,0.9852017865377892,0.9786351645529778,0.01313324396953899,0.008231591477420261,-1543.56841988232,True,4.4191175301555866e-16,Distance (k=6),Distance,False,False,False,False,0.1
19,CC1=NCC(O1)C(N)=O,17,6,6,0.9849958203844068,0.0,0.9849958203844068,0.9807787860388558,0.008434068691024305,0.010787145270061473,-1678.2201106753193,True,1.3548501415092854e-16,Distance (k=6),Distance,False,False,False,False,0.1
0,CC1=C(N)C=NO1,13,6,6,0.9550828391862295,0.9230769230769231,0.8627751468785372,0.9356821910611529,0.03880129625005521,0.02551651268871847,-1261.5773353406917,True,5.406890304869291e-16,Random (k=6),Random,False,False,False,False,0.1
1,CC#CC1CC(C)C1O,21,6,6,0.9404296001460376,1.2380952380952381,0.8166200763365138,0.9296385643107598,0.0215820716704942,0.04877936401870004,-2019.579175708967,True,6.755080806279416e-16,Random (k=6),Random,False,False,False,False,0.1
2,C1OC11C2C3CN2C13,15,6,6,0.9202951260167781,0.9333333333333333,0.8269617926834447,0.9025308463988969,0.03552855923568211,0.06194059436536084,-1432.333978567099,True,0.0,Random (k=6),Random,False,False,False,False,0.1
3,C1NC2C3COCC12O3,18,6,6,0.9278785685391328,1.2222222222222223,0.8056563463169105,0.9125258154493877,0.03070550617942007,0.056768678371139795,-1709.9491432050593,True,2.6594203265839683e-16,Random (k=6),Random,False,False,False,False,0.1
4,O=C1CC2(CC1O2)C#C,15,6,6,0.9435989076910124,0.8,0.8635989076910124,0.9264297292605627,0.03433835686082155,0.03923191387855722,-1585.2289793332293,True,1.4343270177842348e-16,Random (k=6),Random,False,False,False,False,0.1
5,CC1N2CC2(C#C)C1=O,16,6,6,0.9377724118720416,1.0,0.8377724118720417,0.9173867473731161,0.04077132899777716,0.041841923629051356,-1638.6151914305615,True,4.162789591460713e-16,Random (k=6),Random,False,False,False,False,0.1
6,O=CC1OCC11CCO1,17,6,6,0.9433664198905526,0.9411764705882353,0.8492487728317291,0.929286222636613,0.028160394507805334,0.042553382855526414,-1653.7687905893724,True,2.7497637727482635e-16,Random (k=6),Random,False,False,False,False,0.1
7,CC12COCC1(C)C2O,21,6,6,0.9418937708823302,1.3333333333333333,0.8085604375489969,0.9270189151727759,0.029749711419046043,0.04323137340813119,-1980.9096562034208,True,4.591298239799613e-16,Random (k=6),Random,False,False,False,False,0.1
8,CNC(=O)CC1CN1,18,6,6,0.9473967675257379,1.2222222222222223,0.8251745453035156,0.9286622011249238,0.03746913280155411,0.033868666073466516,-1669.6283676037929,True,0.0,Random (k=6),Random,False,False,False,False,0.1
9,CC12C3C(CN13)OC2=O,16,6,6,0.9226088218633568,1.125,0.8101088218633568,0.904169930673233,0.03687778238017272,0.058952286946538146,-1618.1339928096172,True,4.2154792456047825e-16,Random (k=6),Random,False,False,False,False,0.1
10,COC12C(C)C1CC2C,23,6,6,0.9670604417742258,0.9565217391304348,0.8714082678611823,0.9595504779616302,0.015019927625132089,0.025429594413193337,-2142.2303783647435,True,1.0613875974291129e-15,Random (k=6),Random,False,False,False,False,0.1
11,CC1C2CC2(C)C1=NO,20,6,6,0.9455243015063596,1.0,0.8455243015063596,0.9198814873189723,0.05128562837471006,0.02883288430626948,-1884.4887779695775,True,4.826214474743677e-16,Random (k=6),Random,False,False,False,False,0.1
12,NC(C#C)(C#N)C1CO1,15,6,6,0.9443096789434744,1.2,0.8243096789434744,0.9315245284849782,0.02557030091691236,0.04290517059804943,-1522.078526748084,True,0.0,Random (k=6),Random,False,False,False,False,0.1
13,CCCC1=NC=NN=N1,17,6,6,0.9422205098298093,1.2941176470588236,0.812808745123927,0.9258822585144836,0.03267650263057673,0.04144123885488356,-1633.5341333303422,True,1.391912607174382e-16,Random (k=6),Random,False,False,False,False,0.1
14,O=CC1=CC(=O)C(=O)C1,13,6,6,0.9343470206784618,0.7692307692307693,0.8574239437553848,0.908215505600208,0.05226303015642155,0.039521464243305986,-1468.7092323270667,True,1.5481190588211863e-16,Random (k=6),Random,False,False,False,False,0.1
15,OC12C=CC3OC1C2O3,15,6,6,0.9369853521322485,1.0666666666666667,0.8303186854655819,0.9239385336928408,0.02609363687873546,0.04996782942836374,-1539.7034466654081,True,1.476736808868284e-16,Random (k=6),Random,False,False,False,False,0.1
16,CCC(COC=N)=NO,19,6,6,0.9489045054197763,1.263157894736842,0.8225887159460921,0.9277059271563567,0.04239715652676932,0.02989691631682149,-1737.5095308442717,True,2.617236583821627e-16,Random (k=6),Random,False,False,False,False,0.1
17,N#CC12OCC(O1)C=C2,14,6,6,0.9604354797129654,0.5714285714285714,0.9032926225701082,0.940157648633318,0.040555662159209964,0.01928668920740828,-1500.7105462489424,True,1.5151068006521456e-16,Random (k=6),Random,False,False,False,False,0.1
18,NC(=O)C(=O)C(O)CO,16,6,6,0.9458747636816028,1.125,0.8333747636816028,0.9298970736208841,0.03195538012135784,0.038147546257698145,-1543.56841988232,True,5.892156706874115e-16,Random (k=6),Random,False,False,False,False,0.1
19,CC1=NCC(O1)C(N)=O,17,6,6,0.9394214058968958,1.0588235294117647,0.8335390529557194,0.9260715413853544,0.02669972902300753,0.04722872959158172,-1678.2201106753193,True,2.709700283018571e-16,Random (k=6),Random,False,False,False,False,0.1
0,CC1=C(N)C=NO1,13,6,6,0.9660888598720407,0.0,0.9660888598720407,0.9490007116752855,0.034176296393411104,0.016822991931228874,-1261.5773353406917,True,3.6045935365795276e-16,Greedy-Random (k=6),Greedy-Random,True,False,True,False,0.1
1,CC#CC1CC(C)C1O,21,6,6,0.9912676048534497,0.23809523809523808,0.9674580810439258,0.9885567224457041,0.00542176481542614,0.006021512738821088,-2019.579175708967,True,4.503387204186277e-16,Greedy-Random (k=6),Greedy-Random,True,False,True,False,0.1
2,C1OC11C2C3CN2C13,15,6,6,0.9950084285640122,0.0,0.9950084285640122,0.991644416027069,0.006728025073793379,0.001627558899067857,-1432.333978567099,True,0.0,Greedy-Random (k=6),Greedy-Random,True,False,True,False,0.1
3,C1NC2C3COCC12O3,18,6,6,0.9873392746208868,0.3333333333333333,0.9540059412875534,0.9839440359639008,0.006790477313894708,0.009265486722146745,-1709.9491432050593,True,3.989130489875952e-16,Greedy-Random (k=6),Greedy-Random,True,False,True,False,0.1
4,O=C1CC2(CC1O2)C#C,15,6,6,0.9849110420027992,0.0,0.9849110420027992,0.9783577209056403,0.013106642194235773,0.008535636900062345,-1585.2289793332293,True,0.0,Greedy-Random (k=6),Greedy-Random,True,False,True,False,0.1
5,CC1N2CC2(C#C)C1=O,16,6,6,0.9827589478894597,0.0,0.9827589478894597,0.9786550660610146,0.008207763656811107,0.013137170282115026,-1638.6151914305615,True,6.937982652434522e-16,Greedy-Random (k=6),Greedy-Random,True,False,True,False,0.1
6,O=CC1OCC11CCO1,17,6,6,0.9749313641863501,0.23529411764705882,0.9514019524216442,0.9639971087742988,0.021868510824026306,0.014134380401617774,-1653.7687905893724,True,1.3748818863741318e-16,Greedy-Random (k=6),Greedy-Random,True,False,True,False,0.1
7,CC12COCC1(C)C2O,21,6,6,0.98584153065283,0.23809523809523808,0.9620320068433061,0.981799861573827,0.00808333815794006,0.010116800268183478,-1980.9096562034208,True,3.4434736798497097e-16,Greedy-Random (k=6),Greedy-Random,True,False,True,False,0.1
8,CNC(=O)CC1CN1,18,6,6,0.9853490058614001,0.0,0.9853490058614001,0.9789776583646456,0.012742694993430458,0.008279646641865037,-1669.6283676037929,True,0.0,Greedy-Random (k=6),Greedy-Random,True,False,True,False,0.1
9,CC12C3C(CN13)OC2=O,16,6,6,0.9683318655131199,0.25,0.9433318655131199,0.9604577042189218,0.015748322588316488,0.023793973192701937,-1618.1339928096172,True,4.2154792456047825e-16,Greedy-Random (k=6),Greedy-Random,True,False,True,False,0.1
10,COC12C(C)C1CC2C,23,6,6,0.9861496000562199,0.2608695652173913,0.9600626435344808,0.9800084366419162,0.012282326828546845,0.007709236529491603,-2142.2303783647435,True,1.0613875974291129e-15,Greedy-Random (k=6),Greedy-Random,True,False,True,False,0.1
11,CC1C2CC2(C)C1=NO,20,6,6,0.9822223153236286,0.3,0.9522223153236286,0.9727919404399986,0.01886074976719123,0.008347309792758642,-1884.4887779695775,True,4.826214474743677e-16,Greedy-Random (k=6),Greedy-Random,True,False,True,False,0.1
12,NC(C#C)(C#N)C1CO1,15,6,6,0.9693297724340791,0.26666666666666666,0.9426631057674125,0.9523993889838864,0.03386076690030498,0.01373984411574808,-1522.078526748084,True,0.0,Greedy-Random (k=6),Greedy-Random,True,False,True,False,0.1
13,CCCC1=NC=NN=N1,17,6,6,0.9836171050356545,0.0,0.9836171050356545,0.9780623851152782,0.011109439840672497,0.010828175043989249,-1633.5341333303422,True,1.391912607174382e-16,Greedy-Random (k=6),Greedy-Random,True,False,True,False,0.1
14,O=CC1=CC(=O)C(=O)C1,13,6,6,0.9722099460890568,0.0,0.9722099460890568,0.962188150969968,0.020043590238089038,0.017768258791876674,-1468.7092323270667,True,1.5481190588211863e-16,Greedy-Random (k=6),Greedy-Random,True,False,True,False,0.1
15,OC12C=CC3OC1C2O3,15,6,6,0.9853557977572702,0.13333333333333333,0.9720224644239369,0.9806338079546777,0.009443979605100976,0.009922212440158243,-1539.7034466654081,True,0.0,Greedy-Random (k=6),Greedy-Random,True,False,True,False,0.1
16,CCC(COC=N)=NO,19,6,6,0.9760433084078963,0.42105263157894735,0.9339380452500016,0.9602828273198062,0.031520962176108766,0.00819621050403142,-1737.5095308442717,True,2.617236583821627e-16,Greedy-Random (k=6),Greedy-Random,True,False,True,False,0.1
17,N#CC12OCC(O1)C=C2,14,6,6,0.9732146175840212,0.0,0.9732146175840212,0.9609137709174436,0.024601693333069406,0.014484535749422595,-1500.7105462489424,True,4.545320401956438e-16,Greedy-Random (k=6),Greedy-Random,True,False,True,False,0.1
18,NC(=O)C(=O)C(O)CO,16,6,6,0.9795191219988421,0.25,0.954519121998842,0.967040761523022,0.02495672095155836,0.008002517525358264,-1543.56841988232,True,5.892156706874115e-16,Greedy-Random (k=6),Greedy-Random,True,False,True,False,0.1
19,CC1=NCC(O1)C(N)=O,17,6,6,0.9818714043627068,0.11764705882352941,0.9701066984803539,0.9730095122245006,0.017723784276334784,0.00926670349910644,-1678.2201106753193,True,2.709700283018571e-16,Greedy-Random (k=6),Greedy-Random,True,False,True,False,0.1
0,CC1=C(N)C=NO1,13,6,6,0.9781191928391663,0.0,0.9781191928391663,0.972470453625116,0.011297478427997073,0.016232067946809405,-1261.5773353406917,True,3.6045935365795276e-16,Greedy-Distance (k=6),Greedy-Distance,False,True,True,False,0.1
1,CC#CC1CC(C)C1O,21,6,6,0.9913706501138985,0.0,0.9913706501138985,0.9877806185832338,0.007180063061263685,0.005039318355453316,-2019.579175708967,True,4.503387204186277e-16,Greedy-Distance (k=6),Greedy-Distance,False,True,True,False,0.1
2,C1OC11C2C3CN2C13,15,6,6,0.9649991842289314,0.0,0.9649991842289314,0.9405084396999814,0.04898148905781597,0.010510071242139658,-1432.333978567099,True,0.0,Greedy-Distance (k=6),Greedy-Distance,False,True,True,False,0.1
3,C1NC2C3COCC12O3,18,6,6,0.987316956979862,0.0,0.987316956979862,0.9811376296442862,0.012358654671075093,0.006503715684581247,-1709.9491432050593,True,5.318840653167937e-16,Greedy-Distance (k=6),Greedy-Distance,False,True,True,False,0.1
4,O=C1CC2(CC1O2)C#C,15,6,6,0.9755053459318807,0.0,0.9755053459318807,0.9568034704267878,0.03740375101010554,0.005792778563046417,-1585.2289793332293,True,0.0,Greedy-Distance (k=6),Greedy-Distance,False,True,True,False,0.1
5,CC1N2CC2(C#C)C1=O,16,6,6,0.984350577181722,0.0,0.984350577181722,0.9744030208938507,0.019895112575662614,0.005701866530426733,-1638.6151914305615,True,2.7751930609738085e-16,Greedy-Distance (k=6),Greedy-Distance,False,True,True,False,0.1
6,O=CC1OCC11CCO1,17,6,6,0.9835441568581557,0.0,0.9835441568581557,0.9764024245629973,0.014283464590237722,0.00931411084670581,-1653.7687905893724,True,2.7497637727482635e-16,Greedy-Distance (k=6),Greedy-Distance,False,True,True,False,0.1
7,CC12COCC1(C)C2O,21,6,6,0.9842772923083322,0.0,0.9842772923083322,0.9800575261183272,0.008439532379943769,0.011502941501679357,-1980.9096562034208,True,3.4434736798497097e-16,Greedy-Distance (k=6),Greedy-Distance,False,True,True,False,0.1
8,CNC(=O)CC1CN1,18,6,6,0.9925621582157346,0.0,0.9925621582157346,0.9878273962499867,0.009469523931417353,0.0027030798185373253,-1669.6283676037929,True,1.3618220668443674e-16,Greedy-Distance (k=6),Greedy-Distance,False,True,True,False,0.1
9,CC12C3C(CN13)OC2=O,16,6,6,0.9692235399039668,0.0,0.9692235399039668,0.9519758279339496,0.03449542393995589,0.013528748126035526,-1618.1339928096172,True,4.2154792456047825e-16,Greedy-Distance (k=6),Greedy-Distance,False,True,True,False,0.1
10,COC12C(C)C1CC2C,23,6,6,0.9789335286820541,0.0,0.9789335286820541,0.968994808194754,0.019877440974540316,0.011127750830660924,-2142.2303783647435,True,1.0613875974291129e-15,Greedy-Distance (k=6),Greedy-Distance,False,True,True,False,0.1
11,CC1C2CC2(C)C1=NO,20,6,6,0.983009070183455,0.0,0.983009070183455,0.9763351149523003,0.01334791046223994,0.010316974585407625,-1884.4887779695775,True,1.2065536186859193e-16,Greedy-Distance (k=6),Greedy-Distance,False,True,True,False,0.1
12,NC(C#C)(C#N)C1CO1,15,6,6,0.9709057725354779,0.0,0.9709057725354779,0.9587084494266056,0.024394646217662446,0.01689690435567022,-1522.078526748084,True,0.0,Greedy-Distance (k=6),Greedy-Distance,False,True,True,False,0.1
13,CCCC1=NC=NN=N1,17,6,6,0.985950902272447,0.0,0.985950902272447,0.9812181206542797,0.00946556323625465,0.00931631610940562,-1633.5341333303422,True,1.391912607174382e-16,Greedy-Distance (k=6),Greedy-Distance,False,True,True,False,0.1
14,O=CC1=CC(=O)C(=O)C1,13,6,6,0.9817893842880631,0.0,0.9817893842880631,0.9728541883350321,0.017870391905972796,0.009275419758928361,-1468.7092323270667,True,0.0,Greedy-Distance (k=6),Greedy-Distance,False,True,True,False,0.1
15,OC12C=CC3OC1C2O3,15,6,6,0.9771485731294635,0.0,0.9771485731294635,0.9642869162946893,0.0257233136694635,0.009989770035783638,-1539.7034466654081,True,0.0,Greedy-Distance (k=6),Greedy-Distance,False,True,True,False,0.1
16,CCC(COC=N)=NO,19,6,6,0.9871463134211836,0.0,0.9871463134211836,0.9818313187829589,0.01062998927637425,0.007538691940610648,-1737.5095308442717,True,2.617236583821627e-16,Greedy-Distance (k=6),Greedy-Distance,False,True,True,False,0.1
17,N#CC12OCC(O1)C=C2,14,6,6,0.972638104853439,0.0,0.972638104853439,0.9622264052105244,0.020823399285742526,0.01695019550366808,-1500.7105462489424,True,1.5151068006521456e-16,Greedy-Distance (k=6),Greedy-Distance,False,True,True,False,0.1
18,NC(=O)C(=O)C(O)CO,16,6,6,0.9852017865377892,0.0,0.9852017865377892,0.9786351645529778,0.01313324396953899,0.008231591477420261,-1543.56841988232,True,4.4191175301555866e-16,Greedy-Distance (k=6),Greedy-Distance,False,True,True,False,0.1
19,CC1=NCC(O1)C(N)=O,17,6,6,0.9849958203844068,0.0,0.9849958203844068,0.9807787860388558,0.008434068691024305,0.010787145270061473,-1678.2201106753193,True,1.3548501415092854e-16,Greedy-Distance (k=6),Greedy-Distance,False,True,True,False,0.1
0,CC1=C(N)C=NO1,13,6,6,0.9816079139540216,0.0,0.9816079139540216,0.9733263352069367,0.016563157494065794,0.010110507298919482,-1261.5773353406917,True,5.406890304869291e-16,Metropolis-Hastings (k=6),Metropolis-Hastings,False,False,False,True,0.1
1,CC#CC1CC(C)C1O,21,6,6,0.9920040618452228,0.0,0.9920040618452228,0.9871003243757825,0.009807474938815255,0.003092200685353232,-2019.579175708967,True,5.629234005232846e-16,Metropolis-Hastings (k=6),Metropolis-Hastings,False,False,False,True,0.1
2,C1OC11C2C3CN2C13,15,6,6,0.9812163305027032,0.0,0.9812163305027032,0.9733408387044232,0.015750983596468336,0.010908177699039852,-1432.333978567099,True,9.524608597389272e-16,Metropolis-Hastings (k=6),Metropolis-Hastings,False,False,False,True,0.1
3,C1NC2C3COCC12O3,18,6,6,0.9823555416226237,0.0,0.9823555416226237,0.972226292295628,0.020258498653916403,0.007515209050399285,-1709.9491432050593,True,5.318840653167937e-16,Metropolis-Hastings (k=6),Metropolis-Hastings,False,False,False,True,0.1
4,O=C1CC2(CC1O2)C#C,15,6,6,0.9867871524204072,0.0,0.9867871524204072,0.9812745871110651,0.01102513061860095,0.007700282270271539,-1585.2289793332293,True,2.8686540355684697e-16,Metropolis-Hastings (k=6),Metropolis-Hastings,False,False,False,True,0.1
5,CC1N2CC2(C#C)C1=O,16,6,6,0.9941403361478462,0.0,0.9941403361478462,0.988926544213486,0.010427583868639519,0.0006458719178137904,-1638.6151914305615,True,2.7751930609738085e-16,Metropolis-Hastings (k=6),Metropolis-Hastings,False,False,False,True,0.1
6,O=CC1OCC11CCO1,17,6,6,0.9876793365989994,0.0,0.9876793365989994,0.9792307257107451,0.01689722177642914,0.003872052512766112,-1653.7687905893724,True,6.874409431870659e-16,Metropolis-Hastings (k=6),Metropolis-Hastings,False,False,False,True,0.1
7,CC12COCC1(C)C2O,21,6,6,0.9832364684650331,0.0,0.9832364684650331,0.974651302230502,0.017170332468996668,0.008178365300452354,-1980.9096562034208,True,1.1478245599499032e-16,Metropolis-Hastings (k=6),Metropolis-Hastings,False,False,False,True,0.1
8,CNC(=O)CC1CN1,18,6,6,0.9905278391043395,0.0,0.9905278391043395,0.9853264950392198,0.010402688130161169,0.004270816830560354,-1669.6283676037929,True,1.3618220668443674e-16,Metropolis-Hastings (k=6),Metropolis-Hastings,False,False,False,True,0.1
9,CC12C3C(CN13)OC2=O,16,6,6,0.9883001869593292,0.0,0.9883001869593292,0.9795435110028271,0.017513351912922543,0.0029431370841889863,-1618.1339928096172,True,5.62063899413971e-16,Metropolis-Hastings (k=6),Metropolis-Hastings,False,False,False,True,0.1
10,COC12C(C)C1CC2C,23,6,6,0.9893235997450089,0.0,0.9893235997450089,0.984331455525039,0.009984288439878562,0.0056842560350363995,-2142.2303783647435,True,8.491100779432902e-16,Metropolis-Hastings (k=6),Metropolis-Hastings,False,False,False,True,0.1
11,CC1C2CC2(C)C1=NO,20,6,6,0.9850236073638436,0.0,0.9850236073638436,0.9777736459869545,0.014499922753708728,0.007726431259284708,-1884.4887779695775,True,2.4131072373718386e-16,Metropolis-Hastings (k=6),Metropolis-Hastings,False,False,False,True,0.1
12,NC(C#C)(C#N)C1CO1,15,6,6,0.985738447544651,0.0,0.985738447544651,0.9784015218584996,0.014673851372217854,0.006924626769218869,-1522.078526748084,True,0.0,Metropolis-Hastings (k=6),Metropolis-Hastings,False,False,False,True,0.1
13,CCCC1=NC=NN=N1,17,6,6,0.9861983308482006,0.0,0.9861983308482006,0.9817796834221789,0.008837294851962725,0.009383021725797818,-1633.5341333303422,True,1.391912607174382e-16,Metropolis-Hastings (k=6),Metropolis-Hastings,False,False,False,True,0.1
14,O=CC1=CC(=O)C(=O)C1,13,6,6,0.9838524057534929,0.0,0.9838524057534929,0.9757729903286739,0.016158830849548615,0.008068178821710428,-1468.7092323270667,True,1.5481190588211863e-16,Metropolis-Hastings (k=6),Metropolis-Hastings,False,False,False,True,0.1
15,OC12C=CC3OC1C2O3,15,6,6,0.9830096401227802,0.0,0.9830096401227802,0.980494120430459,0.005031039384557891,0.01447484018491951,-1539.7034466654081,True,0.0,Metropolis-Hastings (k=6),Metropolis-Hastings,False,False,False,True,0.1
16,CCC(COC=N)=NO,19,6,6,0.992781220154013,0.0,0.992781220154013,0.987462017772762,0.010638404762426432,0.0018995774647548452,-1737.5095308442717,True,1.3086182919108136e-16,Metropolis-Hastings (k=6),Metropolis-Hastings,False,False,False,True,0.1
17,N#CC12OCC(O1)C=C2,14,6,6,0.9837499129216898,0.0,0.9837499129216898,0.979150987929169,0.009197849984954988,0.011651162085811078,-1500.7105462489424,True,3.030213601304291e-16,Metropolis-Hastings (k=6),Metropolis-Hastings,False,False,False,True,0.1
18,NC(=O)C(=O)C(O)CO,16,6,6,0.9907041104990754,0.0,0.9907041104990754,0.9848311862734802,0.011745848451105744,0.003422965275350635,-1543.56841988232,True,4.4191175301555866e-16,Metropolis-Hastings (k=6),Metropolis-Hastings,False,False,False,True,0.1
19,CC1=NCC(O1)C(N)=O,17,6,6,0.9935057304462216,0.0,0.9935057304462216,0.9900792828646617,0.006852895163040694,0.003067821972238374,-1678.2201106753193,True,1.3548501415092854e-16,Metropolis-Hastings (k=6),Metropolis-Hastings,False,False,False,True,0.1
0,CC1=C(N)C=NO1,13,7,7,0.9429241028909923,0.0,0.9429241028909923,0.9242844354875617,0.037279334806765256,0.03843622970560117,-1261.5773353406917,True,3.6045935365795276e-16,Distance (k=7),Distance,False,False,False,False,0.1
1,CC#CC1CC(C)C1O,21,7,7,0.9798469949170636,0.0,0.9798469949170636,0.9725970185016739,0.014499952830714605,0.012903028667563004,-2019.579175708967,True,5.629234005232846e-16,Distance (k=7),Distance,False,False,False,False,0.1
2,C1OC11C2C3CN2C13,15,7,7,0.9314266153710254,0.0,0.9314266153710254,0.9105401344659791,0.04177296181001235,0.04768690372394826,-1432.333978567099,True,1.587434766231545e-16,Distance (k=7),Distance,False,False,False,False,0.1
3,C1NC2C3COCC12O3,18,7,7,0.9612146741830475,0.0,0.9612146741830475,0.9546424010287741,0.01314454630847318,0.032213052662697604,-1709.9491432050593,True,5.318840653167937e-16,Distance (k=7),Distance,False,False,False,False,0.1
4,O=C1CC2(CC1O2)C#C,15,7,7,0.9720366350136443,0.0,0.9720366350136443,0.9612608690275982,0.021551531972010374,0.01718759900033005,-1585.2289793332293,True,2.8686540355684697e-16,Distance (k=7),Distance,False,False,False,False,0.1
5,CC1N2CC2(C#C)C1=O,16,7,7,0.9452554435922521,0.0,0.9452554435922521,0.9288798915577338,0.03275110406896145,0.03836900437324842,-1638.6151914305615,True,4.162789591460713e-16,Distance (k=7),Distance,False,False,False,False,0.1
6,O=CC1OCC11CCO1,17,7,7,0.9576543307714281,0.0,0.9576543307714281,0.9411628083262314,0.032983044890318745,0.02585414678339385,-1653.7687905893724,True,2.7497637727482635e-16,Distance (k=7),Distance,False,False,False,False,0.1
7,CC12COCC1(C)C2O,21,7,7,0.9767096640113578,0.0,0.9767096640113578,0.9728377715897009,0.007743784843248463,0.019418443567001602,-1980.9096562034208,True,1.1478245599499032e-16,Distance (k=7),Distance,False,False,False,False,0.1
8,CNC(=O)CC1CN1,18,7,7,0.9791117099609034,0.0,0.9791117099609034,0.9678516977972867,0.022520024327157558,0.009628277875499028,-1669.6283676037929,True,0.0,Distance (k=7),Distance,False,False,False,False,0.1
9,CC12C3C(CN13)OC2=O,16,7,7,0.9341668252152817,0.0,0.9341668252152817,0.9227219164513039,0.022889817527878924,0.054388266020759676,-1618.1339928096172,True,5.62063899413971e-16,Distance (k=7),Distance,False,False,False,False,0.1
10,COC12C(C)C1CC2C,23,7,7,0.9682475872321686,0.0,0.9682475872321686,0.9622349378377846,0.012025298788708704,0.025739763373462135,-2142.2303783647435,True,1.0613875974291129e-15,Distance (k=7),Distance,False,False,False,False,0.1
11,CC1C2CC2(C)C1=NO,20,7,7,0.9625330677636225,0.0,0.9625330677636225,0.9499413208809053,0.025183493765368763,0.024875185353676783,-1884.4887779695775,True,3.619660856057758e-16,Distance (k=7),Distance,False,False,False,False,0.1
12,NC(C#C)(C#N)C1CO1,15,7,7,0.9606188156159307,0.0,0.9606188156159307,0.9435991662564428,0.03403929871889336,0.0223615350246021,-1522.078526748084,True,1.4938366940173598e-16,Distance (k=7),Distance,False,False,False,False,0.1
13,CCCC1=NC=NN=N1,17,7,7,0.9729769311763808,0.0,0.9729769311763808,0.9626122318688068,0.020729398615070085,0.016658369516064617,-1633.5341333303422,True,1.391912607174382e-16,Distance (k=7),Distance,False,False,False,False,0.1
14,O=CC1=CC(=O)C(=O)C1,13,7,7,0.9475840828926455,0.0,0.9475840828926455,0.9331376938051992,0.02889277817480599,0.03796952801992991,-1468.7092323270667,True,1.5481190588211863e-16,Distance (k=7),Distance,False,False,False,False,0.1
15,OC12C=CC3OC1C2O3,15,7,7,0.964005291228839,0.0,0.964005291228839,0.9503451870917466,0.027320208274102843,0.02233460463408897,-1539.7034466654081,True,1.476736808868284e-16,Distance (k=7),Distance,False,False,False,False,0.1
16,CCC(COC=N)=NO,19,7,7,0.9685955672933666,0.0,0.9685955672933666,0.955230690484788,0.026729753617085305,0.018039555898072813,-1737.5095308442717,True,2.617236583821627e-16,Distance (k=7),Distance,False,False,False,False,0.1
17,N#CC12OCC(O1)C=C2,14,7,7,0.9492888109847885,0.0,0.9492888109847885,0.9349997042175031,0.028578213534486533,0.0364220822479471,-1500.7105462489424,True,1.5151068006521456e-16,Distance (k=7),Distance,False,False,False,False,0.1
18,NC(=O)C(=O)C(O)CO,16,7,7,0.9705531027236051,0.0,0.9705531027236051,0.959159016093273,0.022788173260582138,0.018052810646083377,-1543.56841988232,True,8.838235060311173e-16,Distance (k=7),Distance,False,False,False,False,0.1
19,CC1=NCC(O1)C(N)=O,17,7,7,0.9700791931193898,0.0,0.9700791931193898,0.9566796682439808,0.02679904975074102,0.016521282005220368,-1678.2201106753193,True,1.3548501415092854e-16,Distance (k=7),Distance,False,False,False,False,0.1
0,CC1=C(N)C=NO1,13,7,7,0.934353908416468,0.7692307692307693,0.8574308314933912,0.9119859129132145,0.044735991006411076,0.04327809608030234,-1261.5773353406917,True,3.6045935365795276e-16,Random (k=7),Random,False,False,False,False,0.1
1,CC#CC1CC(C)C1O,21,7,7,0.9523267488384156,1.2380952380952381,0.8285172250288918,0.9398723505830677,0.024908796510633636,0.03521885290625199,-2019.579175708967,True,5.629234005232846e-16,Random (k=7),Random,False,False,False,False,0.1
2,C1OC11C2C3CN2C13,15,7,7,0.9105455865470365,0.9333333333333333,0.8172122532137032,0.887180545383542,0.04673008232691103,0.06608937228948851,-1432.333978567099,True,1.587434766231545e-16,Random (k=7),Random,False,False,False,False,0.1
3,C1NC2C3COCC12O3,18,7,7,0.930742191467881,0.8888888888888888,0.841853302578992,0.9197505131875106,0.02198335656066981,0.058266130251766496,-1709.9491432050593,True,2.6594203265839683e-16,Random (k=7),Random,False,False,False,False,0.1
4,O=C1CC2(CC1O2)C#C,15,7,7,0.9180354121914412,1.0666666666666667,0.8113687455247746,0.8998454443187377,0.036379935745331715,0.06377461993587388,-1585.2289793332293,True,1.4343270177842348e-16,Random (k=7),Random,False,False,False,False,0.1
5,CC1N2CC2(C#C)C1=O,16,7,7,0.9239767184180693,1.0,0.8239767184180693,0.90723125133354,0.03349093416898536,0.059277814497419826,-1638.6151914305615,True,4.162789591460713e-16,Random (k=7),Random,False,False,False,False,0.1
6,O=CC1OCC11CCO1,17,7,7,0.9202595429533433,1.0588235294117647,0.8143771900121668,0.9023823787170999,0.0357543284724153,0.06186329281043109,-1653.7687905893724,True,1.3748818863741318e-16,Random (k=7),Random,False,False,False,False,0.1
7,CC12COCC1(C)C2O,21,7,7,0.9470266706132673,1.0476190476190477,0.8422647658513625,0.9359972486138921,0.022058843998686926,0.041943907387373545,-1980.9096562034208,True,2.2956491198998065e-16,Random (k=7),Random,False,False,False,False,0.1
8,CNC(=O)CC1CN1,18,7,7,0.9477670670304463,1.0,0.8477670670304464,0.9341373112525251,0.02725951155576733,0.03860317719165123,-1669.6283676037929,True,0.0,Random (k=7),Random,False,False,False,False,0.1
9,CC12C3C(CN13)OC2=O,16,7,7,0.9131130620153657,0.875,0.8256130620153657,0.8925367586849755,0.041152606660706186,0.0663106346542628,-1618.1339928096172,True,4.2154792456047825e-16,Random (k=7),Random,False,False,False,False,0.1
10,COC12C(C)C1CC2C,23,7,7,0.9539009205165473,1.2173913043478262,0.8321617900817646,0.938485258285543,0.030831324461950325,0.030683417252463006,-2142.2303783647435,True,8.491100779432902e-16,Random (k=7),Random,False,False,False,False,0.1
11,CC1C2CC2(C)C1=NO,20,7,7,0.9513870877756455,0.9,0.8613870877756455,0.9315596841482693,0.03965480725468788,0.028785508596994483,-1884.4887779695775,True,3.619660856057758e-16,Random (k=7),Random,False,False,False,False,0.1
12,NC(C#C)(C#N)C1CO1,15,7,7,0.9451749215266254,1.0666666666666667,0.8385082548599587,0.9302281593617913,0.029893524329588632,0.0398783163085603,-1522.078526748084,True,0.0,Random (k=7),Random,False,False,False,False,0.1
13,CCCC1=NC=NN=N1,17,7,7,0.9537629338167731,1.0588235294117647,0.8478805808755967,0.9399810953545091,0.0275636769244523,0.03245522772098166,-1633.5341333303422,True,1.391912607174382e-16,Random (k=7),Random,False,False,False,False,0.1
14,O=CC1=CC(=O)C(=O)C1,13,7,7,0.9350720674811527,0.46153846153846156,0.8889182213273066,0.9112297050766526,0.04768472480891548,0.04108557011436843,-1468.7092323270667,True,1.5481190588211863e-16,Random (k=7),Random,False,False,False,False,0.1
15,OC12C=CC3OC1C2O3,15,7,7,0.937234513870442,1.0666666666666667,0.8305678472037753,0.9223260642306558,0.029816899279492985,0.047857036489791574,-1539.7034466654081,True,1.476736808868284e-16,Random (k=7),Random,False,False,False,False,0.1
16,CCC(COC=N)=NO,19,7,7,0.9402863187376443,1.1578947368421053,0.8244968450534338,0.9180978248491202,0.04437698777697904,0.037525187373848794,-1737.5095308442717,True,0.0,Random (k=7),Random,False,False,False,False,0.1
17,N#CC12OCC(O1)C=C2,14,7,7,0.9036415027780582,0.8571428571428571,0.8179272170637725,0.8854398476861983,0.03640331018363992,0.07815684213010192,-1500.7105462489424,True,1.5151068006521456e-16,Random (k=7),Random,False,False,False,False,0.1
18,NC(=O)C(=O)C(O)CO,16,7,7,0.9535825972616448,0.875,0.8660825972616448,0.9385820646118925,0.03000106529942382,0.03141687008862314,-1543.56841988232,True,5.892156706874115e-16,Random (k=7),Random,False,False,False,False,0.1
19,CC1=NCC(O1)C(N)=O,17,7,7,0.9361629194414881,1.0588235294117647,0.8302805665003117,0.917625403187544,0.03707503250781361,0.04529956430458665,-1678.2201106753193,True,2.709700283018571e-16,Random (k=7),Random,False,False,False,False,0.1
0,CC1=C(N)C=NO1,13,7,7,0.9714937790968919,0.0,0.9714937790968919,0.9653458852952288,0.012295787603223878,0.022358327101470683,-1261.5773353406917,True,5.406890304869291e-16,Greedy-Random (k=7),Greedy-Random,True,False,True,False,0.1
1,CC#CC1CC(C)C1O,21,7,7,0.9840244250671085,0.42857142857142855,0.9411672822099657,0.9787227854931945,0.010603279147763418,0.010673935358993459,-2019.579175708967,True,5.629234005232846e-16,Greedy-Random (k=7),Greedy-Random,True,False,True,False,0.1
2,C1OC11C2C3CN2C13,15,7,7,0.9671859597686264,0.13333333333333333,0.9538526264352931,0.9440339661307974,0.0463039872755726,0.009662046593566,-1432.333978567099,True,0.0,Greedy-Random (k=7),Greedy-Random,True,False,True,False,0.1
3,C1NC2C3COCC12O3,18,7,7,0.9657876024707188,0.1111111111111111,0.9546764913596077,0.9532120476099988,0.02515110972136632,0.02163684266857965,-1709.9491432050593,True,3.989130489875952e-16,Greedy-Random (k=7),Greedy-Random,True,False,True,False,0.1
4,O=C1CC2(CC1O2)C#C,15,7,7,0.9764047061183768,0.0,0.9764047061183768,0.968924849273703,0.014959713689266421,0.016115437036969545,-1585.2289793332293,True,2.8686540355684697e-16,Greedy-Random (k=7),Greedy-Random,True,False,True,False,0.1
5,CC1N2CC2(C#C)C1=O,16,7,7,0.9688746126339062,0.25,0.9438746126339062,0.9562967492121321,0.025155726843471372,0.018547523944338926,-1638.6151914305615,True,2.7751930609738085e-16,Greedy-Random (k=7),Greedy-Random,True,False,True,False,0.1
6,O=CC1OCC11CCO1,17,7,7,0.9749896883377162,0.23529411764705882,0.9514602765730102,0.9601307890173447,0.02971779864066681,0.010151412341931504,-1653.7687905893724,True,4.1246456591223956e-16,Greedy-Random (k=7),Greedy-Random,True,False,True,False,0.1
7,CC12COCC1(C)C2O,21,7,7,0.983173909827415,0.38095238095238093,0.945078671732177,0.9766508543608137,0.013046110933136647,0.010303034706000226,-1980.9096562034208,True,2.2956491198998065e-16,Greedy-Random (k=7),Greedy-Random,True,False,True,False,0.1
8,CNC(=O)CC1CN1,18,7,7,0.9696161924769658,0.2777777777777778,0.941838414699188,0.951407548676016,0.03641728760182411,0.012175163722103054,-1669.6283676037929,True,0.0,Greedy-Random (k=7),Greedy-Random,True,False,True,False,0.1
9,CC12C3C(CN13)OC2=O,16,7,7,0.962105889674343,0.25,0.9371058896743429,0.9419630007781312,0.04028577779234724,0.017751221429464174,-1618.1339928096172,True,2.810319497069855e-16,Greedy-Random (k=7),Greedy-Random,True,False,True,False,0.1
10,COC12C(C)C1CC2C,23,7,7,0.978439174031724,0.43478260869565216,0.9349609131621588,0.9703793572508542,0.01611963356167948,0.013501009187421153,-2142.2303783647435,True,8.491100779432902e-16,Greedy-Random (k=7),Greedy-Random,True,False,True,False,0.1
11,CC1C2CC2(C)C1=NO,20,7,7,0.9748081041365849,0.3,0.9448081041365849,0.9671547288858453,0.01530675050141073,0.01753852061269266,-1884.4887779695775,True,3.619660856057758e-16,Greedy-Random (k=7),Greedy-Random,True,False,True,False,0.1
12,NC(C#C)(C#N)C1CO1,15,7,7,0.969628971816066,0.13333333333333333,0.9562956384827327,0.9637158959111545,0.011826151809739215,0.02445795227904357,-1522.078526748084,True,1.4938366940173598e-16,Greedy-Random (k=7),Greedy-Random,True,False,True,False,0.1
13,CCCC1=NC=NN=N1,17,7,7,0.9764039491322714,0.35294117647058826,0.9411098314852125,0.9648456832788509,0.02311653170676307,0.012037785014327604,-1633.5341333303422,True,1.391912607174382e-16,Greedy-Random (k=7),Greedy-Random,True,False,True,False,0.1
14,O=CC1=CC(=O)C(=O)C1,13,7,7,0.968470719864646,0.0,0.968470719864646,0.9567794850126282,0.02338246970394893,0.019838045283358086,-1468.7092323270667,True,3.0962381176423727e-16,Greedy-Random (k=7),Greedy-Random,True,False,True,False,0.1
15,OC12C=CC3OC1C2O3,15,7,7,0.9762378833292399,0.26666666666666666,0.9495712166625733,0.9707519280947186,0.010971910468958809,0.01827616143625984,-1539.7034466654081,True,1.476736808868284e-16,Greedy-Random (k=7),Greedy-Random,True,False,True,False,0.1
16,CCC(COC=N)=NO,19,7,7,0.9799994021590935,0.3157894736842105,0.9484204547906725,0.9711397608404932,0.017719282637126712,0.011140956522324672,-1737.5095308442717,True,2.617236583821627e-16,Greedy-Random (k=7),Greedy-Random,True,False,True,False,0.1
17,N#CC12OCC(O1)C=C2,14,7,7,0.9766242809017207,0.14285714285714285,0.9623385666160065,0.9663824720814889,0.020483617640376334,0.013133910278069186,-1500.7105462489424,True,3.030213601304291e-16,Greedy-Random (k=7),Greedy-Random,True,False,True,False,0.1
18,NC(=O)C(=O)C(O)CO,16,7,7,0.987094537146232,0.25,0.9620945371462319,0.980065741140315,0.01405759201175025,0.005876666847871845,-1543.56841988232,True,5.892156706874115e-16,Greedy-Random (k=7),Greedy-Random,True,False,True,False,0.1
19,CC1=NCC(O1)C(N)=O,17,7,7,0.9912969619944492,0.11764705882352941,0.9795322561120963,0.988339142815236,0.005915638358347148,0.005745218826357506,-1678.2201106753193,True,0.0,Greedy-Random (k=7),Greedy-Random,True,False,True,False,0.1
0,CC1=C(N)C=NO1,13,7,7,0.9563428934528376,0.0,0.9563428934528376,0.9432244139178171,0.026236959069940568,0.030538627012166985,-1261.5773353406917,True,1.8022967682897638e-16,Greedy-Distance (k=7),Greedy-Distance,False,True,True,False,0.1
1,CC#CC1CC(C)C1O,21,7,7,0.9822016265939397,0.0,0.9822016265939397,0.976034853545412,0.01233354609699092,0.011631600357548637,-2019.579175708967,True,5.629234005232846e-16,Greedy-Distance (k=7),Greedy-Distance,False,True,True,False,0.1
2,C1OC11C2C3CN2C13,15,7,7,0.9827134359964801,0.0,0.9827134359964801,0.9679363675617123,0.02955413686944482,0.002509495568774959,-1432.333978567099,True,0.0,Greedy-Distance (k=7),Greedy-Distance,False,True,True,False,0.1
3,C1NC2C3COCC12O3,18,7,7,0.9714652013137653,0.0,0.9714652013137653,0.9601569844254961,0.022616433776464336,0.017226581797983986,-1709.9491432050593,True,3.989130489875952e-16,Greedy-Distance (k=7),Greedy-Distance,False,True,True,False,0.1
4,O=C1CC2(CC1O2)C#C,15,7,7,0.9864819165126834,0.0,0.9864819165126834,0.977803908232731,0.017356016559821302,0.004840075207385084,-1585.2289793332293,True,1.4343270177842348e-16,Greedy-Distance (k=7),Greedy-Distance,False,True,True,False,0.1
5,CC1N2CC2(C#C)C1=O,16,7,7,0.9703830506971349,0.0,0.9703830506971349,0.9589295042747659,0.02290709284465953,0.018163402880515635,-1638.6151914305615,True,4.162789591460713e-16,Greedy-Distance (k=7),Greedy-Distance,False,True,True,False,0.1
6,O=CC1OCC11CCO1,17,7,7,0.9749437202528596,0.0,0.9749437202528596,0.9607143076429365,0.028458825219769213,0.01082686713723659,-1653.7687905893724,True,5.499527545496527e-16,Greedy-Distance (k=7),Greedy-Distance,False,True,True,False,0.1
7,CC12COCC1(C)C2O,21,7,7,0.9798973014587391,0.0,0.9798973014587391,0.9767327981745071,0.006329006568398187,0.016938195257045388,-1980.9096562034208,True,3.4434736798497097e-16,Greedy-Distance (k=7),Greedy-Distance,False,True,True,False,0.1
8,CNC(=O)CC1CN1,18,7,7,0.9863196176069623,0.0,0.9863196176069623,0.9770229630705973,0.01859330907265299,0.0043837278566921335,-1669.6283676037929,True,0.0,Greedy-Distance (k=7),Greedy-Distance,False,True,True,False,0.1
9,CC12C3C(CN13)OC2=O,16,7,7,0.9685693728186324,0.0,0.9685693728186324,0.9538155286463297,0.029507688344525503,0.0166767830090849,-1618.1339928096172,True,4.2154792456047825e-16,Greedy-Distance (k=7),Greedy-Distance,False,True,True,False,0.1
10,COC12C(C)C1CC2C,23,7,7,0.9734472663145736,0.0,0.9734472663145736,0.9656734441982374,0.01554764423261276,0.01877891156910521,-2142.2303783647435,True,8.491100779432902e-16,Greedy-Distance (k=7),Greedy-Distance,False,True,True,False,0.1
11,CC1C2CC2(C)C1=NO,20,7,7,0.9866163205156169,0.0,0.9866163205156169,0.9800820084939634,0.013068624043237019,0.006849367462747135,-1884.4887779695775,True,7.239321712115516e-16,Greedy-Distance (k=7),Greedy-Distance,False,True,True,False,0.1
12,NC(C#C)(C#N)C1CO1,15,7,7,0.9797218741051411,0.0,0.9797218741051411,0.9670025672728579,0.025438613664480133,0.007558819062597225,-1522.078526748084,True,1.4938366940173598e-16,Greedy-Distance (k=7),Greedy-Distance,False,True,True,False,0.1
13,CCCC1=NC=NN=N1,17,7,7,0.9794558130850035,0.0,0.9794558130850035,0.9734685171643199,0.011974591841287284,0.01455689099433293,-1633.5341333303422,True,1.391912607174382e-16,Greedy-Distance (k=7),Greedy-Distance,False,True,True,False,0.1
14,O=CC1=CC(=O)C(=O)C1,13,7,7,0.9545307801810644,0.0,0.9545307801810644,0.941888172995029,0.02528521437198483,0.03282661263292152,-1468.7092323270667,True,3.0962381176423727e-16,Greedy-Distance (k=7),Greedy-Distance,False,True,True,False,0.1
15,OC12C=CC3OC1C2O3,15,7,7,0.978650881091499,0.0,0.978650881091499,0.9733552586173654,0.010591244948183816,0.016053496434388175,-1539.7034466654081,True,1.476736808868284e-16,Greedy-Distance (k=7),Greedy-Distance,False,True,True,False,0.1
16,CCC(COC=N)=NO,19,7,7,0.9863088946127238,0.0,0.9863088946127238,0.9811268585047691,0.010364072215833726,0.008509069279340462,-1737.5095308442717,True,3.92585487573244e-16,Greedy-Distance (k=7),Greedy-Distance,False,True,True,False,0.1
17,N#CC12OCC(O1)C=C2,14,7,7,0.9789302781900281,0.0,0.9789302781900281,0.9697055972471156,0.018449361885738383,0.011845040867081005,-1500.7105462489424,True,1.5151068006521456e-16,Greedy-Distance (k=7),Greedy-Distance,False,True,True,False,0.1
18,NC(=O)C(=O)C(O)CO,16,7,7,0.9774511910629977,0.0,0.9774511910629977,0.9712475168118273,0.012407348502256924,0.016345134685852768,-1543.56841988232,True,7.365195883592644e-16,Greedy-Distance (k=7),Greedy-Distance,False,True,True,False,0.1
19,CC1=NCC(O1)C(N)=O,17,7,7,0.9850844654646641,0.0,0.9850844654646641,0.9811891282807602,0.007790674367729461,0.011020197351451648,-1678.2201106753193,True,1.3548501415092854e-16,Greedy-Distance (k=7),Greedy-Distance,False,True,True,False,0.1
0,CC1=C(N)C=NO1,13,7,7,0.9758051842126618,0.0,0.9758051842126618,0.9670803201650415,0.01744972809513775,0.015469951739743523,-1261.5773353406917,True,5.406890304869291e-16,Metropolis-Hastings (k=7),Metropolis-Hastings,False,False,False,True,0.1
1,CC#CC1CC(C)C1O,21,7,7,0.9810137067807028,0.0,0.9810137067807028,0.9755129308994119,0.011001551762517445,0.01348551733802242,-2019.579175708967,True,1.1258468010465694e-16,Metropolis-Hastings (k=7),Metropolis-Hastings,False,False,False,True,0.1
2,C1OC11C2C3CN2C13,15,7,7,0.9827134359964801,0.0,0.9827134359964801,0.9679363675617123,0.02955413686944482,0.002509495568774959,-1432.333978567099,True,0.0,Metropolis-Hastings (k=7),Metropolis-Hastings,False,False,False,True,0.1
3,C1NC2C3COCC12O3,18,7,7,0.9877021367667252,0.0,0.9877021367667252,0.9838411301210294,0.0077220132913142425,0.008436856587598322,-1709.9491432050593,True,3.989130489875952e-16,Metropolis-Hastings (k=7),Metropolis-Hastings,False,False,False,True,0.1
4,O=C1CC2(CC1O2)C#C,15,7,7,0.9821728884402777,0.0,0.9821728884402777,0.9731006538813632,0.018144469117746274,0.008754877000828281,-1585.2289793332293,True,2.8686540355684697e-16,Metropolis-Hastings (k=7),Metropolis-Hastings,False,False,False,True,0.1
5,CC1N2CC2(C#C)C1=O,16,7,7,0.9839982968663495,0.0,0.9839982968663495,0.9747055635764821,0.01858546657965423,0.006708969843803214,-1638.6151914305615,True,4.162789591460713e-16,Metropolis-Hastings (k=7),Metropolis-Hastings,False,False,False,True,0.1
6,O=CC1OCC11CCO1,17,7,7,0.9749437202528596,0.0,0.9749437202528596,0.9607143076429365,0.028458825219769213,0.01082686713723659,-1653.7687905893724,True,5.499527545496527e-16,Metropolis-Hastings (k=7),Metropolis-Hastings,False,False,False,True,0.1
7,CC12COCC1(C)C2O,21,7,7,0.9790696112261452,0.0,0.9790696112261452,0.9730508406969258,0.012037541058373234,0.014911618244651644,-1980.9096562034208,True,2.2956491198998065e-16,Metropolis-Hastings (k=7),Metropolis-Hastings,False,False,False,True,0.1
8,CNC(=O)CC1CN1,18,7,7,0.9889682417114085,0.0,0.9889682417114085,0.9846158753038784,0.008704732814982128,0.006679391881080962,-1669.6283676037929,True,0.0,Metropolis-Hastings (k=7),Metropolis-Hastings,False,False,False,True,0.1
9,CC12C3C(CN13)OC2=O,16,7,7,0.9909197098220696,0.0,0.9909197098220696,0.9844468447175637,0.012945730208930101,0.0026074250734449776,-1618.1339928096172,True,4.2154792456047825e-16,Metropolis-Hastings (k=7),Metropolis-Hastings,False,False,False,True,0.1
10,COC12C(C)C1CC2C,23,7,7,0.9756154411823724,0.0,0.9756154411823724,0.9676611307198595,0.015908620924965953,0.01643024835512952,-2142.2303783647435,True,8.491100779432902e-16,Metropolis-Hastings (k=7),Metropolis-Hastings,False,False,False,True,0.1
11,CC1C2CC2(C)C1=NO,20,7,7,0.9841053147913522,0.0,0.9841053147913522,0.9758097781282079,0.01659107332621865,0.007599148545521023,-1884.4887779695775,True,4.826214474743677e-16,Metropolis-Hastings (k=7),Metropolis-Hastings,False,False,False,True,0.1
12,NC(C#C)(C#N)C1CO1,15,7,7,0.982639246132539,0.0,0.982639246132539,0.9767995311259918,0.011679430013008902,0.011521038860935267,-1522.078526748084,True,0.0,Metropolis-Hastings (k=7),Metropolis-Hastings,False,False,False,True,0.1
13,CCCC1=NC=NN=N1,17,7,7,0.98357444656877,0.0,0.98357444656877,0.9774039580171526,0.012340977103154505,0.010255064879632514,-1633.5341333303422,True,1.391912607174382e-16,Metropolis-Hastings (k=7),Metropolis-Hastings,False,False,False,True,0.1
14,O=CC1=CC(=O)C(=O)C1,13,7,7,0.9776471468119414,0.0,0.9776471468119414,0.9682356836892922,0.018822926245208496,0.01294139006543196,-1468.7092323270667,True,1.5481190588211863e-16,Metropolis-Hastings (k=7),Metropolis-Hastings,False,False,False,True,0.1
15,OC12C=CC3OC1C2O3,15,7,7,0.9820943311603854,0.0,0.9820943311603854,0.9722604726377789,0.019667717045128843,0.008071810317029244,-1539.7034466654081,True,1.476736808868284e-16,Metropolis-Hastings (k=7),Metropolis-Hastings,False,False,False,True,0.1
16,CCC(COC=N)=NO,19,7,7,0.985229792702925,0.0,0.985229792702925,0.9762372668107892,0.01798505178419667,0.005777681404957993,-1737.5095308442717,True,0.0,Metropolis-Hastings (k=7),Metropolis-Hastings,False,False,False,True,0.1
17,N#CC12OCC(O1)C=C2,14,7,7,0.981467781919716,0.0,0.981467781919716,0.9736735322104408,0.01558849941846283,0.010737968371030708,-1500.7105462489424,True,3.030213601304291e-16,Metropolis-Hastings (k=7),Metropolis-Hastings,False,False,False,True,0.1
18,NC(=O)C(=O)C(O)CO,16,7,7,0.9750231717040795,0.0,0.9750231717040795,0.9622856619651193,0.025475019477838277,0.012239318556980947,-1543.56841988232,True,5.892156706874115e-16,Metropolis-Hastings (k=7),Metropolis-Hastings,False,False,False,True,0.1
19,CC1=NCC(O1)C(N)=O,17,7,7,0.989526339694787,0.0,0.989526339694787,0.9842342037545939,0.010584271880307125,0.005181524365039869,-1678.2201106753193,True,1.3548501415092854e-16,Metropolis-Hastings (k=7),Metropolis-Hastings,False,False,False,True,0.1
